"Path","Line","Symbol","Flags"
"include/SimdLib/Api.h","100","load","SIMD_FLAGS(Out, RegisterOnly, ForceInline, Flatten)"
"include/SimdLib/Api.h","110","load","SIMD_FLAGS(Out, RegisterOnly, ForceInline, Flatten)"
"include/SimdLib/Api.h","116","load_aligned","SIMD_FLAGS(Out, RegisterOnly, ForceInline, Flatten)"
"include/SimdLib/Api.h","123","load_unaligned","SIMD_FLAGS(Out, RegisterOnly, ForceInline, Flatten)"
"include/SimdLib/Api.h","134","load_partial","SIMD_FLAGS(Out, RegisterOnly, ForceInline, Flatten)"
"include/SimdLib/Api.h","157","load_unsafe","SIMD_FLAGS(Out, RegisterOnly, ForceInline, Flatten)"
"include/SimdLib/Api.h","210","construct","SIMD_FLAGS(Out, RegisterOnly, ForceInline, Flatten)"
"include/SimdLib/Api.h","235","setzero","SIMD_FLAGS(Out, RegisterOnly, ForceInline, Flatten)"
"include/SimdLib/Api.h","245","set1","SIMD_FLAGS(Out, RegisterOnly, ForceInline, Flatten)"
"include/SimdLib/Api.h","257","set","SIMD_FLAGS(Out, RegisterOnly, ForceInline, Flatten)"
"include/SimdLib/Api.h","269","set_partial","SIMD_FLAGS(Out, RegisterOnly, ForceInline, Flatten)"
"include/SimdLib/Api.h","284","setr","SIMD_FLAGS(Out, RegisterOnly, ForceInline, Flatten)"
"include/SimdLib/Api.h","296","setr_partial","SIMD_FLAGS(Out, RegisterOnly, ForceInline, Flatten)"
"include/SimdLib/Api.h","311","multiply_add","SIMD_FLAGS(InOut, RegisterOnly, ForceInline, Flatten)"
"include/SimdLib/Api.h","328","widen","SIMD_FLAGS(InOut, RegisterOnly, ForceInline, Flatten)"
"include/SimdLib/Api.h","340","modulus","SIMD_FLAGS(InOut, RegisterOnly, ForceInline, Flatten)"
"include/SimdLib/Api.h","350","negate","SIMD_FLAGS(InOut, RegisterOnly, ForceInline, Flatten)"
"include/SimdLib/Api.h","360","absolute","SIMD_FLAGS(InOut, RegisterOnly, ForceInline, Flatten)"
"include/SimdLib/Api.h","370","sqrt","SIMD_FLAGS(InOut, RegisterOnly, ForceInline, Flatten)"
"include/SimdLib/Api.h","380","magnitude","SIMD_FLAGS(InOut, RegisterOnly, ForceInline, Flatten)"
"include/SimdLib/Api.h","390","magnitude_checked","SIMD_FLAGS(InOut, RegisterOnly, ForceInline, Flatten)"
"include/SimdLib/Api.h","400","normalize","SIMD_FLAGS(InOut, RegisterOnly, ForceInline, Flatten)"
"include/SimdLib/Api.h","411","avg","SIMD_FLAGS(InOut, RegisterOnly, ForceInline, Flatten)"
"include/SimdLib/Api.h","422","add_horizontal","SIMD_FLAGS(InOut, RegisterOnly, ForceInline, Flatten)"
"include/SimdLib/Api.h","433","subtract_horizontal","SIMD_FLAGS(InOut, RegisterOnly, ForceInline, Flatten)"
"include/SimdLib/Api.h","444","multiply_add_adjacent","SIMD_FLAGS(InOut, RegisterOnly, ForceInline, Flatten)"
"include/SimdLib/Api.h","455","multiply_add_unsigned_signed_bytes","SIMD_FLAGS(InOut, RegisterOnly, ForceInline, Flatten)"
"include/SimdLib/Api.h","466","sum_absolute_byte_differences","SIMD_FLAGS(InOut, RegisterOnly, ForceInline, Flatten)"
"include/SimdLib/Api.h","479","multi_sum_absolute_byte_differences","SIMD_FLAGS(InOut, RegisterOnly, ForceInline, Flatten)"
"include/SimdLib/Api.h","489","min_position","SIMD_FLAGS(In, RegisterOnly, ForceInline, Flatten)"
"include/SimdLib/Api.h","502","max_position","SIMD_FLAGS(In, RegisterOnly, ForceInline, Flatten)"
"include/SimdLib/Api.h","524","add_saturated","SIMD_FLAGS(InOut, RegisterOnly, ForceInline, Flatten)"
"include/SimdLib/Api.h","535","subtract_saturated","SIMD_FLAGS(InOut, RegisterOnly, ForceInline, Flatten)"
"include/SimdLib/Api.h","546","hadd_saturated","SIMD_FLAGS(InOut, RegisterOnly, ForceInline, Flatten)"
"include/SimdLib/Api.h","557","hsubtract_saturated","SIMD_FLAGS(InOut, RegisterOnly, ForceInline, Flatten)"
"include/SimdLib/Api.h","568","add_subtract","SIMD_FLAGS(InOut, RegisterOnly, ForceInline, Flatten)"
"include/SimdLib/Api.h","581","dot_product","SIMD_FLAGS(In, RegisterOnly, ForceInline, Flatten)"
"include/SimdLib/Api.h","596","bitwise_and","SIMD_FLAGS(InOut, RegisterOnly, ForceInline, Flatten)"
"include/SimdLib/Api.h","610","bitwise_or","SIMD_FLAGS(InOut, RegisterOnly, ForceInline, Flatten)"
"include/SimdLib/Api.h","624","bitwise_xor","SIMD_FLAGS(InOut, RegisterOnly, ForceInline, Flatten)"
"include/SimdLib/Api.h","638","bitwise_andnot","SIMD_FLAGS(InOut, RegisterOnly, ForceInline, Flatten)"
"include/SimdLib/Api.h","651","bitwise_not","SIMD_FLAGS(InOut, RegisterOnly, ForceInline, Flatten)"
"include/SimdLib/Api.h","670","select","SIMD_FLAGS(InOut, RegisterOnly, ForceInline, Flatten)"
"include/SimdLib/Api.h","690","movemask","SIMD_FLAGS(In, RegisterOnly, ForceInline, Flatten)"
"include/SimdLib/Api.h","704","movemask_slim","SIMD_FLAGS(In, RegisterOnly, ForceInline, Flatten)"
"include/SimdLib/Api.h","723","compare_equal","SIMD_FLAGS(InOut, RegisterOnly, ForceInline, Flatten)"
"include/SimdLib/Api.h","736","compare_greater","SIMD_FLAGS(InOut, RegisterOnly, ForceInline, Flatten)"
"include/SimdLib/Api.h","749","compare_greater_equal","SIMD_FLAGS(InOut, RegisterOnly, ForceInline, Flatten)"
"include/SimdLib/Api.h","762","compare_less","SIMD_FLAGS(InOut, RegisterOnly, ForceInline, Flatten)"
"include/SimdLib/Api.h","775","compare_less_equal","SIMD_FLAGS(InOut, RegisterOnly, ForceInline, Flatten)"
"include/SimdLib/Api.h","792","cmp_eq_mask","SIMD_FLAGS(In, RegisterOnly, ForceInline, Flatten)"
"include/SimdLib/Api.h","802","cmp_gt_mask","SIMD_FLAGS(In, RegisterOnly, ForceInline, Flatten)"
"include/SimdLib/Api.h","812","cmp_ge_mask","SIMD_FLAGS(In, RegisterOnly, ForceInline, Flatten)"
"include/SimdLib/Api.h","822","cmp_lt_mask","SIMD_FLAGS(In, RegisterOnly, ForceInline, Flatten)"
"include/SimdLib/Api.h","832","cmp_le_mask","SIMD_FLAGS(In, RegisterOnly, ForceInline, Flatten)"
"include/SimdLib/Api.h","846","cmp_eq_slim","SIMD_FLAGS(In, RegisterOnly, ForceInline, Flatten)"
"include/SimdLib/Api.h","856","cmp_gt_slim","SIMD_FLAGS(In, RegisterOnly, ForceInline, Flatten)"
"include/SimdLib/Api.h","866","cmp_ge_slim","SIMD_FLAGS(In, RegisterOnly, ForceInline, Flatten)"
"include/SimdLib/Api.h","876","cmp_lt_slim","SIMD_FLAGS(In, RegisterOnly, ForceInline, Flatten)"
"include/SimdLib/Api.h","886","cmp_le_slim","SIMD_FLAGS(In, RegisterOnly, ForceInline, Flatten)"
"include/SimdLib/Api.h","899","cmp_eq","SIMD_FLAGS(In, RegisterOnly, ForceInline, Flatten)"
"include/SimdLib/Api.h","908","cmp_gt","SIMD_FLAGS(In, RegisterOnly, ForceInline, Flatten)"
"include/SimdLib/Api.h","917","cmp_ge","SIMD_FLAGS(In, RegisterOnly, ForceInline, Flatten)"
"include/SimdLib/Api.h","926","cmp_lt","SIMD_FLAGS(In, RegisterOnly, ForceInline, Flatten)"
"include/SimdLib/Api.h","935","cmp_le","SIMD_FLAGS(In, RegisterOnly, ForceInline, Flatten)"
"include/SimdLib/Api.h","951","expand","SIMD_FLAGS(InOut, RegisterOnly, ForceInline, Flatten)"
"include/SimdLib/Api.h","962","compress","SIMD_FLAGS(InOut, RegisterOnly, ForceInline, Flatten)"
"include/SimdLib/Api.h","974","extract","SIMD_FLAGS(In, RegisterOnly, ForceInline, Flatten)"
"include/SimdLib/Api.h","1000","lower_half","SIMD_FLAGS(InOut, RegisterOnly, ForceInline, Flatten)"
"include/SimdLib/Api.h","1016","insert","SIMD_FLAGS(InOut, RegisterOnly, ForceInline, Flatten)"
"include/SimdLib/Api.h","1046","unpack_lo","SIMD_FLAGS(InOut, RegisterOnly, ForceInline, Flatten)"
"include/SimdLib/Api.h","1059","unpack_hi","SIMD_FLAGS(InOut, RegisterOnly, ForceInline, Flatten)"
"include/SimdLib/Api.h","1074","shuffle","SIMD_FLAGS(InOut, RegisterOnly, ForceInline, Flatten)"
"include/SimdLib/Api.h","1088","shuffle","SIMD_FLAGS(Out, RegisterOnly, ForceInline, Flatten)"
"include/SimdLib/Api.h","1114","shuffle_lo","SIMD_FLAGS(InOut, RegisterOnly, ForceInline, Flatten)"
"include/SimdLib/Api.h","1130","shuffle_lo_slow","SIMD_FLAGS(Out, RegisterOnly, ForceInline, Flatten)"
"include/SimdLib/Api.h","1142","shuffle_hi","SIMD_FLAGS(InOut, RegisterOnly, ForceInline, Flatten)"
"include/SimdLib/Api.h","1158","shuffle_hi_slow","SIMD_FLAGS(Out, RegisterOnly, ForceInline, Flatten)"
"include/SimdLib/Api.h","1175","blend","SIMD_FLAGS(InOut, RegisterOnly, ForceInline, Flatten)"
"include/SimdLib/Api.h","1188","blend","SIMD_FLAGS(Out, RegisterOnly, ForceInline, Flatten)"
"include/SimdLib/Api.h","1217","shift_left","SIMD_FLAGS(InOut, RegisterOnly, ForceInline, Flatten)"
"include/SimdLib/Api.h","1232","shift_right","SIMD_FLAGS(InOut, RegisterOnly, ForceInline, Flatten)"
"include/SimdLib/Api.h","1247","shift_right_arithmetic","SIMD_FLAGS(InOut, RegisterOnly, ForceInline, Flatten)"
"include/SimdLib/Api.h","1269","byte_shift_left_slow","SIMD_FLAGS(InOut, RegisterOnly, ForceInline, Flatten)"
"include/SimdLib/Api.h","1289","byte_shift_right_slow","SIMD_FLAGS(InOut, RegisterOnly, ForceInline, Flatten)"
"include/SimdLib/Api.h","1303","bit_shift_left_slow","SIMD_FLAGS(InOut, RegisterOnly, ForceInline, Flatten)"
"include/SimdLib/Api.h","1313","bit_shift_left","SIMD_FLAGS(InOut, RegisterOnly, ForceInline, Flatten)"
"include/SimdLib/Api.h","1328","bit_shift_right_slow","SIMD_FLAGS(InOut, RegisterOnly, ForceInline, Flatten)"
"include/SimdLib/Api.h","1338","bit_shift_right","SIMD_FLAGS(InOut, RegisterOnly, ForceInline, Flatten)"
"include/SimdLib/Api.h","1357","bit_cast","SIMD_FLAGS(In, RegisterOnly, ForceInline, Flatten)"
"include/SimdLib/Api.h","1369","convert_to_float","SIMD_FLAGS(InOut, RegisterOnly, ForceInline, Flatten)"
"include/SimdLib/Api.h","1394","convert_to_int","SIMD_FLAGS(InOut, RegisterOnly, ForceInline, Flatten)"
"include/SimdLib/Api.h","1413","convert","SIMD_FLAGS(InOut, RegisterOnly, ForceInline, Flatten)"
"include/SimdLib/Api.h","1429","convert","SIMD_FLAGS(In, RegisterOnly, ForceInline, Flatten)"
"include/SimdLib/Api.h","2190","TransformForMaxPosition","SIMD_FLAGS(InOut, RegisterOnly, ForceInline, Flatten)"
"include/SimdLib/Detail/Extensions.h","316","register_blend_bytes","SIMD_FLAGS(InOut, RegisterOnly, ForceInline)"
"include/SimdLib/Detail/Extensions.h","386","register_shuffle_32_slow","SIMD_FLAGS(InOut, RegisterOnly, ForceInline)"
"include/SimdLib/Detail/Extensions.h","426","register_shuffle_half_16_slow","SIMD_FLAGS(InOut, RegisterOnly, ForceInline)"
"include/SimdLib/Detail/Extensions.h","488","_ext128_clamp_byte_shift_count","SIMD_FLAGS(Neither, RegisterOnly, ForceInline)"
"include/SimdLib/Detail/Extensions.h","499","_ext128_broadcast_byte_shift_count","SIMD_FLAGS(Out, RegisterOnly, ForceInline)"
"include/SimdLib/Detail/Extensions.h","516","_ext128_byte_shift_left_slow","SIMD_FLAGS(InOut, RegisterOnly, ForceInline, Flatten)"
"include/SimdLib/Detail/Extensions.h","536","_ext128_byte_shift_right_slow","SIMD_FLAGS(InOut, RegisterOnly, ForceInline, Flatten)"
"include/SimdLib/Detail/Extensions.h","555","_ext128_div_epi8","SIMD_FLAGS(InOut, RegisterOnly, ForceInline, Flatten)"
"include/SimdLib/Detail/Extensions.h","622","_ext128_div_epu8","SIMD_FLAGS(InOut, RegisterOnly, ForceInline, Flatten)"
"include/SimdLib/Detail/Extensions.h","699","_ext128_div_epi16","SIMD_FLAGS(InOut, RegisterOnly, ForceInline, Flatten)"
"include/SimdLib/Detail/Extensions.h","744","_ext128_div_epu16","SIMD_FLAGS(InOut, RegisterOnly, ForceInline, Flatten)"
"include/SimdLib/Detail/Extensions.h","789","_ext128_div_epi32","SIMD_FLAGS(InOut, RegisterOnly, ForceInline, Flatten)"
"include/SimdLib/Detail/Extensions.h","806","_ext128_div_epu32","SIMD_FLAGS(InOut, RegisterOnly, ForceInline, Flatten)"
"include/SimdLib/Detail/Extensions.h","827","_ext128_div_epi64","SIMD_FLAGS(InOut, RegisterOnly, ForceInline, Flatten)"
"include/SimdLib/Detail/Extensions.h","842","_ext128_div_epu64","SIMD_FLAGS(InOut, RegisterOnly, ForceInline, Flatten)"
"include/SimdLib/Detail/Extensions.h","863","_ext128_rem_epi8","SIMD_FLAGS(InOut, RegisterOnly, ForceInline, Flatten)"
"include/SimdLib/Detail/Extensions.h","892","_ext128_rem_epu8","SIMD_FLAGS(InOut, RegisterOnly, ForceInline, Flatten)"
"include/SimdLib/Detail/Extensions.h","921","_ext128_rem_epi16","SIMD_FLAGS(InOut, RegisterOnly, ForceInline, Flatten)"
"include/SimdLib/Detail/Extensions.h","942","_ext128_rem_epu16","SIMD_FLAGS(InOut, RegisterOnly, ForceInline, Flatten)"
"include/SimdLib/Detail/Extensions.h","963","_ext128_rem_epi32","SIMD_FLAGS(InOut, RegisterOnly, ForceInline, Flatten)"
"include/SimdLib/Detail/Extensions.h","980","_ext128_rem_epu32","SIMD_FLAGS(InOut, RegisterOnly, ForceInline, Flatten)"
"include/SimdLib/Detail/Extensions.h","1001","_ext128_rem_epi64","SIMD_FLAGS(InOut, RegisterOnly, ForceInline, Flatten)"
"include/SimdLib/Detail/Extensions.h","1016","_ext128_rem_epu64","SIMD_FLAGS(InOut, RegisterOnly, ForceInline, Flatten)"
"include/SimdLib/Detail/Extensions.h","1172","_ext256_div_epi8","SIMD_FLAGS(InOut, RegisterOnly, ForceInline, Flatten)"
"include/SimdLib/Detail/Extensions.h","1191","_ext256_div_epu8","SIMD_FLAGS(InOut, RegisterOnly, ForceInline, Flatten)"
"include/SimdLib/Detail/Extensions.h","1210","_ext256_div_epi16","SIMD_FLAGS(InOut, RegisterOnly, ForceInline, Flatten)"
"include/SimdLib/Detail/Extensions.h","1229","_ext256_div_epu16","SIMD_FLAGS(InOut, RegisterOnly, ForceInline, Flatten)"
"include/SimdLib/Detail/Extensions.h","1248","_ext256_div_epi32","SIMD_FLAGS(InOut, RegisterOnly, ForceInline, Flatten)"
"include/SimdLib/Detail/Extensions.h","1267","_ext256_div_epu32","SIMD_FLAGS(InOut, RegisterOnly, ForceInline, Flatten)"
"include/SimdLib/Detail/Extensions.h","1286","_ext256_div_epi64","SIMD_FLAGS(InOut, RegisterOnly, ForceInline, Flatten)"
"include/SimdLib/Detail/Extensions.h","1305","_ext256_div_epu64","SIMD_FLAGS(InOut, RegisterOnly, ForceInline, Flatten)"
"include/SimdLib/Detail/Extensions.h","1328","_ext256_rem_epi8","SIMD_FLAGS(InOut, RegisterOnly, ForceInline, Flatten)"
"include/SimdLib/Detail/Extensions.h","1342","_ext256_rem_epu8","SIMD_FLAGS(InOut, RegisterOnly, ForceInline, Flatten)"
"include/SimdLib/Detail/Extensions.h","1356","_ext256_rem_epi16","SIMD_FLAGS(InOut, RegisterOnly, ForceInline, Flatten)"
"include/SimdLib/Detail/Extensions.h","1370","_ext256_rem_epu16","SIMD_FLAGS(InOut, RegisterOnly, ForceInline, Flatten)"
"include/SimdLib/Detail/Extensions.h","1384","_ext256_rem_epi32","SIMD_FLAGS(InOut, RegisterOnly, ForceInline, Flatten)"
"include/SimdLib/Detail/Extensions.h","1398","_ext256_rem_epu32","SIMD_FLAGS(InOut, RegisterOnly, ForceInline, Flatten)"
"include/SimdLib/Detail/Extensions.h","1412","_ext256_rem_epi64","SIMD_FLAGS(InOut, RegisterOnly, ForceInline, Flatten)"
"include/SimdLib/Detail/Extensions.h","1426","_ext256_rem_epu64","SIMD_FLAGS(InOut, RegisterOnly, ForceInline, Flatten)"
"include/SimdLib/Detail/Extensions.h","1539","_ext128_shift_left_bits_slow","SIMD_FLAGS(InOut, RegisterOnly, ForceInline)"
"include/SimdLib/Detail/Extensions.h","1556","_ext128_shift_left_bits_static","SIMD_FLAGS(InOut, RegisterOnly, ForceInline)"
"include/SimdLib/Detail/Extensions.h","1577","_ext128_shift_right_bits_slow","SIMD_FLAGS(InOut, RegisterOnly, ForceInline)"
"include/SimdLib/Detail/Extensions.h","1594","_ext128_shift_right_bits_static","SIMD_FLAGS(InOut, RegisterOnly, ForceInline)"
"include/SimdLib/Detail/Implementations.h","54","magnitude_round_sqrt_u64","SIMD_FLAGS(Neither, RegisterOnly, ForceInline)"
"include/SimdLib/Detail/Implementations.h","78","magnitude_checked_result","SIMD_FLAGS(Out, RegisterOnly, ForceInline)"
"include/SimdLib/Detail/Implementations.h","99","magnitude_square_u64","SIMD_FLAGS(Out, RegisterOnly, ForceInline)"
"include/SimdLib/Detail/Implementations.h","124","magnitude_round_sqrt_u128","SIMD_FLAGS(Neither, RegisterOnly, ForceInline)"
"include/SimdLib/Detail/Implementations.h","186","make_logical_shuffle_16_control","SIMD_FLAGS(Out, RegisterOnly, ForceInline, Flatten)"
"include/SimdLib/Detail/Implementations.h","216","select","SIMD_FLAGS(InOut, RegisterOnly, ForceInline)"
"include/SimdLib/Detail/Implementations.h","229","shuffle","SIMD_FLAGS(InOut, RegisterOnly, ForceInline, Flatten)"
"include/SimdLib/Detail/Implementations.h","234","add","SIMD_FLAGS(InOut, RegisterOnly, ForceInline, Flatten)"
"include/SimdLib/Detail/Implementations.h","239","multiply_add_adjacent","SIMD_FLAGS(InOut, RegisterOnly, ForceInline, Flatten)"
"include/SimdLib/Detail/Implementations.h","248","multiply_add_unsigned_signed_bytes","SIMD_FLAGS(InOut, RegisterOnly, ForceInline, Flatten)"
"include/SimdLib/Detail/Implementations.h","252","subtract","SIMD_FLAGS(InOut, RegisterOnly, ForceInline, Flatten)"
"include/SimdLib/Detail/Implementations.h","256","multiply","SIMD_FLAGS(InOut, RegisterOnly, ForceInline, Flatten)"
"include/SimdLib/Detail/Implementations.h","261","divide","SIMD_FLAGS(InOut, RegisterOnly, ForceInline, Flatten)"
"include/SimdLib/Detail/Implementations.h","266","modulus","SIMD_FLAGS(InOut, RegisterOnly, ForceInline, Flatten)"
"include/SimdLib/Detail/Implementations.h","271","sqrt","SIMD_FLAGS(InOut, RegisterOnly, ForceInline, Flatten)"
"include/SimdLib/Detail/Implementations.h","287","magnitude","SIMD_FLAGS(InOut, RegisterOnly, ForceInline, Flatten)"
"include/SimdLib/Detail/Implementations.h","300","magnitude_checked","SIMD_FLAGS(InOut, RegisterOnly, ForceInline, Flatten)"
"include/SimdLib/Detail/Implementations.h","316","min_position","SIMD_FLAGS(In, RegisterOnly, ForceInline, Flatten)"
"include/SimdLib/Detail/Implementations.h","336","sum_absolute_byte_differences","SIMD_FLAGS(InOut, RegisterOnly, ForceInline, Flatten)"
"include/SimdLib/Detail/Implementations.h","341","multi_sum_absolute_byte_differences","SIMD_FLAGS(InOut, RegisterOnly, ForceInline, Flatten)"
"include/SimdLib/Detail/Implementations.h","347","absolute","SIMD_FLAGS(InOut, RegisterOnly, ForceInline, Flatten)"
"include/SimdLib/Detail/Implementations.h","356","min","SIMD_FLAGS(InOut, RegisterOnly, ForceInline, Flatten)"
"include/SimdLib/Detail/Implementations.h","361","max","SIMD_FLAGS(InOut, RegisterOnly, ForceInline, Flatten)"
"include/SimdLib/Detail/Implementations.h","382","add_saturated","SIMD_FLAGS(InOut, RegisterOnly, ForceInline, Flatten)"
"include/SimdLib/Detail/Implementations.h","387","subtract_saturated","SIMD_FLAGS(InOut, RegisterOnly, ForceInline, Flatten)"
"include/SimdLib/Detail/Implementations.h","393","set1","SIMD_FLAGS(Out, RegisterOnly, ForceInline)"
"include/SimdLib/Detail/Implementations.h","398","set","SIMD_FLAGS(Out, RegisterOnly, ForceInline)"
"include/SimdLib/Detail/Implementations.h","402","setr","SIMD_FLAGS(Out, RegisterOnly, ForceInline)"
"include/SimdLib/Detail/Implementations.h","408","cmpeq","SIMD_FLAGS(InOut, RegisterOnly, ForceInline)"
"include/SimdLib/Detail/Implementations.h","412","cmpgt","SIMD_FLAGS(InOut, RegisterOnly, ForceInline)"
"include/SimdLib/Detail/Implementations.h","456","extract","SIMD_FLAGS(In, RegisterOnly, ForceInline)"
"include/SimdLib/Detail/Implementations.h","466","extract_slow","SIMD_FLAGS(In, RegisterOnly, ForceInline)"
"include/SimdLib/Detail/Implementations.h","513","insert","SIMD_FLAGS(InOut, RegisterOnly, ForceInline)"
"include/SimdLib/Detail/Implementations.h","524","insert_slow","SIMD_FLAGS(InOut, RegisterOnly, ForceInline)"
"include/SimdLib/Detail/Implementations.h","544","shuffle","SIMD_FLAGS(InOut, RegisterOnly, ForceInline)"
"include/SimdLib/Detail/Implementations.h","550","blend","SIMD_FLAGS(InOut, RegisterOnly, ForceInline)"
"include/SimdLib/Detail/Implementations.h","554","movemask","SIMD_FLAGS(In, RegisterOnly, ForceInline)"
"include/SimdLib/Detail/Implementations.h","563","select","SIMD_FLAGS(InOut, RegisterOnly, ForceInline)"
"include/SimdLib/Detail/Implementations.h","576","shuffle","SIMD_FLAGS(InOut, RegisterOnly, ForceInline, Flatten)"
"include/SimdLib/Detail/Implementations.h","581","add","SIMD_FLAGS(InOut, RegisterOnly, ForceInline, Flatten)"
"include/SimdLib/Detail/Implementations.h","586","multiply_add_adjacent","SIMD_FLAGS(InOut, RegisterOnly, ForceInline, Flatten)"
"include/SimdLib/Detail/Implementations.h","595","multiply_add_unsigned_signed_bytes","SIMD_FLAGS(InOut, RegisterOnly, ForceInline, Flatten)"
"include/SimdLib/Detail/Implementations.h","599","subtract","SIMD_FLAGS(InOut, RegisterOnly, ForceInline, Flatten)"
"include/SimdLib/Detail/Implementations.h","603","multiply","SIMD_FLAGS(InOut, RegisterOnly, ForceInline, Flatten)"
"include/SimdLib/Detail/Implementations.h","608","divide","SIMD_FLAGS(InOut, RegisterOnly, ForceInline, Flatten)"
"include/SimdLib/Detail/Implementations.h","613","modulus","SIMD_FLAGS(InOut, RegisterOnly, ForceInline, Flatten)"
"include/SimdLib/Detail/Implementations.h","618","sqrt","SIMD_FLAGS(InOut, RegisterOnly, ForceInline, Flatten)"
"include/SimdLib/Detail/Implementations.h","634","magnitude","SIMD_FLAGS(InOut, RegisterOnly, ForceInline, Flatten)"
"include/SimdLib/Detail/Implementations.h","647","magnitude_checked","SIMD_FLAGS(InOut, RegisterOnly, ForceInline, Flatten)"
"include/SimdLib/Detail/Implementations.h","663","min_position","SIMD_FLAGS(In, RegisterOnly, ForceInline, Flatten)"
"include/SimdLib/Detail/Implementations.h","684","sum_absolute_byte_differences","SIMD_FLAGS(InOut, RegisterOnly, ForceInline, Flatten)"
"include/SimdLib/Detail/Implementations.h","689","multi_sum_absolute_byte_differences","SIMD_FLAGS(InOut, RegisterOnly, ForceInline, Flatten)"
"include/SimdLib/Detail/Implementations.h","695","absolute","SIMD_FLAGS(InOut, RegisterOnly, ForceInline, Flatten)"
"include/SimdLib/Detail/Implementations.h","704","min","SIMD_FLAGS(InOut, RegisterOnly, ForceInline, Flatten)"
"include/SimdLib/Detail/Implementations.h","709","max","SIMD_FLAGS(InOut, RegisterOnly, ForceInline, Flatten)"
"include/SimdLib/Detail/Implementations.h","714","avg","SIMD_FLAGS(InOut, RegisterOnly, ForceInline, Flatten)"
"include/SimdLib/Detail/Implementations.h","739","add_saturated","SIMD_FLAGS(InOut, RegisterOnly, ForceInline, Flatten)"
"include/SimdLib/Detail/Implementations.h","744","subtract_saturated","SIMD_FLAGS(InOut, RegisterOnly, ForceInline, Flatten)"
"include/SimdLib/Detail/Implementations.h","750","set1","SIMD_FLAGS(Out, RegisterOnly, ForceInline)"
"include/SimdLib/Detail/Implementations.h","754","set","SIMD_FLAGS(Out, RegisterOnly, ForceInline)"
"include/SimdLib/Detail/Implementations.h","758","setr","SIMD_FLAGS(Out, RegisterOnly, ForceInline)"
"include/SimdLib/Detail/Implementations.h","764","cmpeq","SIMD_FLAGS(InOut, RegisterOnly, ForceInline)"
"include/SimdLib/Detail/Implementations.h","768","cmpgt","SIMD_FLAGS(InOut, RegisterOnly, ForceInline)"
"include/SimdLib/Detail/Implementations.h","812","extract","SIMD_FLAGS(In, RegisterOnly, ForceInline)"
"include/SimdLib/Detail/Implementations.h","822","extract_slow","SIMD_FLAGS(In, RegisterOnly, ForceInline)"
"include/SimdLib/Detail/Implementations.h","869","insert","SIMD_FLAGS(InOut, RegisterOnly, ForceInline)"
"include/SimdLib/Detail/Implementations.h","880","insert_slow","SIMD_FLAGS(InOut, RegisterOnly, ForceInline)"
"include/SimdLib/Detail/Implementations.h","900","shuffle","SIMD_FLAGS(InOut, RegisterOnly, ForceInline)"
"include/SimdLib/Detail/Implementations.h","906","blend","SIMD_FLAGS(InOut, RegisterOnly, ForceInline)"
"include/SimdLib/Detail/Implementations.h","910","movemask","SIMD_FLAGS(In, RegisterOnly, ForceInline)"
"include/SimdLib/Detail/Implementations.h","919","select","SIMD_FLAGS(InOut, RegisterOnly, ForceInline)"
"include/SimdLib/Detail/Implementations.h","932","shuffle","SIMD_FLAGS(InOut, RegisterOnly, ForceInline, Flatten)"
"include/SimdLib/Detail/Implementations.h","937","add","SIMD_FLAGS(InOut, RegisterOnly, ForceInline, Flatten)"
"include/SimdLib/Detail/Implementations.h","942","multiply_add_adjacent","SIMD_FLAGS(InOut, RegisterOnly, ForceInline, Flatten)"
"include/SimdLib/Detail/Implementations.h","947","multiply_add_unsigned_signed_bytes","SIMD_FLAGS(InOut, RegisterOnly, ForceInline, Flatten)"
"include/SimdLib/Detail/Implementations.h","951","subtract","SIMD_FLAGS(InOut, RegisterOnly, ForceInline, Flatten)"
"include/SimdLib/Detail/Implementations.h","955","multiply","SIMD_FLAGS(InOut, RegisterOnly, ForceInline, Flatten)"
"include/SimdLib/Detail/Implementations.h","960","divide","SIMD_FLAGS(InOut, RegisterOnly, ForceInline, Flatten)"
"include/SimdLib/Detail/Implementations.h","965","modulus","SIMD_FLAGS(InOut, RegisterOnly, ForceInline, Flatten)"
"include/SimdLib/Detail/Implementations.h","970","sqrt","SIMD_FLAGS(InOut, RegisterOnly, ForceInline, Flatten)"
"include/SimdLib/Detail/Implementations.h","979","magnitude","SIMD_FLAGS(InOut, RegisterOnly, ForceInline, Flatten)"
"include/SimdLib/Detail/Implementations.h","988","magnitude_checked","SIMD_FLAGS(InOut, RegisterOnly, ForceInline, Flatten)"
"include/SimdLib/Detail/Implementations.h","1007","min_position","SIMD_FLAGS(In, RegisterOnly, ForceInline, Flatten)"
"include/SimdLib/Detail/Implementations.h","1029","sum_absolute_byte_differences","SIMD_FLAGS(InOut, RegisterOnly, ForceInline, Flatten)"
"include/SimdLib/Detail/Implementations.h","1034","multi_sum_absolute_byte_differences","SIMD_FLAGS(InOut, RegisterOnly, ForceInline, Flatten)"
"include/SimdLib/Detail/Implementations.h","1040","absolute","SIMD_FLAGS(InOut, RegisterOnly, ForceInline, Flatten)"
"include/SimdLib/Detail/Implementations.h","1049","min","SIMD_FLAGS(InOut, RegisterOnly, ForceInline, Flatten)"
"include/SimdLib/Detail/Implementations.h","1054","max","SIMD_FLAGS(InOut, RegisterOnly, ForceInline, Flatten)"
"include/SimdLib/Detail/Implementations.h","1075","add_horizontal","SIMD_FLAGS(InOut, RegisterOnly, ForceInline, Flatten)"
"include/SimdLib/Detail/Implementations.h","1080","subtract_horizontal","SIMD_FLAGS(InOut, RegisterOnly, ForceInline, Flatten)"
"include/SimdLib/Detail/Implementations.h","1085","hadd_saturated","SIMD_FLAGS(InOut, RegisterOnly, ForceInline, Flatten)"
"include/SimdLib/Detail/Implementations.h","1090","hsubtract_saturated","SIMD_FLAGS(InOut, RegisterOnly, ForceInline, Flatten)"
"include/SimdLib/Detail/Implementations.h","1097","add_saturated","SIMD_FLAGS(InOut, RegisterOnly, ForceInline, Flatten)"
"include/SimdLib/Detail/Implementations.h","1102","subtract_saturated","SIMD_FLAGS(InOut, RegisterOnly, ForceInline, Flatten)"
"include/SimdLib/Detail/Implementations.h","1116","set1","SIMD_FLAGS(Out, RegisterOnly, ForceInline)"
"include/SimdLib/Detail/Implementations.h","1120","set","SIMD_FLAGS(Out, RegisterOnly, ForceInline)"
"include/SimdLib/Detail/Implementations.h","1124","setr","SIMD_FLAGS(Out, RegisterOnly, ForceInline)"
"include/SimdLib/Detail/Implementations.h","1130","cmpeq","SIMD_FLAGS(InOut, RegisterOnly, ForceInline)"
"include/SimdLib/Detail/Implementations.h","1134","cmpgt","SIMD_FLAGS(InOut, RegisterOnly, ForceInline)"
"include/SimdLib/Detail/Implementations.h","1178","extract","SIMD_FLAGS(In, RegisterOnly, ForceInline)"
"include/SimdLib/Detail/Implementations.h","1188","extract_slow","SIMD_FLAGS(In, RegisterOnly, ForceInline)"
"include/SimdLib/Detail/Implementations.h","1219","insert","SIMD_FLAGS(InOut, RegisterOnly, ForceInline)"
"include/SimdLib/Detail/Implementations.h","1230","insert_slow","SIMD_FLAGS(InOut, RegisterOnly, ForceInline)"
"include/SimdLib/Detail/Implementations.h","1254","shuffle_lo_slow","SIMD_FLAGS(InOut, RegisterOnly, ForceInline)"
"include/SimdLib/Detail/Implementations.h","1259","shuffle_lo","SIMD_FLAGS(InOut, RegisterOnly, ForceInline, Flatten)"
"include/SimdLib/Detail/Implementations.h","1268","shuffle_hi_slow","SIMD_FLAGS(InOut, RegisterOnly, ForceInline)"
"include/SimdLib/Detail/Implementations.h","1273","shuffle_hi","SIMD_FLAGS(InOut, RegisterOnly, ForceInline, Flatten)"
"include/SimdLib/Detail/Implementations.h","1288","blend","SIMD_FLAGS(InOut, RegisterOnly, ForceInline, Flatten)"
"include/SimdLib/Detail/Implementations.h","1299","select","SIMD_FLAGS(InOut, RegisterOnly, ForceInline)"
"include/SimdLib/Detail/Implementations.h","1312","shuffle","SIMD_FLAGS(InOut, RegisterOnly, ForceInline, Flatten)"
"include/SimdLib/Detail/Implementations.h","1317","add","SIMD_FLAGS(InOut, RegisterOnly, ForceInline, Flatten)"
"include/SimdLib/Detail/Implementations.h","1322","multiply_add_adjacent","SIMD_FLAGS(InOut, RegisterOnly, ForceInline, Flatten)"
"include/SimdLib/Detail/Implementations.h","1331","multiply_add_unsigned_signed_bytes","SIMD_FLAGS(InOut, RegisterOnly, ForceInline, Flatten)"
"include/SimdLib/Detail/Implementations.h","1336","magnitude","SIMD_FLAGS(InOut, RegisterOnly, ForceInline, Flatten)"
"include/SimdLib/Detail/Implementations.h","1351","magnitude_checked","SIMD_FLAGS(InOut, RegisterOnly, ForceInline, Flatten)"
"include/SimdLib/Detail/Implementations.h","1370","min_position","SIMD_FLAGS(In, RegisterOnly, ForceInline, Flatten)"
"include/SimdLib/Detail/Implementations.h","1374","subtract","SIMD_FLAGS(InOut, RegisterOnly, ForceInline, Flatten)"
"include/SimdLib/Detail/Implementations.h","1378","multiply","SIMD_FLAGS(InOut, RegisterOnly, ForceInline, Flatten)"
"include/SimdLib/Detail/Implementations.h","1383","divide","SIMD_FLAGS(InOut, RegisterOnly, ForceInline, Flatten)"
"include/SimdLib/Detail/Implementations.h","1388","modulus","SIMD_FLAGS(InOut, RegisterOnly, ForceInline, Flatten)"
"include/SimdLib/Detail/Implementations.h","1393","sqrt","SIMD_FLAGS(InOut, RegisterOnly, ForceInline, Flatten)"
"include/SimdLib/Detail/Implementations.h","1402","sum_absolute_byte_differences","SIMD_FLAGS(InOut, RegisterOnly, ForceInline, Flatten)"
"include/SimdLib/Detail/Implementations.h","1407","multi_sum_absolute_byte_differences","SIMD_FLAGS(InOut, RegisterOnly, ForceInline, Flatten)"
"include/SimdLib/Detail/Implementations.h","1413","absolute","SIMD_FLAGS(InOut, RegisterOnly, ForceInline, Flatten)"
"include/SimdLib/Detail/Implementations.h","1422","min","SIMD_FLAGS(InOut, RegisterOnly, ForceInline, Flatten)"
"include/SimdLib/Detail/Implementations.h","1427","max","SIMD_FLAGS(InOut, RegisterOnly, ForceInline, Flatten)"
"include/SimdLib/Detail/Implementations.h","1432","avg","SIMD_FLAGS(InOut, RegisterOnly, ForceInline, Flatten)"
"include/SimdLib/Detail/Implementations.h","1453","add_horizontal","SIMD_FLAGS(InOut, RegisterOnly, ForceInline, Flatten)"
"include/SimdLib/Detail/Implementations.h","1458","subtract_horizontal","SIMD_FLAGS(InOut, RegisterOnly, ForceInline, Flatten)"
"include/SimdLib/Detail/Implementations.h","1463","hadd_saturated","SIMD_FLAGS(InOut, RegisterOnly, ForceInline, Flatten)"
"include/SimdLib/Detail/Implementations.h","1471","hsubtract_saturated","SIMD_FLAGS(InOut, RegisterOnly, ForceInline, Flatten)"
"include/SimdLib/Detail/Implementations.h","1481","add_saturated","SIMD_FLAGS(InOut, RegisterOnly, ForceInline, Flatten)"
"include/SimdLib/Detail/Implementations.h","1486","subtract_saturated","SIMD_FLAGS(InOut, RegisterOnly, ForceInline, Flatten)"
"include/SimdLib/Detail/Implementations.h","1500","set1","SIMD_FLAGS(Out, RegisterOnly, ForceInline)"
"include/SimdLib/Detail/Implementations.h","1504","set","SIMD_FLAGS(Out, RegisterOnly, ForceInline)"
"include/SimdLib/Detail/Implementations.h","1508","setr","SIMD_FLAGS(Out, RegisterOnly, ForceInline)"
"include/SimdLib/Detail/Implementations.h","1514","cmpeq","SIMD_FLAGS(InOut, RegisterOnly, ForceInline)"
"include/SimdLib/Detail/Implementations.h","1518","cmpgt","SIMD_FLAGS(InOut, RegisterOnly, ForceInline)"
"include/SimdLib/Detail/Implementations.h","1562","extract","SIMD_FLAGS(In, RegisterOnly, ForceInline)"
"include/SimdLib/Detail/Implementations.h","1572","extract_slow","SIMD_FLAGS(In, RegisterOnly, ForceInline)"
"include/SimdLib/Detail/Implementations.h","1603","insert","SIMD_FLAGS(InOut, RegisterOnly, ForceInline)"
"include/SimdLib/Detail/Implementations.h","1614","insert_slow","SIMD_FLAGS(InOut, RegisterOnly, ForceInline)"
"include/SimdLib/Detail/Implementations.h","1638","shuffle_lo_slow","SIMD_FLAGS(InOut, RegisterOnly, ForceInline)"
"include/SimdLib/Detail/Implementations.h","1643","shuffle_lo","SIMD_FLAGS(InOut, RegisterOnly, ForceInline, Flatten)"
"include/SimdLib/Detail/Implementations.h","1652","shuffle_hi_slow","SIMD_FLAGS(InOut, RegisterOnly, ForceInline)"
"include/SimdLib/Detail/Implementations.h","1657","shuffle_hi","SIMD_FLAGS(InOut, RegisterOnly, ForceInline, Flatten)"
"include/SimdLib/Detail/Implementations.h","1672","blend","SIMD_FLAGS(InOut, RegisterOnly, ForceInline, Flatten)"
"include/SimdLib/Detail/Implementations.h","1683","select","SIMD_FLAGS(InOut, RegisterOnly, ForceInline)"
"include/SimdLib/Detail/Implementations.h","1696","shuffle","SIMD_FLAGS(InOut, RegisterOnly, ForceInline, Flatten)"
"include/SimdLib/Detail/Implementations.h","1701","add","SIMD_FLAGS(InOut, RegisterOnly, ForceInline, Flatten)"
"include/SimdLib/Detail/Implementations.h","1706","multiply_add_adjacent","SIMD_FLAGS(InOut, RegisterOnly, ForceInline, Flatten)"
"include/SimdLib/Detail/Implementations.h","1713","multiply_add_unsigned_signed_bytes","SIMD_FLAGS(InOut, RegisterOnly, ForceInline, Flatten)"
"include/SimdLib/Detail/Implementations.h","1717","subtract","SIMD_FLAGS(InOut, RegisterOnly, ForceInline, Flatten)"
"include/SimdLib/Detail/Implementations.h","1721","multiply","SIMD_FLAGS(InOut, RegisterOnly, ForceInline, Flatten)"
"include/SimdLib/Detail/Implementations.h","1726","divide","SIMD_FLAGS(InOut, RegisterOnly, ForceInline, Flatten)"
"include/SimdLib/Detail/Implementations.h","1731","modulus","SIMD_FLAGS(InOut, RegisterOnly, ForceInline, Flatten)"
"include/SimdLib/Detail/Implementations.h","1736","sqrt","SIMD_FLAGS(InOut, RegisterOnly, ForceInline, Flatten)"
"include/SimdLib/Detail/Implementations.h","1742","magnitude","SIMD_FLAGS(InOut, RegisterOnly, ForceInline, Flatten)"
"include/SimdLib/Detail/Implementations.h","1752","magnitude_checked","SIMD_FLAGS(InOut, RegisterOnly, ForceInline, Flatten)"
"include/SimdLib/Detail/Implementations.h","1771","min_position","SIMD_FLAGS(In, RegisterOnly, ForceInline, Flatten)"
"include/SimdLib/Detail/Implementations.h","1789","sum_absolute_byte_differences","SIMD_FLAGS(InOut, RegisterOnly, ForceInline, Flatten)"
"include/SimdLib/Detail/Implementations.h","1794","multi_sum_absolute_byte_differences","SIMD_FLAGS(InOut, RegisterOnly, ForceInline, Flatten)"
"include/SimdLib/Detail/Implementations.h","1800","absolute","SIMD_FLAGS(InOut, RegisterOnly, ForceInline, Flatten)"
"include/SimdLib/Detail/Implementations.h","1809","min","SIMD_FLAGS(InOut, RegisterOnly, ForceInline, Flatten)"
"include/SimdLib/Detail/Implementations.h","1814","max","SIMD_FLAGS(InOut, RegisterOnly, ForceInline, Flatten)"
"include/SimdLib/Detail/Implementations.h","1835","add_horizontal","SIMD_FLAGS(InOut, RegisterOnly, ForceInline, Flatten)"
"include/SimdLib/Detail/Implementations.h","1840","subtract_horizontal","SIMD_FLAGS(InOut, RegisterOnly, ForceInline, Flatten)"
"include/SimdLib/Detail/Implementations.h","1846","set1","SIMD_FLAGS(Out, RegisterOnly, ForceInline)"
"include/SimdLib/Detail/Implementations.h","1850","set","SIMD_FLAGS(Out, RegisterOnly, ForceInline)"
"include/SimdLib/Detail/Implementations.h","1854","setr","SIMD_FLAGS(Out, RegisterOnly, ForceInline)"
"include/SimdLib/Detail/Implementations.h","1860","cmpeq","SIMD_FLAGS(InOut, RegisterOnly, ForceInline)"
"include/SimdLib/Detail/Implementations.h","1864","cmpgt","SIMD_FLAGS(InOut, RegisterOnly, ForceInline)"
"include/SimdLib/Detail/Implementations.h","1898","extract","SIMD_FLAGS(In, RegisterOnly, ForceInline)"
"include/SimdLib/Detail/Implementations.h","1908","extract_slow","SIMD_FLAGS(In, RegisterOnly, ForceInline)"
"include/SimdLib/Detail/Implementations.h","1931","insert","SIMD_FLAGS(InOut, RegisterOnly, ForceInline)"
"include/SimdLib/Detail/Implementations.h","1942","insert_slow","SIMD_FLAGS(InOut, RegisterOnly, ForceInline)"
"include/SimdLib/Detail/Implementations.h","1966","shuffle_lo_slow","SIMD_FLAGS(InOut, RegisterOnly, ForceInline)"
"include/SimdLib/Detail/Implementations.h","1975","shuffle_hi_slow","SIMD_FLAGS(InOut, RegisterOnly, ForceInline)"
"include/SimdLib/Detail/Implementations.h","1990","blend","SIMD_FLAGS(InOut, RegisterOnly, ForceInline, Flatten)"
"include/SimdLib/Detail/Implementations.h","2001","select","SIMD_FLAGS(InOut, RegisterOnly, ForceInline)"
"include/SimdLib/Detail/Implementations.h","2014","shuffle","SIMD_FLAGS(InOut, RegisterOnly, ForceInline, Flatten)"
"include/SimdLib/Detail/Implementations.h","2019","add","SIMD_FLAGS(InOut, RegisterOnly, ForceInline, Flatten)"
"include/SimdLib/Detail/Implementations.h","2034","multiply_add_adjacent","SIMD_FLAGS(InOut, RegisterOnly, ForceInline, Flatten)"
"include/SimdLib/Detail/Implementations.h","2041","multiply_add_unsigned_signed_bytes","SIMD_FLAGS(InOut, RegisterOnly, ForceInline, Flatten)"
"include/SimdLib/Detail/Implementations.h","2045","subtract","SIMD_FLAGS(InOut, RegisterOnly, ForceInline, Flatten)"
"include/SimdLib/Detail/Implementations.h","2049","multiply","SIMD_FLAGS(InOut, RegisterOnly, ForceInline, Flatten)"
"include/SimdLib/Detail/Implementations.h","2060","divide","SIMD_FLAGS(InOut, RegisterOnly, ForceInline, Flatten)"
"include/SimdLib/Detail/Implementations.h","2065","modulus","SIMD_FLAGS(InOut, RegisterOnly, ForceInline, Flatten)"
"include/SimdLib/Detail/Implementations.h","2070","sqrt","SIMD_FLAGS(InOut, RegisterOnly, ForceInline, Flatten)"
"include/SimdLib/Detail/Implementations.h","2076","magnitude","SIMD_FLAGS(InOut, RegisterOnly, ForceInline, Flatten)"
"include/SimdLib/Detail/Implementations.h","2086","magnitude_checked","SIMD_FLAGS(InOut, RegisterOnly, ForceInline, Flatten)"
"include/SimdLib/Detail/Implementations.h","2105","min_position","SIMD_FLAGS(In, RegisterOnly, ForceInline, Flatten)"
"include/SimdLib/Detail/Implementations.h","2124","sum_absolute_byte_differences","SIMD_FLAGS(InOut, RegisterOnly, ForceInline, Flatten)"
"include/SimdLib/Detail/Implementations.h","2129","multi_sum_absolute_byte_differences","SIMD_FLAGS(InOut, RegisterOnly, ForceInline, Flatten)"
"include/SimdLib/Detail/Implementations.h","2135","absolute","SIMD_FLAGS(InOut, RegisterOnly, ForceInline, Flatten)"
"include/SimdLib/Detail/Implementations.h","2144","min","SIMD_FLAGS(InOut, RegisterOnly, ForceInline, Flatten)"
"include/SimdLib/Detail/Implementations.h","2149","max","SIMD_FLAGS(InOut, RegisterOnly, ForceInline, Flatten)"
"include/SimdLib/Detail/Implementations.h","2170","add_horizontal","SIMD_FLAGS(InOut, RegisterOnly, ForceInline, Flatten)"
"include/SimdLib/Detail/Implementations.h","2175","subtract_horizontal","SIMD_FLAGS(InOut, RegisterOnly, ForceInline, Flatten)"
"include/SimdLib/Detail/Implementations.h","2181","set1","SIMD_FLAGS(Out, RegisterOnly, ForceInline)"
"include/SimdLib/Detail/Implementations.h","2185","set","SIMD_FLAGS(Out, RegisterOnly, ForceInline)"
"include/SimdLib/Detail/Implementations.h","2189","setr","SIMD_FLAGS(Out, RegisterOnly, ForceInline)"
"include/SimdLib/Detail/Implementations.h","2195","cmpeq","SIMD_FLAGS(InOut, RegisterOnly, ForceInline)"
"include/SimdLib/Detail/Implementations.h","2199","cmpgt","SIMD_FLAGS(InOut, RegisterOnly, ForceInline)"
"include/SimdLib/Detail/Implementations.h","2233","extract","SIMD_FLAGS(In, RegisterOnly, ForceInline)"
"include/SimdLib/Detail/Implementations.h","2243","extract_slow","SIMD_FLAGS(In, RegisterOnly, ForceInline)"
"include/SimdLib/Detail/Implementations.h","2266","insert","SIMD_FLAGS(InOut, RegisterOnly, ForceInline)"
"include/SimdLib/Detail/Implementations.h","2277","insert_slow","SIMD_FLAGS(InOut, RegisterOnly, ForceInline)"
"include/SimdLib/Detail/Implementations.h","2301","shuffle_lo_slow","SIMD_FLAGS(InOut, RegisterOnly, ForceInline)"
"include/SimdLib/Detail/Implementations.h","2310","shuffle_hi_slow","SIMD_FLAGS(InOut, RegisterOnly, ForceInline)"
"include/SimdLib/Detail/Implementations.h","2325","blend","SIMD_FLAGS(InOut, RegisterOnly, ForceInline, Flatten)"
"include/SimdLib/Detail/Implementations.h","2336","select","SIMD_FLAGS(InOut, RegisterOnly, ForceInline)"
"include/SimdLib/Detail/Implementations.h","2349","shuffle","SIMD_FLAGS(InOut, RegisterOnly, ForceInline, Flatten)"
"include/SimdLib/Detail/Implementations.h","2354","add","SIMD_FLAGS(InOut, RegisterOnly, ForceInline, Flatten)"
"include/SimdLib/Detail/Implementations.h","2359","multiply_add_adjacent","SIMD_FLAGS(InOut, RegisterOnly, ForceInline, Flatten)"
"include/SimdLib/Detail/Implementations.h","2371","multiply_add_unsigned_signed_bytes","SIMD_FLAGS(InOut, RegisterOnly, ForceInline, Flatten)"
"include/SimdLib/Detail/Implementations.h","2375","subtract","SIMD_FLAGS(InOut, RegisterOnly, ForceInline, Flatten)"
"include/SimdLib/Detail/Implementations.h","2379","multiply","SIMD_FLAGS(InOut, RegisterOnly, ForceInline, Flatten)"
"include/SimdLib/Detail/Implementations.h","2384","divide","SIMD_FLAGS(InOut, RegisterOnly, ForceInline, Flatten)"
"include/SimdLib/Detail/Implementations.h","2389","modulus","SIMD_FLAGS(InOut, RegisterOnly, ForceInline, Flatten)"
"include/SimdLib/Detail/Implementations.h","2394","sqrt","SIMD_FLAGS(InOut, RegisterOnly, ForceInline, Flatten)"
"include/SimdLib/Detail/Implementations.h","2402","magnitude","SIMD_FLAGS(InOut, RegisterOnly, ForceInline, Flatten)"
"include/SimdLib/Detail/Implementations.h","2423","magnitude_checked","SIMD_FLAGS(InOut, RegisterOnly, ForceInline, Flatten)"
"include/SimdLib/Detail/Implementations.h","2451","min_position","SIMD_FLAGS(In, RegisterOnly, ForceInline, Flatten)"
"include/SimdLib/Detail/Implementations.h","2462","sum_absolute_byte_differences","SIMD_FLAGS(InOut, RegisterOnly, ForceInline, Flatten)"
"include/SimdLib/Detail/Implementations.h","2467","multi_sum_absolute_byte_differences","SIMD_FLAGS(InOut, RegisterOnly, ForceInline, Flatten)"
"include/SimdLib/Detail/Implementations.h","2473","absolute","SIMD_FLAGS(InOut, RegisterOnly, ForceInline, Flatten)"
"include/SimdLib/Detail/Implementations.h","2482","min","SIMD_FLAGS(InOut, RegisterOnly, ForceInline, Flatten)"
"include/SimdLib/Detail/Implementations.h","2487","max","SIMD_FLAGS(InOut, RegisterOnly, ForceInline, Flatten)"
"include/SimdLib/Detail/Implementations.h","2507","set1","SIMD_FLAGS(Out, RegisterOnly, ForceInline)"
"include/SimdLib/Detail/Implementations.h","2511","set","SIMD_FLAGS(Out, RegisterOnly, ForceInline)"
"include/SimdLib/Detail/Implementations.h","2521","setr","SIMD_FLAGS(Out, RegisterOnly, ForceInline)"
"include/SimdLib/Detail/Implementations.h","2527","cmpeq","SIMD_FLAGS(InOut, RegisterOnly, ForceInline)"
"include/SimdLib/Detail/Implementations.h","2531","cmpgt","SIMD_FLAGS(InOut, RegisterOnly, ForceInline)"
"include/SimdLib/Detail/Implementations.h","2537","extract","SIMD_FLAGS(In, RegisterOnly, ForceInline)"
"include/SimdLib/Detail/Implementations.h","2547","extract_slow","SIMD_FLAGS(In, RegisterOnly, ForceInline)"
"include/SimdLib/Detail/Implementations.h","2566","insert","SIMD_FLAGS(InOut, RegisterOnly, ForceInline)"
"include/SimdLib/Detail/Implementations.h","2577","insert_slow","SIMD_FLAGS(InOut, RegisterOnly, ForceInline)"
"include/SimdLib/Detail/Implementations.h","2599","select","SIMD_FLAGS(InOut, RegisterOnly, ForceInline)"
"include/SimdLib/Detail/Implementations.h","2612","shuffle","SIMD_FLAGS(InOut, RegisterOnly, ForceInline, Flatten)"
"include/SimdLib/Detail/Implementations.h","2617","add","SIMD_FLAGS(InOut, RegisterOnly, ForceInline, Flatten)"
"include/SimdLib/Detail/Implementations.h","2622","multiply_add_adjacent","SIMD_FLAGS(InOut, RegisterOnly, ForceInline, Flatten)"
"include/SimdLib/Detail/Implementations.h","2634","multiply_add_unsigned_signed_bytes","SIMD_FLAGS(InOut, RegisterOnly, ForceInline, Flatten)"
"include/SimdLib/Detail/Implementations.h","2638","subtract","SIMD_FLAGS(InOut, RegisterOnly, ForceInline, Flatten)"
"include/SimdLib/Detail/Implementations.h","2642","multiply","SIMD_FLAGS(InOut, RegisterOnly, ForceInline, Flatten)"
"include/SimdLib/Detail/Implementations.h","2647","divide","SIMD_FLAGS(InOut, RegisterOnly, ForceInline, Flatten)"
"include/SimdLib/Detail/Implementations.h","2652","modulus","SIMD_FLAGS(InOut, RegisterOnly, ForceInline, Flatten)"
"include/SimdLib/Detail/Implementations.h","2657","sqrt","SIMD_FLAGS(InOut, RegisterOnly, ForceInline, Flatten)"
"include/SimdLib/Detail/Implementations.h","2666","magnitude","SIMD_FLAGS(InOut, RegisterOnly, ForceInline, Flatten)"
"include/SimdLib/Detail/Implementations.h","2683","magnitude_checked","SIMD_FLAGS(InOut, RegisterOnly, ForceInline, Flatten)"
"include/SimdLib/Detail/Implementations.h","2707","min_position","SIMD_FLAGS(In, RegisterOnly, ForceInline, Flatten)"
"include/SimdLib/Detail/Implementations.h","2719","sum_absolute_byte_differences","SIMD_FLAGS(InOut, RegisterOnly, ForceInline, Flatten)"
"include/SimdLib/Detail/Implementations.h","2724","multi_sum_absolute_byte_differences","SIMD_FLAGS(InOut, RegisterOnly, ForceInline, Flatten)"
"include/SimdLib/Detail/Implementations.h","2730","absolute","SIMD_FLAGS(InOut, RegisterOnly, ForceInline, Flatten)"
"include/SimdLib/Detail/Implementations.h","2739","min","SIMD_FLAGS(InOut, RegisterOnly, ForceInline, Flatten)"
"include/SimdLib/Detail/Implementations.h","2744","max","SIMD_FLAGS(InOut, RegisterOnly, ForceInline, Flatten)"
"include/SimdLib/Detail/Implementations.h","2764","set1","SIMD_FLAGS(Out, RegisterOnly, ForceInline)"
"include/SimdLib/Detail/Implementations.h","2768","set","SIMD_FLAGS(Out, RegisterOnly, ForceInline)"
"include/SimdLib/Detail/Implementations.h","2778","setr","SIMD_FLAGS(Out, RegisterOnly, ForceInline)"
"include/SimdLib/Detail/Implementations.h","2784","cmpeq","SIMD_FLAGS(InOut, RegisterOnly, ForceInline)"
"include/SimdLib/Detail/Implementations.h","2788","cmpgt","SIMD_FLAGS(InOut, RegisterOnly, ForceInline)"
"include/SimdLib/Detail/Implementations.h","2794","extract","SIMD_FLAGS(In, RegisterOnly, ForceInline)"
"include/SimdLib/Detail/Implementations.h","2804","extract_slow","SIMD_FLAGS(In, RegisterOnly, ForceInline)"
"include/SimdLib/Detail/Implementations.h","2823","insert","SIMD_FLAGS(InOut, RegisterOnly, ForceInline)"
"include/SimdLib/Detail/Implementations.h","2834","insert_slow","SIMD_FLAGS(InOut, RegisterOnly, ForceInline)"
"include/SimdLib/Detail/Implementations.h","2856","select","SIMD_FLAGS(InOut, RegisterOnly, ForceInline)"
"include/SimdLib/Detail/Implementations.h","2869","shuffle","SIMD_FLAGS(InOut, RegisterOnly, ForceInline, Flatten)"
"include/SimdLib/Detail/Implementations.h","2874","add","SIMD_FLAGS(InOut, RegisterOnly, ForceInline, Flatten)"
"include/SimdLib/Detail/Implementations.h","2879","add_subtract","SIMD_FLAGS(InOut, RegisterOnly, ForceInline, Flatten)"
"include/SimdLib/Detail/Implementations.h","2883","subtract","SIMD_FLAGS(InOut, RegisterOnly, ForceInline, Flatten)"
"include/SimdLib/Detail/Implementations.h","2887","multiply","SIMD_FLAGS(InOut, RegisterOnly, ForceInline, Flatten)"
"include/SimdLib/Detail/Implementations.h","2891","divide","SIMD_FLAGS(InOut, RegisterOnly, ForceInline, Flatten)"
"include/SimdLib/Detail/Implementations.h","2896","sqrt","SIMD_FLAGS(InOut, RegisterOnly, ForceInline, Flatten)"
"include/SimdLib/Detail/Implementations.h","2901","magnitude","SIMD_FLAGS(InOut, RegisterOnly, ForceInline, Flatten)"
"include/SimdLib/Detail/Implementations.h","2906","multiply_add","SIMD_FLAGS(InOut, RegisterOnly, ForceInline, Flatten)"
"include/SimdLib/Detail/Implementations.h","2915","dot_product","SIMD_FLAGS(In, RegisterOnly, ForceInline, Flatten)"
"include/SimdLib/Detail/Implementations.h","2921","absolute","SIMD_FLAGS(InOut, RegisterOnly, ForceInline, Flatten)"
"include/SimdLib/Detail/Implementations.h","2926","min","SIMD_FLAGS(InOut, RegisterOnly, ForceInline, Flatten)"
"include/SimdLib/Detail/Implementations.h","2931","max","SIMD_FLAGS(InOut, RegisterOnly, ForceInline, Flatten)"
"include/SimdLib/Detail/Implementations.h","2938","add_horizontal","SIMD_FLAGS(InOut, RegisterOnly, ForceInline, Flatten)"
"include/SimdLib/Detail/Implementations.h","2943","subtract_horizontal","SIMD_FLAGS(InOut, RegisterOnly, ForceInline, Flatten)"
"include/SimdLib/Detail/Implementations.h","2949","set1","SIMD_FLAGS(Out, RegisterOnly, ForceInline)"
"include/SimdLib/Detail/Implementations.h","2953","set","SIMD_FLAGS(Out, RegisterOnly, ForceInline)"
"include/SimdLib/Detail/Implementations.h","2957","setr","SIMD_FLAGS(Out, RegisterOnly, ForceInline)"
"include/SimdLib/Detail/Implementations.h","2963","cmpeq","SIMD_FLAGS(InOut, RegisterOnly, ForceInline)"
"include/SimdLib/Detail/Implementations.h","2967","cmpgt","SIMD_FLAGS(InOut, RegisterOnly, ForceInline)"
"include/SimdLib/Detail/Implementations.h","2980","extract","SIMD_FLAGS(In, RegisterOnly, ForceInline)"
"include/SimdLib/Detail/Implementations.h","2991","extract_slow","SIMD_FLAGS(In, RegisterOnly, ForceInline)"
"include/SimdLib/Detail/Implementations.h","3014","insert","SIMD_FLAGS(InOut, RegisterOnly, ForceInline)"
"include/SimdLib/Detail/Implementations.h","3025","insert_slow","SIMD_FLAGS(InOut, RegisterOnly, ForceInline)"
"include/SimdLib/Detail/Implementations.h","3068","blend_slow","SIMD_FLAGS(InOut, RegisterOnly, ForceInline)"
"include/SimdLib/Detail/Implementations.h","3076","blend","SIMD_FLAGS(InOut, RegisterOnly, ForceInline, Flatten)"
"include/SimdLib/Detail/Implementations.h","3082","movemask","SIMD_FLAGS(In, RegisterOnly, ForceInline)"
"include/SimdLib/Detail/Implementations.h","3091","select","SIMD_FLAGS(InOut, RegisterOnly, ForceInline)"
"include/SimdLib/Detail/Implementations.h","3104","shuffle","SIMD_FLAGS(InOut, RegisterOnly, ForceInline, Flatten)"
"include/SimdLib/Detail/Implementations.h","3109","add","SIMD_FLAGS(InOut, RegisterOnly, ForceInline, Flatten)"
"include/SimdLib/Detail/Implementations.h","3114","add_subtract","SIMD_FLAGS(InOut, RegisterOnly, ForceInline, Flatten)"
"include/SimdLib/Detail/Implementations.h","3118","subtract","SIMD_FLAGS(InOut, RegisterOnly, ForceInline, Flatten)"
"include/SimdLib/Detail/Implementations.h","3122","multiply","SIMD_FLAGS(InOut, RegisterOnly, ForceInline, Flatten)"
"include/SimdLib/Detail/Implementations.h","3126","divide","SIMD_FLAGS(InOut, RegisterOnly, ForceInline, Flatten)"
"include/SimdLib/Detail/Implementations.h","3131","sqrt","SIMD_FLAGS(InOut, RegisterOnly, ForceInline, Flatten)"
"include/SimdLib/Detail/Implementations.h","3136","magnitude","SIMD_FLAGS(InOut, RegisterOnly, ForceInline, Flatten)"
"include/SimdLib/Detail/Implementations.h","3141","multiply_add","SIMD_FLAGS(InOut, RegisterOnly, ForceInline, Flatten)"
"include/SimdLib/Detail/Implementations.h","3150","dot_product","SIMD_FLAGS(In, RegisterOnly, ForceInline, Flatten)"
"include/SimdLib/Detail/Implementations.h","3156","absolute","SIMD_FLAGS(InOut, RegisterOnly, ForceInline, Flatten)"
"include/SimdLib/Detail/Implementations.h","3161","min","SIMD_FLAGS(InOut, RegisterOnly, ForceInline, Flatten)"
"include/SimdLib/Detail/Implementations.h","3166","max","SIMD_FLAGS(InOut, RegisterOnly, ForceInline, Flatten)"
"include/SimdLib/Detail/Implementations.h","3173","add_horizontal","SIMD_FLAGS(InOut, RegisterOnly, ForceInline, Flatten)"
"include/SimdLib/Detail/Implementations.h","3178","subtract_horizontal","SIMD_FLAGS(InOut, RegisterOnly, ForceInline, Flatten)"
"include/SimdLib/Detail/Implementations.h","3184","set1","SIMD_FLAGS(Out, RegisterOnly, ForceInline)"
"include/SimdLib/Detail/Implementations.h","3188","set","SIMD_FLAGS(Out, RegisterOnly, ForceInline)"
"include/SimdLib/Detail/Implementations.h","3192","setr","SIMD_FLAGS(Out, RegisterOnly, ForceInline)"
"include/SimdLib/Detail/Implementations.h","3198","cmpeq","SIMD_FLAGS(InOut, RegisterOnly, ForceInline)"
"include/SimdLib/Detail/Implementations.h","3202","cmpgt","SIMD_FLAGS(InOut, RegisterOnly, ForceInline)"
"include/SimdLib/Detail/Implementations.h","3216","extract","SIMD_FLAGS(In, RegisterOnly, ForceInline)"
"include/SimdLib/Detail/Implementations.h","3229","extract_slow","SIMD_FLAGS(In, RegisterOnly, ForceInline)"
"include/SimdLib/Detail/Implementations.h","3248","insert","SIMD_FLAGS(InOut, RegisterOnly, ForceInline)"
"include/SimdLib/Detail/Implementations.h","3263","insert_slow","SIMD_FLAGS(InOut, RegisterOnly, ForceInline)"
"include/SimdLib/Detail/Implementations.h","3302","blend_slow","SIMD_FLAGS(InOut, RegisterOnly, ForceInline)"
"include/SimdLib/Detail/Implementations.h","3309","blend","SIMD_FLAGS(InOut, RegisterOnly, ForceInline, Flatten)"
"include/SimdLib/Detail/Implementations.h","3315","movemask","SIMD_FLAGS(In, RegisterOnly, ForceInline)"
"include/SimdLib/Detail/Implementations.h","3352","setzero","SIMD_FLAGS(Out, RegisterOnly, ForceInline, Flatten)"
"include/SimdLib/Detail/Implementations.h","3371","setr","SIMD_FLAGS(Out, RegisterOnly, ForceInline, Flatten)"
"include/SimdLib/Detail/Implementations.h","3395","set1","SIMD_FLAGS(Out, RegisterOnly, ForceInline, Flatten)"
"include/SimdLib/Detail/Implementations.h","3419","multiply_add","SIMD_FLAGS(InOut, RegisterOnly, ForceInline, Flatten)"
"include/SimdLib/Detail/Implementations.h","3428","broadcast_128","SIMD_FLAGS(InOut, RegisterOnly, ForceInline, Flatten)"
"include/SimdLib/Detail/Implementations.h","3451","load_bytes","SIMD_FLAGS(Out, RegisterOnly, ForceInline, Flatten)"
"include/SimdLib/Detail/Implementations.h","3463","load","SIMD_FLAGS(Out, RegisterOnly, ForceInline, Flatten)"
"include/SimdLib/Detail/Implementations.h","3470","load_unaligned","SIMD_FLAGS(Out, RegisterOnly, ForceInline, Flatten)"
"include/SimdLib/Detail/Implementations.h","3480","load_half","SIMD_FLAGS(Out, RegisterOnly, ForceInline, Flatten)"
"include/SimdLib/Detail/Implementations.h","3487","load","SIMD_FLAGS(Out, RegisterOnly, ForceInline, Flatten)"
"include/SimdLib/Detail/Implementations.h","3497","load_unaligned","SIMD_FLAGS(Out, RegisterOnly, ForceInline, Flatten)"
"include/SimdLib/Detail/Implementations.h","3561","bitwise_and","SIMD_FLAGS(InOut, RegisterOnly, ForceInline, Flatten)"
"include/SimdLib/Detail/Implementations.h","3577","bitwise_or","SIMD_FLAGS(InOut, RegisterOnly, ForceInline, Flatten)"
"include/SimdLib/Detail/Implementations.h","3593","bitwise_xor","SIMD_FLAGS(InOut, RegisterOnly, ForceInline, Flatten)"
"include/SimdLib/Detail/Implementations.h","3608","bitwise_not","SIMD_FLAGS(InOut, RegisterOnly, ForceInline, Flatten)"
"include/SimdLib/Detail/Implementations.h","3624","bitwise_andnot","SIMD_FLAGS(InOut, RegisterOnly, ForceInline, Flatten)"
"include/SimdLib/Detail/Implementations.h","3636","negate","SIMD_FLAGS(InOut, RegisterOnly, ForceInline, Flatten)"
"include/SimdLib/Detail/Implementations.h","3649","negate","SIMD_FLAGS(InOut, RegisterOnly, ForceInline, Flatten)"
"include/SimdLib/Detail/Implementations.h","3667","byte_shift_left_slow","SIMD_FLAGS(InOut, RegisterOnly, ForceInline, Flatten)"
"include/SimdLib/Detail/Implementations.h","3678","byte_shift_right_slow","SIMD_FLAGS(InOut, RegisterOnly, ForceInline, Flatten)"
"include/SimdLib/Detail/Implementations.h","3689","bit_shift_left_slow","SIMD_FLAGS(InOut, RegisterOnly, ForceInline, Flatten)"
"include/SimdLib/Detail/Implementations.h","3700","bit_shift_right_slow","SIMD_FLAGS(InOut, RegisterOnly, ForceInline, Flatten)"
"include/SimdLib/Detail/Implementations.h","3711","bit_shift_left","SIMD_FLAGS(InOut, RegisterOnly, ForceInline, Flatten)"
"include/SimdLib/Detail/Implementations.h","3722","bit_shift_right","SIMD_FLAGS(InOut, RegisterOnly, ForceInline, Flatten)"
"include/SimdLib/Detail/Implementations.h","3735","shuffle_32_slow","SIMD_FLAGS(InOut, RegisterOnly, ForceInline, Flatten)"
"include/SimdLib/Detail/Implementations.h","3743","shuffle_32","SIMD_FLAGS(InOut, RegisterOnly, ForceInline, Flatten)"
"include/SimdLib/Detail/Implementations.h","3750","shuffle","SIMD_FLAGS(InOut, RegisterOnly, ForceInline, Flatten)"
"include/SimdLib/Detail/Implementations.h","3761","movemask","SIMD_FLAGS(In, RegisterOnly, ForceInline, Flatten)"
"include/SimdLib/Detail/Implementations.h","3772","movemask_slim","SIMD_FLAGS(In, RegisterOnly, ForceInline, Flatten)"
"include/SimdLib/Detail/Implementations.h","3784","test","SIMD_FLAGS(In, RegisterOnly, ForceInline, Flatten)"
"include/SimdLib/Detail/Implementations.h","3791","testz","SIMD_FLAGS(In, RegisterOnly, ForceInline, Flatten)"
"include/SimdLib/Detail/Implementations.h","3799","testnzc","SIMD_FLAGS(In, RegisterOnly, ForceInline, Flatten)"
"include/SimdLib/Detail/Implementations.h","3828","swizzle_msb","SIMD_FLAGS(InOut, RegisterOnly, ForceInline, Flatten)"
"include/SimdLib/Detail/Implementations.h","3904","make_logical_shuffle_256_byte_control","SIMD_FLAGS(Out, RegisterOnly, ForceInline, Flatten)"
"include/SimdLib/Detail/Implementations.h","3913","select","SIMD_FLAGS(InOut, RegisterOnly, ForceInline)"
"include/SimdLib/Detail/Implementations.h","3926","shuffle","SIMD_FLAGS(InOut, RegisterOnly, ForceInline, Flatten)"
"include/SimdLib/Detail/Implementations.h","3945","add","SIMD_FLAGS(InOut, RegisterOnly, ForceInline, Flatten)"
"include/SimdLib/Detail/Implementations.h","3950","multiply_add_adjacent","SIMD_FLAGS(InOut, RegisterOnly, ForceInline, Flatten)"
"include/SimdLib/Detail/Implementations.h","3959","multiply_add_unsigned_signed_bytes","SIMD_FLAGS(InOut, RegisterOnly, ForceInline, Flatten)"
"include/SimdLib/Detail/Implementations.h","3963","subtract","SIMD_FLAGS(InOut, RegisterOnly, ForceInline, Flatten)"
"include/SimdLib/Detail/Implementations.h","3967","multiply","SIMD_FLAGS(InOut, RegisterOnly, ForceInline, Flatten)"
"include/SimdLib/Detail/Implementations.h","3972","divide","SIMD_FLAGS(InOut, RegisterOnly, ForceInline, Flatten)"
"include/SimdLib/Detail/Implementations.h","3977","modulus","SIMD_FLAGS(InOut, RegisterOnly, ForceInline, Flatten)"
"include/SimdLib/Detail/Implementations.h","3982","sqrt","SIMD_FLAGS(InOut, RegisterOnly, ForceInline, Flatten)"
"include/SimdLib/Detail/Implementations.h","4008","magnitude","SIMD_FLAGS(InOut, RegisterOnly, ForceInline, Flatten)"
"include/SimdLib/Detail/Implementations.h","4016","magnitude_checked","SIMD_FLAGS(InOut, RegisterOnly, ForceInline, Flatten)"
"include/SimdLib/Detail/Implementations.h","4024","min_position","SIMD_FLAGS(In, RegisterOnly, ForceInline, Flatten)"
"include/SimdLib/Detail/Implementations.h","4039","sum_absolute_byte_differences","SIMD_FLAGS(InOut, RegisterOnly, ForceInline, Flatten)"
"include/SimdLib/Detail/Implementations.h","4044","multi_sum_absolute_byte_differences","SIMD_FLAGS(InOut, RegisterOnly, ForceInline, Flatten)"
"include/SimdLib/Detail/Implementations.h","4050","absolute","SIMD_FLAGS(InOut, RegisterOnly, ForceInline, Flatten)"
"include/SimdLib/Detail/Implementations.h","4059","min","SIMD_FLAGS(InOut, RegisterOnly, ForceInline, Flatten)"
"include/SimdLib/Detail/Implementations.h","4064","max","SIMD_FLAGS(InOut, RegisterOnly, ForceInline, Flatten)"
"include/SimdLib/Detail/Implementations.h","4085","add_saturated","SIMD_FLAGS(InOut, RegisterOnly, ForceInline, Flatten)"
"include/SimdLib/Detail/Implementations.h","4090","subtract_saturated","SIMD_FLAGS(InOut, RegisterOnly, ForceInline, Flatten)"
"include/SimdLib/Detail/Implementations.h","4096","set1","SIMD_FLAGS(Out, RegisterOnly, ForceInline)"
"include/SimdLib/Detail/Implementations.h","4100","set","SIMD_FLAGS(Out, RegisterOnly, ForceInline)"
"include/SimdLib/Detail/Implementations.h","4104","setr","SIMD_FLAGS(Out, RegisterOnly, ForceInline)"
"include/SimdLib/Detail/Implementations.h","4110","cmpeq","SIMD_FLAGS(InOut, RegisterOnly, ForceInline)"
"include/SimdLib/Detail/Implementations.h","4114","cmpgt","SIMD_FLAGS(InOut, RegisterOnly, ForceInline)"
"include/SimdLib/Detail/Implementations.h","4126","extract","SIMD_FLAGS(In, RegisterOnly, ForceInline)"
"include/SimdLib/Detail/Implementations.h","4136","extract_slow","SIMD_FLAGS(In, RegisterOnly, ForceInline)"
"include/SimdLib/Detail/Implementations.h","4149","insert","SIMD_FLAGS(InOut, RegisterOnly, ForceInline)"
"include/SimdLib/Detail/Implementations.h","4160","insert_slow","SIMD_FLAGS(InOut, RegisterOnly, ForceInline)"
"include/SimdLib/Detail/Implementations.h","4184","shuffle","SIMD_FLAGS(InOut, RegisterOnly, ForceInline)"
"include/SimdLib/Detail/Implementations.h","4190","blend","SIMD_FLAGS(InOut, RegisterOnly, ForceInline)"
"include/SimdLib/Detail/Implementations.h","4194","movemask","SIMD_FLAGS(In, RegisterOnly, ForceInline)"
"include/SimdLib/Detail/Implementations.h","4203","select","SIMD_FLAGS(InOut, RegisterOnly, ForceInline)"
"include/SimdLib/Detail/Implementations.h","4216","shuffle","SIMD_FLAGS(InOut, RegisterOnly, ForceInline, Flatten)"
"include/SimdLib/Detail/Implementations.h","4235","add","SIMD_FLAGS(InOut, RegisterOnly, ForceInline, Flatten)"
"include/SimdLib/Detail/Implementations.h","4240","multiply_add_adjacent","SIMD_FLAGS(InOut, RegisterOnly, ForceInline, Flatten)"
"include/SimdLib/Detail/Implementations.h","4249","multiply_add_unsigned_signed_bytes","SIMD_FLAGS(InOut, RegisterOnly, ForceInline, Flatten)"
"include/SimdLib/Detail/Implementations.h","4253","subtract","SIMD_FLAGS(InOut, RegisterOnly, ForceInline, Flatten)"
"include/SimdLib/Detail/Implementations.h","4257","multiply","SIMD_FLAGS(InOut, RegisterOnly, ForceInline, Flatten)"
"include/SimdLib/Detail/Implementations.h","4262","divide","SIMD_FLAGS(InOut, RegisterOnly, ForceInline, Flatten)"
"include/SimdLib/Detail/Implementations.h","4267","modulus","SIMD_FLAGS(InOut, RegisterOnly, ForceInline, Flatten)"
"include/SimdLib/Detail/Implementations.h","4272","sqrt","SIMD_FLAGS(InOut, RegisterOnly, ForceInline, Flatten)"
"include/SimdLib/Detail/Implementations.h","4298","magnitude","SIMD_FLAGS(InOut, RegisterOnly, ForceInline, Flatten)"
"include/SimdLib/Detail/Implementations.h","4306","magnitude_checked","SIMD_FLAGS(InOut, RegisterOnly, ForceInline, Flatten)"
"include/SimdLib/Detail/Implementations.h","4314","min_position","SIMD_FLAGS(In, RegisterOnly, ForceInline, Flatten)"
"include/SimdLib/Detail/Implementations.h","4329","sum_absolute_byte_differences","SIMD_FLAGS(InOut, RegisterOnly, ForceInline, Flatten)"
"include/SimdLib/Detail/Implementations.h","4334","multi_sum_absolute_byte_differences","SIMD_FLAGS(InOut, RegisterOnly, ForceInline, Flatten)"
"include/SimdLib/Detail/Implementations.h","4340","absolute","SIMD_FLAGS(InOut, RegisterOnly, ForceInline, Flatten)"
"include/SimdLib/Detail/Implementations.h","4349","min","SIMD_FLAGS(InOut, RegisterOnly, ForceInline, Flatten)"
"include/SimdLib/Detail/Implementations.h","4354","max","SIMD_FLAGS(InOut, RegisterOnly, ForceInline, Flatten)"
"include/SimdLib/Detail/Implementations.h","4359","avg","SIMD_FLAGS(InOut, RegisterOnly, ForceInline, Flatten)"
"include/SimdLib/Detail/Implementations.h","4380","add_saturated","SIMD_FLAGS(InOut, RegisterOnly, ForceInline, Flatten)"
"include/SimdLib/Detail/Implementations.h","4385","subtract_saturated","SIMD_FLAGS(InOut, RegisterOnly, ForceInline, Flatten)"
"include/SimdLib/Detail/Implementations.h","4391","set1","SIMD_FLAGS(Out, RegisterOnly, ForceInline)"
"include/SimdLib/Detail/Implementations.h","4395","set","SIMD_FLAGS(Out, RegisterOnly, ForceInline)"
"include/SimdLib/Detail/Implementations.h","4399","setr","SIMD_FLAGS(Out, RegisterOnly, ForceInline)"
"include/SimdLib/Detail/Implementations.h","4405","cmpeq","SIMD_FLAGS(InOut, RegisterOnly, ForceInline)"
"include/SimdLib/Detail/Implementations.h","4409","cmpgt","SIMD_FLAGS(InOut, RegisterOnly, ForceInline)"
"include/SimdLib/Detail/Implementations.h","4421","extract","SIMD_FLAGS(In, RegisterOnly, ForceInline)"
"include/SimdLib/Detail/Implementations.h","4431","extract_slow","SIMD_FLAGS(In, RegisterOnly, ForceInline)"
"include/SimdLib/Detail/Implementations.h","4444","insert","SIMD_FLAGS(InOut, RegisterOnly, ForceInline)"
"include/SimdLib/Detail/Implementations.h","4455","insert_slow","SIMD_FLAGS(InOut, RegisterOnly, ForceInline)"
"include/SimdLib/Detail/Implementations.h","4479","shuffle","SIMD_FLAGS(InOut, RegisterOnly, ForceInline)"
"include/SimdLib/Detail/Implementations.h","4485","blend","SIMD_FLAGS(InOut, RegisterOnly, ForceInline)"
"include/SimdLib/Detail/Implementations.h","4489","movemask","SIMD_FLAGS(In, RegisterOnly, ForceInline)"
"include/SimdLib/Detail/Implementations.h","4498","select","SIMD_FLAGS(InOut, RegisterOnly, ForceInline)"
"include/SimdLib/Detail/Implementations.h","4511","shuffle","SIMD_FLAGS(InOut, RegisterOnly, ForceInline, Flatten)"
"include/SimdLib/Detail/Implementations.h","4530","add","SIMD_FLAGS(InOut, RegisterOnly, ForceInline, Flatten)"
"include/SimdLib/Detail/Implementations.h","4535","multiply_add_adjacent","SIMD_FLAGS(InOut, RegisterOnly, ForceInline, Flatten)"
"include/SimdLib/Detail/Implementations.h","4540","multiply_add_unsigned_signed_bytes","SIMD_FLAGS(InOut, RegisterOnly, ForceInline, Flatten)"
"include/SimdLib/Detail/Implementations.h","4544","subtract","SIMD_FLAGS(InOut, RegisterOnly, ForceInline, Flatten)"
"include/SimdLib/Detail/Implementations.h","4548","multiply","SIMD_FLAGS(InOut, RegisterOnly, ForceInline, Flatten)"
"include/SimdLib/Detail/Implementations.h","4553","divide","SIMD_FLAGS(InOut, RegisterOnly, ForceInline, Flatten)"
"include/SimdLib/Detail/Implementations.h","4558","modulus","SIMD_FLAGS(InOut, RegisterOnly, ForceInline, Flatten)"
"include/SimdLib/Detail/Implementations.h","4563","sqrt","SIMD_FLAGS(InOut, RegisterOnly, ForceInline, Flatten)"
"include/SimdLib/Detail/Implementations.h","4580","magnitude","SIMD_FLAGS(InOut, RegisterOnly, ForceInline, Flatten)"
"include/SimdLib/Detail/Implementations.h","4588","magnitude_checked","SIMD_FLAGS(InOut, RegisterOnly, ForceInline, Flatten)"
"include/SimdLib/Detail/Implementations.h","4596","min_position","SIMD_FLAGS(In, RegisterOnly, ForceInline, Flatten)"
"include/SimdLib/Detail/Implementations.h","4611","sum_absolute_byte_differences","SIMD_FLAGS(InOut, RegisterOnly, ForceInline, Flatten)"
"include/SimdLib/Detail/Implementations.h","4616","multi_sum_absolute_byte_differences","SIMD_FLAGS(InOut, RegisterOnly, ForceInline, Flatten)"
"include/SimdLib/Detail/Implementations.h","4622","absolute","SIMD_FLAGS(InOut, RegisterOnly, ForceInline, Flatten)"
"include/SimdLib/Detail/Implementations.h","4631","min","SIMD_FLAGS(InOut, RegisterOnly, ForceInline, Flatten)"
"include/SimdLib/Detail/Implementations.h","4636","max","SIMD_FLAGS(InOut, RegisterOnly, ForceInline, Flatten)"
"include/SimdLib/Detail/Implementations.h","4657","add_horizontal","SIMD_FLAGS(InOut, RegisterOnly, ForceInline, Flatten)"
"include/SimdLib/Detail/Implementations.h","4662","subtract_horizontal","SIMD_FLAGS(InOut, RegisterOnly, ForceInline, Flatten)"
"include/SimdLib/Detail/Implementations.h","4667","hadd_saturated","SIMD_FLAGS(InOut, RegisterOnly, ForceInline, Flatten)"
"include/SimdLib/Detail/Implementations.h","4672","hsubtract_saturated","SIMD_FLAGS(InOut, RegisterOnly, ForceInline, Flatten)"
"include/SimdLib/Detail/Implementations.h","4679","add_saturated","SIMD_FLAGS(InOut, RegisterOnly, ForceInline, Flatten)"
"include/SimdLib/Detail/Implementations.h","4684","subtract_saturated","SIMD_FLAGS(InOut, RegisterOnly, ForceInline, Flatten)"
"include/SimdLib/Detail/Implementations.h","4704","set1","SIMD_FLAGS(Out, RegisterOnly, ForceInline)"
"include/SimdLib/Detail/Implementations.h","4708","set","SIMD_FLAGS(Out, RegisterOnly, ForceInline)"
"include/SimdLib/Detail/Implementations.h","4712","setr","SIMD_FLAGS(Out, RegisterOnly, ForceInline)"
"include/SimdLib/Detail/Implementations.h","4718","cmpeq","SIMD_FLAGS(InOut, RegisterOnly, ForceInline)"
"include/SimdLib/Detail/Implementations.h","4722","cmpgt","SIMD_FLAGS(InOut, RegisterOnly, ForceInline)"
"include/SimdLib/Detail/Implementations.h","4738","extract","SIMD_FLAGS(In, RegisterOnly, ForceInline)"
"include/SimdLib/Detail/Implementations.h","4748","extract_slow","SIMD_FLAGS(In, RegisterOnly, ForceInline)"
"include/SimdLib/Detail/Implementations.h","4761","insert","SIMD_FLAGS(InOut, RegisterOnly, ForceInline)"
"include/SimdLib/Detail/Implementations.h","4772","insert_slow","SIMD_FLAGS(InOut, RegisterOnly, ForceInline)"
"include/SimdLib/Detail/Implementations.h","4800","shuffle_lo_slow","SIMD_FLAGS(InOut, RegisterOnly, ForceInline)"
"include/SimdLib/Detail/Implementations.h","4805","shuffle_lo","SIMD_FLAGS(InOut, RegisterOnly, ForceInline, Flatten)"
"include/SimdLib/Detail/Implementations.h","4814","shuffle_hi_slow","SIMD_FLAGS(InOut, RegisterOnly, ForceInline)"
"include/SimdLib/Detail/Implementations.h","4819","shuffle_hi","SIMD_FLAGS(InOut, RegisterOnly, ForceInline, Flatten)"
"include/SimdLib/Detail/Implementations.h","4834","blend","SIMD_FLAGS(InOut, RegisterOnly, ForceInline, Flatten)"
"include/SimdLib/Detail/Implementations.h","4845","select","SIMD_FLAGS(InOut, RegisterOnly, ForceInline)"
"include/SimdLib/Detail/Implementations.h","4858","shuffle","SIMD_FLAGS(InOut, RegisterOnly, ForceInline, Flatten)"
"include/SimdLib/Detail/Implementations.h","4877","add","SIMD_FLAGS(InOut, RegisterOnly, ForceInline, Flatten)"
"include/SimdLib/Detail/Implementations.h","4882","multiply_add_unsigned_signed_bytes","SIMD_FLAGS(InOut, RegisterOnly, ForceInline, Flatten)"
"include/SimdLib/Detail/Implementations.h","4887","multiply_add_adjacent","SIMD_FLAGS(InOut, RegisterOnly, ForceInline, Flatten)"
"include/SimdLib/Detail/Implementations.h","4895","subtract","SIMD_FLAGS(InOut, RegisterOnly, ForceInline, Flatten)"
"include/SimdLib/Detail/Implementations.h","4899","multiply","SIMD_FLAGS(InOut, RegisterOnly, ForceInline, Flatten)"
"include/SimdLib/Detail/Implementations.h","4904","divide","SIMD_FLAGS(InOut, RegisterOnly, ForceInline, Flatten)"
"include/SimdLib/Detail/Implementations.h","4909","modulus","SIMD_FLAGS(InOut, RegisterOnly, ForceInline, Flatten)"
"include/SimdLib/Detail/Implementations.h","4914","sqrt","SIMD_FLAGS(InOut, RegisterOnly, ForceInline, Flatten)"
"include/SimdLib/Detail/Implementations.h","4931","magnitude","SIMD_FLAGS(InOut, RegisterOnly, ForceInline, Flatten)"
"include/SimdLib/Detail/Implementations.h","4939","magnitude_checked","SIMD_FLAGS(InOut, RegisterOnly, ForceInline, Flatten)"
"include/SimdLib/Detail/Implementations.h","4947","min_position","SIMD_FLAGS(In, RegisterOnly, ForceInline, Flatten)"
"include/SimdLib/Detail/Implementations.h","4962","sum_absolute_byte_differences","SIMD_FLAGS(InOut, RegisterOnly, ForceInline, Flatten)"
"include/SimdLib/Detail/Implementations.h","4967","multi_sum_absolute_byte_differences","SIMD_FLAGS(InOut, RegisterOnly, ForceInline, Flatten)"
"include/SimdLib/Detail/Implementations.h","4973","absolute","SIMD_FLAGS(InOut, RegisterOnly, ForceInline, Flatten)"
"include/SimdLib/Detail/Implementations.h","4982","min","SIMD_FLAGS(InOut, RegisterOnly, ForceInline, Flatten)"
"include/SimdLib/Detail/Implementations.h","4987","max","SIMD_FLAGS(InOut, RegisterOnly, ForceInline, Flatten)"
"include/SimdLib/Detail/Implementations.h","4992","avg","SIMD_FLAGS(InOut, RegisterOnly, ForceInline, Flatten)"
"include/SimdLib/Detail/Implementations.h","5013","add_horizontal","SIMD_FLAGS(InOut, RegisterOnly, ForceInline, Flatten)"
"include/SimdLib/Detail/Implementations.h","5018","subtract_horizontal","SIMD_FLAGS(InOut, RegisterOnly, ForceInline, Flatten)"
"include/SimdLib/Detail/Implementations.h","5023","hadd_saturated","SIMD_FLAGS(InOut, RegisterOnly, ForceInline, Flatten)"
"include/SimdLib/Detail/Implementations.h","5031","hsubtract_saturated","SIMD_FLAGS(InOut, RegisterOnly, ForceInline, Flatten)"
"include/SimdLib/Detail/Implementations.h","5041","add_saturated","SIMD_FLAGS(InOut, RegisterOnly, ForceInline, Flatten)"
"include/SimdLib/Detail/Implementations.h","5046","subtract_saturated","SIMD_FLAGS(InOut, RegisterOnly, ForceInline, Flatten)"
"include/SimdLib/Detail/Implementations.h","5066","set1","SIMD_FLAGS(Out, RegisterOnly, ForceInline)"
"include/SimdLib/Detail/Implementations.h","5070","set","SIMD_FLAGS(Out, RegisterOnly, ForceInline)"
"include/SimdLib/Detail/Implementations.h","5074","setr","SIMD_FLAGS(Out, RegisterOnly, ForceInline)"
"include/SimdLib/Detail/Implementations.h","5080","cmpeq","SIMD_FLAGS(InOut, RegisterOnly, ForceInline)"
"include/SimdLib/Detail/Implementations.h","5084","cmpgt","SIMD_FLAGS(InOut, RegisterOnly, ForceInline)"
"include/SimdLib/Detail/Implementations.h","5100","extract","SIMD_FLAGS(In, RegisterOnly, ForceInline)"
"include/SimdLib/Detail/Implementations.h","5110","extract_slow","SIMD_FLAGS(In, RegisterOnly, ForceInline)"
"include/SimdLib/Detail/Implementations.h","5123","insert","SIMD_FLAGS(InOut, RegisterOnly, ForceInline)"
"include/SimdLib/Detail/Implementations.h","5134","insert_slow","SIMD_FLAGS(InOut, RegisterOnly, ForceInline)"
"include/SimdLib/Detail/Implementations.h","5162","shuffle_lo_slow","SIMD_FLAGS(InOut, RegisterOnly, ForceInline)"
"include/SimdLib/Detail/Implementations.h","5167","shuffle_lo","SIMD_FLAGS(InOut, RegisterOnly, ForceInline, Flatten)"
"include/SimdLib/Detail/Implementations.h","5176","shuffle_hi_slow","SIMD_FLAGS(InOut, RegisterOnly, ForceInline)"
"include/SimdLib/Detail/Implementations.h","5181","shuffle_hi","SIMD_FLAGS(InOut, RegisterOnly, ForceInline, Flatten)"
"include/SimdLib/Detail/Implementations.h","5196","blend","SIMD_FLAGS(InOut, RegisterOnly, ForceInline, Flatten)"
"include/SimdLib/Detail/Implementations.h","5207","select","SIMD_FLAGS(InOut, RegisterOnly, ForceInline)"
"include/SimdLib/Detail/Implementations.h","5220","shuffle","SIMD_FLAGS(InOut, RegisterOnly, ForceInline, Flatten)"
"include/SimdLib/Detail/Implementations.h","5226","add","SIMD_FLAGS(InOut, RegisterOnly, ForceInline, Flatten)"
"include/SimdLib/Detail/Implementations.h","5231","multiply_add_adjacent","SIMD_FLAGS(InOut, RegisterOnly, ForceInline, Flatten)"
"include/SimdLib/Detail/Implementations.h","5238","multiply_add_unsigned_signed_bytes","SIMD_FLAGS(InOut, RegisterOnly, ForceInline, Flatten)"
"include/SimdLib/Detail/Implementations.h","5242","subtract","SIMD_FLAGS(InOut, RegisterOnly, ForceInline, Flatten)"
"include/SimdLib/Detail/Implementations.h","5246","multiply","SIMD_FLAGS(InOut, RegisterOnly, ForceInline, Flatten)"
"include/SimdLib/Detail/Implementations.h","5251","divide","SIMD_FLAGS(InOut, RegisterOnly, ForceInline, Flatten)"
"include/SimdLib/Detail/Implementations.h","5256","modulus","SIMD_FLAGS(InOut, RegisterOnly, ForceInline, Flatten)"
"include/SimdLib/Detail/Implementations.h","5261","sqrt","SIMD_FLAGS(InOut, RegisterOnly, ForceInline, Flatten)"
"include/SimdLib/Detail/Implementations.h","5267","magnitude","SIMD_FLAGS(InOut, RegisterOnly, ForceInline, Flatten)"
"include/SimdLib/Detail/Implementations.h","5275","magnitude_checked","SIMD_FLAGS(InOut, RegisterOnly, ForceInline, Flatten)"
"include/SimdLib/Detail/Implementations.h","5283","min_position","SIMD_FLAGS(In, RegisterOnly, ForceInline, Flatten)"
"include/SimdLib/Detail/Implementations.h","5298","sum_absolute_byte_differences","SIMD_FLAGS(InOut, RegisterOnly, ForceInline, Flatten)"
"include/SimdLib/Detail/Implementations.h","5303","multi_sum_absolute_byte_differences","SIMD_FLAGS(InOut, RegisterOnly, ForceInline, Flatten)"
"include/SimdLib/Detail/Implementations.h","5309","absolute","SIMD_FLAGS(InOut, RegisterOnly, ForceInline, Flatten)"
"include/SimdLib/Detail/Implementations.h","5318","min","SIMD_FLAGS(InOut, RegisterOnly, ForceInline, Flatten)"
"include/SimdLib/Detail/Implementations.h","5323","max","SIMD_FLAGS(InOut, RegisterOnly, ForceInline, Flatten)"
"include/SimdLib/Detail/Implementations.h","5344","add_horizontal","SIMD_FLAGS(InOut, RegisterOnly, ForceInline, Flatten)"
"include/SimdLib/Detail/Implementations.h","5349","subtract_horizontal","SIMD_FLAGS(InOut, RegisterOnly, ForceInline, Flatten)"
"include/SimdLib/Detail/Implementations.h","5355","set1","SIMD_FLAGS(Out, RegisterOnly, ForceInline)"
"include/SimdLib/Detail/Implementations.h","5359","set","SIMD_FLAGS(Out, RegisterOnly, ForceInline)"
"include/SimdLib/Detail/Implementations.h","5363","setr","SIMD_FLAGS(Out, RegisterOnly, ForceInline)"
"include/SimdLib/Detail/Implementations.h","5369","cmpeq","SIMD_FLAGS(InOut, RegisterOnly, ForceInline)"
"include/SimdLib/Detail/Implementations.h","5373","cmpgt","SIMD_FLAGS(InOut, RegisterOnly, ForceInline)"
"include/SimdLib/Detail/Implementations.h","5389","extract","SIMD_FLAGS(In, RegisterOnly, ForceInline)"
"include/SimdLib/Detail/Implementations.h","5399","extract_slow","SIMD_FLAGS(In, RegisterOnly, ForceInline)"
"include/SimdLib/Detail/Implementations.h","5411","insert","SIMD_FLAGS(InOut, RegisterOnly, ForceInline)"
"include/SimdLib/Detail/Implementations.h","5422","insert_slow","SIMD_FLAGS(InOut, RegisterOnly, ForceInline)"
"include/SimdLib/Detail/Implementations.h","5450","shuffle_lo_slow","SIMD_FLAGS(InOut, RegisterOnly, ForceInline)"
"include/SimdLib/Detail/Implementations.h","5459","shuffle_hi_slow","SIMD_FLAGS(InOut, RegisterOnly, ForceInline)"
"include/SimdLib/Detail/Implementations.h","5474","blend","SIMD_FLAGS(InOut, RegisterOnly, ForceInline, Flatten)"
"include/SimdLib/Detail/Implementations.h","5485","select","SIMD_FLAGS(InOut, RegisterOnly, ForceInline)"
"include/SimdLib/Detail/Implementations.h","5498","shuffle","SIMD_FLAGS(InOut, RegisterOnly, ForceInline, Flatten)"
"include/SimdLib/Detail/Implementations.h","5504","add","SIMD_FLAGS(InOut, RegisterOnly, ForceInline, Flatten)"
"include/SimdLib/Detail/Implementations.h","5519","multiply_add_adjacent","SIMD_FLAGS(InOut, RegisterOnly, ForceInline, Flatten)"
"include/SimdLib/Detail/Implementations.h","5526","multiply_add_unsigned_signed_bytes","SIMD_FLAGS(InOut, RegisterOnly, ForceInline, Flatten)"
"include/SimdLib/Detail/Implementations.h","5530","subtract","SIMD_FLAGS(InOut, RegisterOnly, ForceInline, Flatten)"
"include/SimdLib/Detail/Implementations.h","5534","multiply","SIMD_FLAGS(InOut, RegisterOnly, ForceInline, Flatten)"
"include/SimdLib/Detail/Implementations.h","5539","divide","SIMD_FLAGS(InOut, RegisterOnly, ForceInline, Flatten)"
"include/SimdLib/Detail/Implementations.h","5544","modulus","SIMD_FLAGS(InOut, RegisterOnly, ForceInline, Flatten)"
"include/SimdLib/Detail/Implementations.h","5549","sqrt","SIMD_FLAGS(InOut, RegisterOnly, ForceInline, Flatten)"
"include/SimdLib/Detail/Implementations.h","5560","magnitude","SIMD_FLAGS(InOut, RegisterOnly, ForceInline, Flatten)"
"include/SimdLib/Detail/Implementations.h","5568","magnitude_checked","SIMD_FLAGS(InOut, RegisterOnly, ForceInline, Flatten)"
"include/SimdLib/Detail/Implementations.h","5576","min_position","SIMD_FLAGS(In, RegisterOnly, ForceInline, Flatten)"
"include/SimdLib/Detail/Implementations.h","5591","sum_absolute_byte_differences","SIMD_FLAGS(InOut, RegisterOnly, ForceInline, Flatten)"
"include/SimdLib/Detail/Implementations.h","5596","multi_sum_absolute_byte_differences","SIMD_FLAGS(InOut, RegisterOnly, ForceInline, Flatten)"
"include/SimdLib/Detail/Implementations.h","5602","absolute","SIMD_FLAGS(InOut, RegisterOnly, ForceInline, Flatten)"
"include/SimdLib/Detail/Implementations.h","5611","min","SIMD_FLAGS(InOut, RegisterOnly, ForceInline, Flatten)"
"include/SimdLib/Detail/Implementations.h","5616","max","SIMD_FLAGS(InOut, RegisterOnly, ForceInline, Flatten)"
"include/SimdLib/Detail/Implementations.h","5637","add_horizontal","SIMD_FLAGS(InOut, RegisterOnly, ForceInline, Flatten)"
"include/SimdLib/Detail/Implementations.h","5642","subtract_horizontal","SIMD_FLAGS(InOut, RegisterOnly, ForceInline, Flatten)"
"include/SimdLib/Detail/Implementations.h","5648","set1","SIMD_FLAGS(Out, RegisterOnly, ForceInline)"
"include/SimdLib/Detail/Implementations.h","5652","set","SIMD_FLAGS(Out, RegisterOnly, ForceInline)"
"include/SimdLib/Detail/Implementations.h","5656","setr","SIMD_FLAGS(Out, RegisterOnly, ForceInline)"
"include/SimdLib/Detail/Implementations.h","5662","cmpeq","SIMD_FLAGS(InOut, RegisterOnly, ForceInline)"
"include/SimdLib/Detail/Implementations.h","5666","cmpgt","SIMD_FLAGS(InOut, RegisterOnly, ForceInline)"
"include/SimdLib/Detail/Implementations.h","5682","extract","SIMD_FLAGS(In, RegisterOnly, ForceInline)"
"include/SimdLib/Detail/Implementations.h","5692","extract_slow","SIMD_FLAGS(In, RegisterOnly, ForceInline)"
"include/SimdLib/Detail/Implementations.h","5704","insert","SIMD_FLAGS(InOut, RegisterOnly, ForceInline)"
"include/SimdLib/Detail/Implementations.h","5715","insert_slow","SIMD_FLAGS(InOut, RegisterOnly, ForceInline)"
"include/SimdLib/Detail/Implementations.h","5743","shuffle_lo_slow","SIMD_FLAGS(InOut, RegisterOnly, ForceInline)"
"include/SimdLib/Detail/Implementations.h","5752","shuffle_hi_slow","SIMD_FLAGS(InOut, RegisterOnly, ForceInline)"
"include/SimdLib/Detail/Implementations.h","5767","blend","SIMD_FLAGS(InOut, RegisterOnly, ForceInline, Flatten)"
"include/SimdLib/Detail/Implementations.h","5778","select","SIMD_FLAGS(InOut, RegisterOnly, ForceInline)"
"include/SimdLib/Detail/Implementations.h","5791","shuffle","SIMD_FLAGS(InOut, RegisterOnly, ForceInline, Flatten)"
"include/SimdLib/Detail/Implementations.h","5797","add","SIMD_FLAGS(InOut, RegisterOnly, ForceInline, Flatten)"
"include/SimdLib/Detail/Implementations.h","5802","multiply_add_adjacent","SIMD_FLAGS(InOut, RegisterOnly, ForceInline, Flatten)"
"include/SimdLib/Detail/Implementations.h","5809","multiply_add_unsigned_signed_bytes","SIMD_FLAGS(InOut, RegisterOnly, ForceInline, Flatten)"
"include/SimdLib/Detail/Implementations.h","5813","subtract","SIMD_FLAGS(InOut, RegisterOnly, ForceInline, Flatten)"
"include/SimdLib/Detail/Implementations.h","5817","multiply","SIMD_FLAGS(InOut, RegisterOnly, ForceInline, Flatten)"
"include/SimdLib/Detail/Implementations.h","5822","divide","SIMD_FLAGS(InOut, RegisterOnly, ForceInline, Flatten)"
"include/SimdLib/Detail/Implementations.h","5827","modulus","SIMD_FLAGS(InOut, RegisterOnly, ForceInline, Flatten)"
"include/SimdLib/Detail/Implementations.h","5832","sqrt","SIMD_FLAGS(InOut, RegisterOnly, ForceInline, Flatten)"
"include/SimdLib/Detail/Implementations.h","5839","magnitude","SIMD_FLAGS(InOut, RegisterOnly, ForceInline, Flatten)"
"include/SimdLib/Detail/Implementations.h","5847","magnitude_checked","SIMD_FLAGS(InOut, RegisterOnly, ForceInline, Flatten)"
"include/SimdLib/Detail/Implementations.h","5855","min_position","SIMD_FLAGS(In, RegisterOnly, ForceInline, Flatten)"
"include/SimdLib/Detail/Implementations.h","5870","sum_absolute_byte_differences","SIMD_FLAGS(InOut, RegisterOnly, ForceInline, Flatten)"
"include/SimdLib/Detail/Implementations.h","5875","multi_sum_absolute_byte_differences","SIMD_FLAGS(InOut, RegisterOnly, ForceInline, Flatten)"
"include/SimdLib/Detail/Implementations.h","5881","absolute","SIMD_FLAGS(InOut, RegisterOnly, ForceInline, Flatten)"
"include/SimdLib/Detail/Implementations.h","5890","min","SIMD_FLAGS(InOut, RegisterOnly, ForceInline, Flatten)"
"include/SimdLib/Detail/Implementations.h","5895","max","SIMD_FLAGS(InOut, RegisterOnly, ForceInline, Flatten)"
"include/SimdLib/Detail/Implementations.h","5915","set1","SIMD_FLAGS(Out, RegisterOnly, ForceInline)"
"include/SimdLib/Detail/Implementations.h","5919","set","SIMD_FLAGS(Out, RegisterOnly, ForceInline)"
"include/SimdLib/Detail/Implementations.h","5923","setr","SIMD_FLAGS(Out, RegisterOnly, ForceInline)"
"include/SimdLib/Detail/Implementations.h","5929","cmpeq","SIMD_FLAGS(InOut, RegisterOnly, ForceInline)"
"include/SimdLib/Detail/Implementations.h","5933","cmpgt","SIMD_FLAGS(InOut, RegisterOnly, ForceInline)"
"include/SimdLib/Detail/Implementations.h","5942","extract","SIMD_FLAGS(In, RegisterOnly, ForceInline)"
"include/SimdLib/Detail/Implementations.h","5952","extract_slow","SIMD_FLAGS(In, RegisterOnly, ForceInline)"
"include/SimdLib/Detail/Implementations.h","5966","insert","SIMD_FLAGS(InOut, RegisterOnly, ForceInline)"
"include/SimdLib/Detail/Implementations.h","5977","insert_slow","SIMD_FLAGS(InOut, RegisterOnly, ForceInline)"
"include/SimdLib/Detail/Implementations.h","6003","select","SIMD_FLAGS(InOut, RegisterOnly, ForceInline)"
"include/SimdLib/Detail/Implementations.h","6016","shuffle","SIMD_FLAGS(InOut, RegisterOnly, ForceInline, Flatten)"
"include/SimdLib/Detail/Implementations.h","6022","add","SIMD_FLAGS(InOut, RegisterOnly, ForceInline, Flatten)"
"include/SimdLib/Detail/Implementations.h","6027","multiply_add_adjacent","SIMD_FLAGS(InOut, RegisterOnly, ForceInline, Flatten)"
"include/SimdLib/Detail/Implementations.h","6034","multiply_add_unsigned_signed_bytes","SIMD_FLAGS(InOut, RegisterOnly, ForceInline, Flatten)"
"include/SimdLib/Detail/Implementations.h","6038","subtract","SIMD_FLAGS(InOut, RegisterOnly, ForceInline, Flatten)"
"include/SimdLib/Detail/Implementations.h","6042","multiply","SIMD_FLAGS(InOut, RegisterOnly, ForceInline, Flatten)"
"include/SimdLib/Detail/Implementations.h","6047","divide","SIMD_FLAGS(InOut, RegisterOnly, ForceInline, Flatten)"
"include/SimdLib/Detail/Implementations.h","6052","modulus","SIMD_FLAGS(InOut, RegisterOnly, ForceInline, Flatten)"
"include/SimdLib/Detail/Implementations.h","6057","sqrt","SIMD_FLAGS(InOut, RegisterOnly, ForceInline, Flatten)"
"include/SimdLib/Detail/Implementations.h","6064","magnitude","SIMD_FLAGS(InOut, RegisterOnly, ForceInline, Flatten)"
"include/SimdLib/Detail/Implementations.h","6072","magnitude_checked","SIMD_FLAGS(InOut, RegisterOnly, ForceInline, Flatten)"
"include/SimdLib/Detail/Implementations.h","6080","min_position","SIMD_FLAGS(In, RegisterOnly, ForceInline, Flatten)"
"include/SimdLib/Detail/Implementations.h","6095","sum_absolute_byte_differences","SIMD_FLAGS(InOut, RegisterOnly, ForceInline, Flatten)"
"include/SimdLib/Detail/Implementations.h","6100","multi_sum_absolute_byte_differences","SIMD_FLAGS(InOut, RegisterOnly, ForceInline, Flatten)"
"include/SimdLib/Detail/Implementations.h","6106","absolute","SIMD_FLAGS(InOut, RegisterOnly, ForceInline, Flatten)"
"include/SimdLib/Detail/Implementations.h","6115","min","SIMD_FLAGS(InOut, RegisterOnly, ForceInline, Flatten)"
"include/SimdLib/Detail/Implementations.h","6120","max","SIMD_FLAGS(InOut, RegisterOnly, ForceInline, Flatten)"
"include/SimdLib/Detail/Implementations.h","6140","set1","SIMD_FLAGS(Out, RegisterOnly, ForceInline)"
"include/SimdLib/Detail/Implementations.h","6144","set","SIMD_FLAGS(Out, RegisterOnly, ForceInline)"
"include/SimdLib/Detail/Implementations.h","6148","setr","SIMD_FLAGS(Out, RegisterOnly, ForceInline)"
"include/SimdLib/Detail/Implementations.h","6154","cmpeq","SIMD_FLAGS(InOut, RegisterOnly, ForceInline)"
"include/SimdLib/Detail/Implementations.h","6158","cmpgt","SIMD_FLAGS(InOut, RegisterOnly, ForceInline)"
"include/SimdLib/Detail/Implementations.h","6167","extract","SIMD_FLAGS(In, RegisterOnly, ForceInline)"
"include/SimdLib/Detail/Implementations.h","6177","extract_slow","SIMD_FLAGS(In, RegisterOnly, ForceInline)"
"include/SimdLib/Detail/Implementations.h","6191","insert","SIMD_FLAGS(InOut, RegisterOnly, ForceInline)"
"include/SimdLib/Detail/Implementations.h","6202","insert_slow","SIMD_FLAGS(InOut, RegisterOnly, ForceInline)"
"include/SimdLib/Detail/Implementations.h","6228","select","SIMD_FLAGS(InOut, RegisterOnly, ForceInline)"
"include/SimdLib/Detail/Implementations.h","6241","shuffle","SIMD_FLAGS(InOut, RegisterOnly, ForceInline, Flatten)"
"include/SimdLib/Detail/Implementations.h","6247","add","SIMD_FLAGS(InOut, RegisterOnly, ForceInline, Flatten)"
"include/SimdLib/Detail/Implementations.h","6252","add_subtract","SIMD_FLAGS(InOut, RegisterOnly, ForceInline, Flatten)"
"include/SimdLib/Detail/Implementations.h","6256","subtract","SIMD_FLAGS(InOut, RegisterOnly, ForceInline, Flatten)"
"include/SimdLib/Detail/Implementations.h","6260","multiply","SIMD_FLAGS(InOut, RegisterOnly, ForceInline, Flatten)"
"include/SimdLib/Detail/Implementations.h","6264","divide","SIMD_FLAGS(InOut, RegisterOnly, ForceInline, Flatten)"
"include/SimdLib/Detail/Implementations.h","6269","sqrt","SIMD_FLAGS(InOut, RegisterOnly, ForceInline, Flatten)"
"include/SimdLib/Detail/Implementations.h","6274","magnitude","SIMD_FLAGS(InOut, RegisterOnly, ForceInline, Flatten)"
"include/SimdLib/Detail/Implementations.h","6279","multiply_add","SIMD_FLAGS(InOut, RegisterOnly, ForceInline, Flatten)"
"include/SimdLib/Detail/Implementations.h","6288","dot_product","SIMD_FLAGS(In, RegisterOnly, ForceInline, Flatten)"
"include/SimdLib/Detail/Implementations.h","6300","absolute","SIMD_FLAGS(InOut, RegisterOnly, ForceInline, Flatten)"
"include/SimdLib/Detail/Implementations.h","6309","min","SIMD_FLAGS(InOut, RegisterOnly, ForceInline, Flatten)"
"include/SimdLib/Detail/Implementations.h","6314","max","SIMD_FLAGS(InOut, RegisterOnly, ForceInline, Flatten)"
"include/SimdLib/Detail/Implementations.h","6321","add_horizontal","SIMD_FLAGS(InOut, RegisterOnly, ForceInline, Flatten)"
"include/SimdLib/Detail/Implementations.h","6326","subtract_horizontal","SIMD_FLAGS(InOut, RegisterOnly, ForceInline, Flatten)"
"include/SimdLib/Detail/Implementations.h","6332","set1","SIMD_FLAGS(Out, RegisterOnly, ForceInline)"
"include/SimdLib/Detail/Implementations.h","6336","set","SIMD_FLAGS(Out, RegisterOnly, ForceInline)"
"include/SimdLib/Detail/Implementations.h","6340","setr","SIMD_FLAGS(Out, RegisterOnly, ForceInline)"
"include/SimdLib/Detail/Implementations.h","6346","cmpeq","SIMD_FLAGS(InOut, RegisterOnly, ForceInline)"
"include/SimdLib/Detail/Implementations.h","6350","cmpgt","SIMD_FLAGS(InOut, RegisterOnly, ForceInline)"
"include/SimdLib/Detail/Implementations.h","6362","extract","SIMD_FLAGS(In, RegisterOnly, ForceInline)"
"include/SimdLib/Detail/Implementations.h","6382","extract_slow","SIMD_FLAGS(In, RegisterOnly, ForceInline)"
"include/SimdLib/Detail/Implementations.h","6394","insert","SIMD_FLAGS(InOut, RegisterOnly, ForceInline)"
"include/SimdLib/Detail/Implementations.h","6413","insert_slow","SIMD_FLAGS(InOut, RegisterOnly, ForceInline)"
"include/SimdLib/Detail/Implementations.h","6457","blend","SIMD_FLAGS(InOut, RegisterOnly, ForceInline, Flatten)"
"include/SimdLib/Detail/Implementations.h","6468","select","SIMD_FLAGS(InOut, RegisterOnly, ForceInline)"
"include/SimdLib/Detail/Implementations.h","6481","shuffle","SIMD_FLAGS(InOut, RegisterOnly, ForceInline, Flatten)"
"include/SimdLib/Detail/Implementations.h","6487","add","SIMD_FLAGS(InOut, RegisterOnly, ForceInline, Flatten)"
"include/SimdLib/Detail/Implementations.h","6492","add_subtract","SIMD_FLAGS(InOut, RegisterOnly, ForceInline, Flatten)"
"include/SimdLib/Detail/Implementations.h","6496","subtract","SIMD_FLAGS(InOut, RegisterOnly, ForceInline, Flatten)"
"include/SimdLib/Detail/Implementations.h","6500","multiply","SIMD_FLAGS(InOut, RegisterOnly, ForceInline, Flatten)"
"include/SimdLib/Detail/Implementations.h","6504","divide","SIMD_FLAGS(InOut, RegisterOnly, ForceInline, Flatten)"
"include/SimdLib/Detail/Implementations.h","6509","sqrt","SIMD_FLAGS(InOut, RegisterOnly, ForceInline, Flatten)"
"include/SimdLib/Detail/Implementations.h","6514","magnitude","SIMD_FLAGS(InOut, RegisterOnly, ForceInline, Flatten)"
"include/SimdLib/Detail/Implementations.h","6520","multiply_add","SIMD_FLAGS(InOut, RegisterOnly, ForceInline, Flatten)"
"include/SimdLib/Detail/Implementations.h","6529","dot_product","SIMD_FLAGS(In, RegisterOnly, ForceInline, Flatten)"
"include/SimdLib/Detail/Implementations.h","6541","absolute","SIMD_FLAGS(InOut, RegisterOnly, ForceInline, Flatten)"
"include/SimdLib/Detail/Implementations.h","6550","min","SIMD_FLAGS(InOut, RegisterOnly, ForceInline, Flatten)"
"include/SimdLib/Detail/Implementations.h","6555","max","SIMD_FLAGS(InOut, RegisterOnly, ForceInline, Flatten)"
"include/SimdLib/Detail/Implementations.h","6562","add_horizontal","SIMD_FLAGS(InOut, RegisterOnly, ForceInline, Flatten)"
"include/SimdLib/Detail/Implementations.h","6567","subtract_horizontal","SIMD_FLAGS(InOut, RegisterOnly, ForceInline, Flatten)"
"include/SimdLib/Detail/Implementations.h","6573","set1","SIMD_FLAGS(Out, RegisterOnly, ForceInline)"
"include/SimdLib/Detail/Implementations.h","6577","set","SIMD_FLAGS(Out, RegisterOnly, ForceInline)"
"include/SimdLib/Detail/Implementations.h","6581","setr","SIMD_FLAGS(Out, RegisterOnly, ForceInline)"
"include/SimdLib/Detail/Implementations.h","6587","cmpeq","SIMD_FLAGS(InOut, RegisterOnly, ForceInline)"
"include/SimdLib/Detail/Implementations.h","6591","cmpgt","SIMD_FLAGS(InOut, RegisterOnly, ForceInline)"
"include/SimdLib/Detail/Implementations.h","6603","extract","SIMD_FLAGS(In, RegisterOnly, ForceInline)"
"include/SimdLib/Detail/Implementations.h","6626","extract_slow","SIMD_FLAGS(In, RegisterOnly, ForceInline)"
"include/SimdLib/Detail/Implementations.h","6640","insert","SIMD_FLAGS(InOut, RegisterOnly, ForceInline)"
"include/SimdLib/Detail/Implementations.h","6663","insert_slow","SIMD_FLAGS(InOut, RegisterOnly, ForceInline)"
"include/SimdLib/Detail/Implementations.h","6707","blend","SIMD_FLAGS(InOut, RegisterOnly, ForceInline, Flatten)"
"include/SimdLib/Detail/Implementations.h","6747","lower_half","SIMD_FLAGS(InOut, RegisterOnly, ForceInline, Flatten)"
"include/SimdLib/Detail/Implementations.h","6759","setzero","SIMD_FLAGS(Out, RegisterOnly, ForceInline, Flatten)"
"include/SimdLib/Detail/Implementations.h","6778","setr","SIMD_FLAGS(Out, RegisterOnly, ForceInline, Flatten)"
"include/SimdLib/Detail/Implementations.h","6802","set1","SIMD_FLAGS(Out, RegisterOnly, ForceInline, Flatten)"
"include/SimdLib/Detail/Implementations.h","6826","multiply_add","SIMD_FLAGS(InOut, RegisterOnly, ForceInline, Flatten)"
"include/SimdLib/Detail/Implementations.h","6852","load_bytes","SIMD_FLAGS(Out, RegisterOnly, ForceInline, Flatten)"
"include/SimdLib/Detail/Implementations.h","6864","load","SIMD_FLAGS(Out, RegisterOnly, ForceInline, Flatten)"
"include/SimdLib/Detail/Implementations.h","6871","load_unaligned","SIMD_FLAGS(Out, RegisterOnly, ForceInline, Flatten)"
"include/SimdLib/Detail/Implementations.h","6882","load_half","SIMD_FLAGS(Out, RegisterOnly, ForceInline, Flatten)"
"include/SimdLib/Detail/Implementations.h","6890","load","SIMD_FLAGS(Out, RegisterOnly, ForceInline, Flatten)"
"include/SimdLib/Detail/Implementations.h","6900","load_unaligned","SIMD_FLAGS(Out, RegisterOnly, ForceInline, Flatten)"
"include/SimdLib/Detail/Implementations.h","6966","bitwise_and","SIMD_FLAGS(InOut, RegisterOnly, ForceInline, Flatten)"
"include/SimdLib/Detail/Implementations.h","6982","bitwise_or","SIMD_FLAGS(InOut, RegisterOnly, ForceInline, Flatten)"
"include/SimdLib/Detail/Implementations.h","6998","bitwise_xor","SIMD_FLAGS(InOut, RegisterOnly, ForceInline, Flatten)"
"include/SimdLib/Detail/Implementations.h","7014","bitwise_andnot","SIMD_FLAGS(InOut, RegisterOnly, ForceInline, Flatten)"
"include/SimdLib/Detail/Implementations.h","7029","bitwise_not","SIMD_FLAGS(InOut, RegisterOnly, ForceInline, Flatten)"
"include/SimdLib/Detail/Implementations.h","7041","negate","SIMD_FLAGS(InOut, RegisterOnly, ForceInline, Flatten)"
"include/SimdLib/Detail/Implementations.h","7054","negate","SIMD_FLAGS(InOut, RegisterOnly, ForceInline, Flatten)"
"include/SimdLib/Detail/Implementations.h","7070","shuffle_32_slow","SIMD_FLAGS(InOut, RegisterOnly, ForceInline, Flatten)"
"include/SimdLib/Detail/Implementations.h","7078","shuffle_32","SIMD_FLAGS(InOut, RegisterOnly, ForceInline, Flatten)"
"include/SimdLib/Detail/Implementations.h","7085","shuffle","SIMD_FLAGS(InOut, RegisterOnly, ForceInline, Flatten)"
"include/SimdLib/Detail/Implementations.h","7095","movemask","SIMD_FLAGS(In, RegisterOnly, ForceInline, Flatten)"
"include/SimdLib/Detail/Implementations.h","7106","movemask_slim","SIMD_FLAGS(In, RegisterOnly, ForceInline, Flatten)"
"include/SimdLib/Detail/Implementations.h","7142","test","SIMD_FLAGS(In, RegisterOnly, ForceInline, Flatten)"
"include/SimdLib/Detail/Implementations.h","7149","testz","SIMD_FLAGS(In, RegisterOnly, ForceInline, Flatten)"
"include/SimdLib/Detail/Implementations.h","7157","testnzc","SIMD_FLAGS(In, RegisterOnly, ForceInline, Flatten)"
"include/SimdLib/Detail/Implementations.h","7190","swizzle_msb","SIMD_FLAGS(InOut, RegisterOnly, ForceInline, Flatten)"
"include/SimdLib/Register.h","51","zero","SIMD_FLAGS(Out, RegisterOnly, ForceInline, Flatten)"
"include/SimdLib/Register.h","61","broadcast","SIMD_FLAGS(Out, RegisterOnly, ForceInline, Flatten)"
"include/SimdLib/Register.h","74","from_lanes","SIMD_FLAGS(Out, RegisterOnly, ForceInline, Flatten)"
"include/SimdLib/Register.h","84","from_array","SIMD_FLAGS(Out, RegisterOnly, ForceInline, Flatten)"
"include/SimdLib/Register.h","95","load","SIMD_FLAGS(Out, RegisterOnly, ForceInline, Flatten)"
"include/SimdLib/Register.h","106","load_aligned","SIMD_FLAGS(Out, RegisterOnly, ForceInline, Flatten)"
"include/SimdLib/Register.h","116","load_bytes","SIMD_FLAGS(Out, RegisterOnly, ForceInline, Flatten)"
"include/SimdLib/Register.h","170","lane","SIMD_FLAGS(In, RegisterOnly, ForceInline, Flatten)"
"include/SimdLib/Register.h","191","with_lane","SIMD_FLAGS(InOut, RegisterOnly, ForceInline, Flatten)"
"include/SimdLib/Register.h","206","operator+","SIMD_FLAGS(InOut, RegisterOnly, ForceInline, Flatten)"
"include/SimdLib/Register.h","219","operator-","SIMD_FLAGS(InOut, RegisterOnly, ForceInline, Flatten)"
"include/SimdLib/Register.h","232","operator*","SIMD_FLAGS(InOut, RegisterOnly, ForceInline, Flatten)"
"include/SimdLib/Register.h","246","operator/","SIMD_FLAGS(InOut, RegisterOnly, ForceInline, Flatten)"
"include/SimdLib/Register.h","260","operator%","SIMD_FLAGS(InOut, RegisterOnly, ForceInline, Flatten)"
"include/SimdLib/Register.h","272","operator-","SIMD_FLAGS(InOut, RegisterOnly, ForceInline, Flatten)"
"include/SimdLib/Register.h","350","min","SIMD_FLAGS(InOut, RegisterOnly, ForceInline, Flatten)"
"include/SimdLib/Register.h","363","max","SIMD_FLAGS(InOut, RegisterOnly, ForceInline, Flatten)"
"include/SimdLib/Register.h","375","absolute","SIMD_FLAGS(InOut, RegisterOnly, ForceInline, Flatten)"
"include/SimdLib/Register.h","387","sqrt","SIMD_FLAGS(InOut, RegisterOnly, ForceInline, Flatten)"
"include/SimdLib/Register.h","400","average","SIMD_FLAGS(InOut, RegisterOnly, ForceInline, Flatten)"
"include/SimdLib/Register.h","414","multiply_add","SIMD_FLAGS(InOut, RegisterOnly, ForceInline, Flatten)"
"include/SimdLib/Register.h","427","magnitude","SIMD_FLAGS(InOut, RegisterOnly, ForceInline, Flatten)"
"include/SimdLib/Register.h","439","magnitude_checked","SIMD_FLAGS(InOut, RegisterOnly, ForceInline, Flatten)"
"include/SimdLib/Register.h","451","normalize","SIMD_FLAGS(InOut, RegisterOnly, ForceInline, Flatten)"
"include/SimdLib/Register.h","464","horizontal_add","SIMD_FLAGS(InOut, RegisterOnly, ForceInline, Flatten)"
"include/SimdLib/Register.h","477","horizontal_subtract","SIMD_FLAGS(InOut, RegisterOnly, ForceInline, Flatten)"
"include/SimdLib/Register.h","493","multiply_add_adjacent","SIMD_FLAGS(In, RegisterOnly, ForceInline, Flatten)"
"include/SimdLib/Register.h","509","multiply_add_unsigned_signed_bytes","SIMD_FLAGS(In, RegisterOnly, ForceInline, Flatten)"
"include/SimdLib/Register.h","525","sum_absolute_byte_differences","SIMD_FLAGS(In, RegisterOnly, ForceInline, Flatten)"
"include/SimdLib/Register.h","543","multi_sum_absolute_byte_differences","SIMD_FLAGS(In, RegisterOnly, ForceInline, Flatten)"
"include/SimdLib/Register.h","555","min_position","SIMD_FLAGS(In, RegisterOnly, ForceInline, Flatten)"
"include/SimdLib/Register.h","567","max_position","SIMD_FLAGS(In, RegisterOnly, ForceInline, Flatten)"
"include/SimdLib/Register.h","580","add_saturated","SIMD_FLAGS(InOut, RegisterOnly, ForceInline, Flatten)"
"include/SimdLib/Register.h","593","subtract_saturated","SIMD_FLAGS(InOut, RegisterOnly, ForceInline, Flatten)"
"include/SimdLib/Register.h","606","horizontal_add_saturated","SIMD_FLAGS(InOut, RegisterOnly, ForceInline, Flatten)"
"include/SimdLib/Register.h","619","horizontal_subtract_saturated","SIMD_FLAGS(InOut, RegisterOnly, ForceInline, Flatten)"
"include/SimdLib/Register.h","632","add_subtract","SIMD_FLAGS(InOut, RegisterOnly, ForceInline, Flatten)"
"include/SimdLib/Register.h","648","dot_product","SIMD_FLAGS(InOut, RegisterOnly, ForceInline, Flatten)"
"include/SimdLib/Register.h","662","operator&","SIMD_FLAGS(InOut, RegisterOnly, ForceInline, Flatten)"
"include/SimdLib/Register.h","673","operator|","SIMD_FLAGS(InOut, RegisterOnly, ForceInline, Flatten)"
"include/SimdLib/Register.h","684","operator^","SIMD_FLAGS(InOut, RegisterOnly, ForceInline, Flatten)"
"include/SimdLib/Register.h","694","operator~","SIMD_FLAGS(InOut, RegisterOnly, ForceInline, Flatten)"
"include/SimdLib/Register.h","705","andnot","SIMD_FLAGS(InOut, RegisterOnly, ForceInline, Flatten)"
"include/SimdLib/Register.h","748","movemask","SIMD_FLAGS(In, RegisterOnly, ForceInline, Flatten)"
"include/SimdLib/Register.h","758","lane_sign_bits","SIMD_FLAGS(In, RegisterOnly, ForceInline, Flatten)"
"include/SimdLib/Register.h","775","operator<<","SIMD_FLAGS(InOut, RegisterOnly, ForceInline, Flatten)"
"include/SimdLib/Register.h","789","logical_shift_right","SIMD_FLAGS(InOut, RegisterOnly, ForceInline, Flatten)"
"include/SimdLib/Register.h","803","operator>>","SIMD_FLAGS(InOut, RegisterOnly, ForceInline, Flatten)"
"include/SimdLib/Register.h","848","byte_shift_left_slow","SIMD_FLAGS(InOut, RegisterOnly, ForceInline, Flatten)"
"include/SimdLib/Register.h","862","byte_shift_right_slow","SIMD_FLAGS(InOut, RegisterOnly, ForceInline, Flatten)"
"include/SimdLib/Register.h","876","bit_shift_left_slow","SIMD_FLAGS(InOut, RegisterOnly, ForceInline, Flatten)"
"include/SimdLib/Register.h","890","bit_shift_right_slow","SIMD_FLAGS(InOut, RegisterOnly, ForceInline, Flatten)"
"include/SimdLib/Register.h","905","bit_shift_left","SIMD_FLAGS(InOut, RegisterOnly, ForceInline, Flatten)"
"include/SimdLib/Register.h","919","bit_shift_right","SIMD_FLAGS(InOut, RegisterOnly, ForceInline, Flatten)"
"include/SimdLib/Register.h","932","lower_half","SIMD_FLAGS(InOut, RegisterOnly, ForceInline, Flatten)"
"include/SimdLib/Register.h","943","unpack_low","SIMD_FLAGS(InOut, RegisterOnly, ForceInline, Flatten)"
"include/SimdLib/Register.h","954","unpack_high","SIMD_FLAGS(InOut, RegisterOnly, ForceInline, Flatten)"
"include/SimdLib/Register.h","968","shuffle","SIMD_FLAGS(InOut, RegisterOnly, ForceInline, Flatten)"
"include/SimdLib/Register.h","981","shuffle_bytes","SIMD_FLAGS(InOut, RegisterOnly, ForceInline, Flatten)"
"include/SimdLib/Register.h","996","shuffle_low","SIMD_FLAGS(InOut, RegisterOnly, ForceInline, Flatten)"
"include/SimdLib/Register.h","1008","shuffle_high","SIMD_FLAGS(InOut, RegisterOnly, ForceInline, Flatten)"
"include/SimdLib/Register.h","1022","blend","SIMD_FLAGS(InOut, RegisterOnly, ForceInline, Flatten)"
"include/SimdLib/Register.h","1034","bit_cast","SIMD_FLAGS(InOut, RegisterOnly, ForceInline, Flatten)"
"include/SimdLib/Register.h","1047","convert","SIMD_FLAGS(InOut, RegisterOnly, ForceInline, Flatten)"
"include/SimdLib/Register.h","1061","widen_low","SIMD_FLAGS(InOut, RegisterOnly, ForceInline, Flatten)"
"include/SimdLib/Register.h","1077","compare_equal","SIMD_FLAGS(In, RegisterOnly, ForceInline, Flatten)"
"include/SimdLib/Register.h","1089","compare_greater","SIMD_FLAGS(In, RegisterOnly, ForceInline, Flatten)"
"include/SimdLib/Register.h","1101","compare_greater_equal","SIMD_FLAGS(In, RegisterOnly, ForceInline, Flatten)"
"include/SimdLib/Register.h","1113","compare_less","SIMD_FLAGS(In, RegisterOnly, ForceInline, Flatten)"
"include/SimdLib/Register.h","1125","compare_less_equal","SIMD_FLAGS(In, RegisterOnly, ForceInline, Flatten)"
"include/SimdLib/Register.h","1137","operator==","SIMD_FLAGS(In, RegisterOnly, ForceInline, Flatten)"
"include/SimdLib/Register.h","1149","operator!=","SIMD_FLAGS(In, RegisterOnly, ForceInline, Flatten)"
"include/SimdLib/Register.h","1181","select","SIMD_FLAGS(In, RegisterOnly, ForceInline, Flatten)"
"include/SimdLib/RegisterMask.h","56","any","SIMD_FLAGS(In, RegisterOnly, ForceInline, Flatten)"
"include/SimdLib/RegisterMask.h","67","all","SIMD_FLAGS(In, RegisterOnly, ForceInline, Flatten)"
"include/SimdLib/RegisterMask.h","78","none","SIMD_FLAGS(In, RegisterOnly, ForceInline, Flatten)"
"include/SimdLib/RegisterMask.h","89","bits","SIMD_FLAGS(In, RegisterOnly, ForceInline, Flatten)"
"include/SimdLib/RegisterMask.h","104","select","SIMD_FLAGS(InOut, RegisterOnly, ForceInline, Flatten)"
"include/SimdLib/RegisterMask.h","114","operator&","SIMD_FLAGS(InOut, RegisterOnly, ForceInline, Flatten)"
"include/SimdLib/RegisterMask.h","126","operator|","SIMD_FLAGS(InOut, RegisterOnly, ForceInline, Flatten)"
"include/SimdLib/RegisterMask.h","138","operator^","SIMD_FLAGS(InOut, RegisterOnly, ForceInline, Flatten)"
"include/SimdLib/RegisterMask.h","149","operator~","SIMD_FLAGS(InOut, RegisterOnly, ForceInline, Flatten)"
"include/SimdLib/RegisterMask.h","199","bitwise_and","SIMD_FLAGS(InOut, RegisterOnly, ForceInline, Flatten)"
"include/SimdLib/RegisterMask.h","212","bitwise_or","SIMD_FLAGS(InOut, RegisterOnly, ForceInline, Flatten)"
"include/SimdLib/RegisterMask.h","225","bitwise_xor","SIMD_FLAGS(InOut, RegisterOnly, ForceInline, Flatten)"
"include/SimdLib/RegisterMask.h","237","bitwise_not","SIMD_FLAGS(InOut, RegisterOnly, ForceInline, Flatten)"
"include/SimdLib/RegisterMask.h","251","select_native","SIMD_FLAGS(InOut, RegisterOnly, ForceInline, Flatten)"
"tests/codegen/RegisterAbi.cpp","34","simdlib_abi_unary","SIMD_FLAGS(InOut, RegisterOnly)"
"tests/codegen/RegisterAbi.cpp","40","simdlib_abi_binary","SIMD_FLAGS(InOut, RegisterOnly)"
"tests/codegen/RegisterAbi.cpp","46","simdlib_abi_ternary","SIMD_FLAGS(InOut, RegisterOnly)"
"tests/codegen/RegisterAbi.cpp","52","simdlib_abi_scalar","SIMD_FLAGS(In, RegisterOnly)"
"tests/codegen/RegisterAbi.cpp","58","simdlib_abi_mask","SIMD_FLAGS(InOut, RegisterOnly)"
"tests/codegen/RegisterAbi.cpp","65","simdlib_abi_native","SIMD_FLAGS(InOut, RegisterOnly)"
"tests/codegen/RegisterAbi.cpp","85","simdlib_consumer_abi_register_return","SIMD_FLAGS(InOut, RegisterOnly)"
"tests/codegen/RegisterAbi.cpp","91","simdlib_consumer_abi_register_pass","SIMD_FLAGS(InOut, RegisterOnly)"
"tests/codegen/RegisterAbi.cpp","97","simdlib_consumer_abi_mask_return","SIMD_FLAGS(In, RegisterOnly)"
"tests/codegen/RegisterAbi.cpp","103","simdlib_consumer_abi_mask_pass","SIMD_FLAGS(Out, RegisterOnly)"
"tests/codegen/RegisterCodegenFixture.h","40","unwrap","SIMD_FLAGS(Out, RegisterOnly, ForceInline)"
"tests/codegen/RegisterCodegenFixture.h","50","wrap","SIMD_FLAGS(In, RegisterOnly, ForceInline)"
"tests/codegen/RegisterCodegenFixture.h","68","simdlib_codegen_ternary","SIMD_FLAGS(InOut, RegisterOnly)"
"tests/codegen/RegisterCodegenFixture.h","78","simdlib_codegen_mask_combine","SIMD_FLAGS(InOut, RegisterOnly)"
"tests/codegen/RegisterCodegenFixture.h","90","simdlib_codegen_mask_select","SIMD_FLAGS(InOut, RegisterOnly)"
"tests/codegen/RegisterCodegenFixture.h","105","simdlib_codegen_mask_bits","SIMD_FLAGS(In, RegisterOnly)"
"tests/codegen/RegisterCodegenFixture.h","115","simdlib_codegen_mask_any","SIMD_FLAGS(In, RegisterOnly)"
"tests/codegen/RegisterCodegenFixture.h","125","simdlib_codegen_mask_all","SIMD_FLAGS(In, RegisterOnly)"
"tests/codegen/RegisterCodegenFixture.h","136","simdlib_codegen_native","SIMD_FLAGS(InOut, RegisterOnly)"
"tests/codegen/RegisterCodegenFixture.h","142","simdlib_codegen_broadcast_reuse","SIMD_FLAGS(Out, RegisterOnly)"
"tests/codegen/RegisterCodegenFixture.h","154","simdlib_codegen_lane_last","SIMD_FLAGS(In, RegisterOnly)"
"tests/codegen/RegisterCodegenFixture.h","201","simdlib_codegen_special_members","SIMD_FLAGS(InOut, RegisterOnly)"
"tests/codegen/RegisterCodegenFixture.h","230","simdlib_codegen_pressure","SIMD_FLAGS(InOut, RegisterOnly)"
"tests/codegen/RegisterCodegenFixture.h","250","simdlib_codegen_basic_bitwise","SIMD_FLAGS(InOut, RegisterOnly)"
"tests/codegen/RegisterCodegenFixture.h","264","simdlib_codegen_reassignment_arithmetic","SIMD_FLAGS(InOut, RegisterOnly)"
"tests/codegen/RegisterCodegenFixture.h","278","simdlib_codegen_basic_broadcast_chain","SIMD_FLAGS(InOut, RegisterOnly)"
"tests/codegen/RegisterCodegenFixture.h","290","simdlib_codegen_basic_shift_left_immediate","SIMD_FLAGS(InOut, RegisterOnly)"
"tests/codegen/RegisterFmaCodegenFixture.h","29","simdlib_fma_codegen_multiply_add_f32","SIMD_FLAGS(Neither, RegisterOnly)"
"tests/codegen/RegisterFmaCodegenFixture.h","49","simdlib_fma_codegen_multiply_add_f64","SIMD_FLAGS(Neither, RegisterOnly)"
"tests/codegen/RegisterRearrangementCodegenFixture.h","66","token","SIMD_FLAGS(In, RegisterOnly)"
"tests/codegen/RegisterRearrangementCodegenFixture.h","74","token","SIMD_FLAGS(In, RegisterOnly)"
"tests/codegen/RegisterRearrangementCodegenFixture.h","83","token","SIMD_FLAGS(In, RegisterOnly)"
"tests/codegen/RegisterRearrangementCodegenFixture.h","91","token","SIMD_FLAGS(In, RegisterOnly)"
"tests/codegen/RegisterRearrangementCodegenFixture.h","120","token","SIMD_FLAGS(In, RegisterOnly)"
"tests/codegen/RegisterRearrangementCodegenFixture.h","152","token","SIMD_FLAGS(In, RegisterOnly)"
"tests/codegen/RegisterRearrangementCodegenFixture.h","172","token","SIMD_FLAGS(In, RegisterOnly)"
"tests/codegen/RegisterRearrangementCodegenFixture.h","191","target_token","SIMD_FLAGS(In, RegisterOnly)"
"tests/codegen/RegisterRearrangementCodegenFixture.h","217","target_token","SIMD_FLAGS(In, RegisterOnly)"
"tests/codegen/RegisterRearrangementCodegenFixture.h","229","target_bits","SIMD_FLAGS(In, RegisterOnly)"
"tests/codegen/RegisterSpecializedCodegenFixture.h","47","token","SIMD_FLAGS(In, RegisterOnly)"
"tests/codegen/RegisterSpecializedCodegenFixture.h","55","token","SIMD_FLAGS(In, RegisterOnly)"
"tests/codegen/RegisterSpecializedCodegenFixture.h","64","token","SIMD_FLAGS(In, RegisterOnly)"
"tests/codegen/RegisterSpecializedCodegenFixture.h","72","token","SIMD_FLAGS(In, RegisterOnly)"
"tests/codegen/RegisterSpecializedCodegenFixture.h","81","token","SIMD_FLAGS(In, RegisterOnly)"
"tests/codegen/RegisterSpecializedCodegenFixture.h","89","token","SIMD_FLAGS(In, RegisterOnly)"
"tests/codegen/RegisterTypeMatrixCodegenFixture.h","363","from_lanes","SIMD_FLAGS(Out, RegisterOnly, ForceInline)"
"tests/config/MethodFlagsConfigDefaultProbe.cpp","18","MethodFlagsDefaultReduce","SIMD_FLAGS(In, RegisterOnly)"
"tests/config/MethodFlagsConfigDefaultProbe.cpp","24","MethodFlagsDefaultTransform","SIMD_FLAGS(InOut, RegisterOnly, ForceInline, Flatten)"
"tests/config/MethodFlagsConfigOverrideProbe.cpp","17","MethodFlagsConfigOverrideProbe","SIMD_FLAGS(InOut, RegisterOnly, ForceInline, Flatten)"
"tests/config/MethodFlagsConfigUnsupportedTargetProbe.cpp","17","MethodFlagsConfigUnsupportedTargetProbe","SIMD_FLAGS(InOut, RegisterOnly, ForceInline, Flatten)"
"tests/consumer/register_api.cpp","6","increment","SIMD_FLAGS(InOut, RegisterOnly)"
"tests/consumer/register_api.cpp","12","increment_native","SIMD_FLAGS(InOut, RegisterOnly)"
"tests/consumer/register_api.h","19","increment","SIMD_FLAGS(InOut, RegisterOnly)"
"tests/consumer/register_api.h","26","increment_native","SIMD_FLAGS(InOut, RegisterOnly)"
"tests/headers/InstalledDisabledHeaderProbe.cpp","8","installed_disabled_identity","SIMD_FLAGS(Neither, RegisterOnly)"
"tests/headers/InstalledRegisterHeaderProbe.cpp","8","installed_register_identity","SIMD_FLAGS(InOut, RegisterOnly, ForceInline)"
"tests/method_flags/codegen/MethodFlagsFlagged.cpp","14","simdlib_method_flags_codegen_unary","SIMD_FLAGS(InOut, RegisterOnly)"
"tests/method_flags/codegen/MethodFlagsFlagged.cpp","20","simdlib_method_flags_codegen_binary","SIMD_FLAGS(InOut, RegisterOnly)"
"tests/method_flags/codegen/MethodFlagsFlagged.cpp","26","simdlib_method_flags_codegen_ternary","SIMD_FLAGS(InOut, RegisterOnly)"
"tests/method_flags/codegen/MethodFlagsFlagged.cpp","32","simdlib_method_flags_codegen_scalar_result","SIMD_FLAGS(In, RegisterOnly)"
"tests/method_flags/codegen/MethodFlagsFlagged.cpp","38","simdlib_method_flags_codegen_register_result","SIMD_FLAGS(Out, RegisterOnly)"
"tests/method_flags/codegen/MethodFlagsFlagged.cpp","44","simdlib_method_flags_codegen_load","SIMD_FLAGS(Out, RegisterOnly)"
"tests/method_flags/codegen/MethodFlagsFlagged.cpp","56","simdlib_method_flags_force_leaf","SIMD_FLAGS(InOut, RegisterOnly, ForceInline)"
"tests/method_flags/codegen/MethodFlagsFlagged.cpp","62","simdlib_method_flags_codegen_forceinline","SIMD_FLAGS(InOut, RegisterOnly)"
"tests/method_flags/codegen/MethodFlagsFlagged.cpp","68","simdlib_method_flags_flatten_leaf","SIMD_FLAGS(InOut, RegisterOnly)"
"tests/method_flags/codegen/MethodFlagsFlagged.cpp","74","simdlib_method_flags_codegen_flatten","SIMD_FLAGS(InOut, RegisterOnly, Flatten)"
"tests/method_flags/MethodFlagsContractPass.cpp","11","contract_neither_registeronly","SIMD_FLAGS(Neither, RegisterOnly)"
"tests/method_flags/MethodFlagsContractPass.cpp","20","contract_neither_registeronly_forceinline","SIMD_FLAGS(Neither, RegisterOnly, ForceInline)"
"tests/method_flags/MethodFlagsContractPass.cpp","23","contract_neither_registeronly_flatten","SIMD_FLAGS(Neither, RegisterOnly, Flatten)"
"tests/method_flags/MethodFlagsContractPass.cpp","29","contract_neither_registeronly_forceinline_flatten","SIMD_FLAGS(Neither, RegisterOnly, ForceInline, Flatten)"
"tests/method_flags/MethodFlagsContractPass.cpp","35","contract_in_registeronly","SIMD_FLAGS(In, RegisterOnly)"
"tests/method_flags/MethodFlagsContractPass.cpp","44","contract_in_registeronly_forceinline","SIMD_FLAGS(In, RegisterOnly, ForceInline)"
"tests/method_flags/MethodFlagsContractPass.cpp","47","contract_in_registeronly_flatten","SIMD_FLAGS(In, RegisterOnly, Flatten)"
"tests/method_flags/MethodFlagsContractPass.cpp","53","contract_in_registeronly_forceinline_flatten","SIMD_FLAGS(In, RegisterOnly, ForceInline, Flatten)"
"tests/method_flags/MethodFlagsContractPass.cpp","59","contract_out_registeronly","SIMD_FLAGS(Out, RegisterOnly)"
"tests/method_flags/MethodFlagsContractPass.cpp","68","contract_out_registeronly_forceinline","SIMD_FLAGS(Out, RegisterOnly, ForceInline)"
"tests/method_flags/MethodFlagsContractPass.cpp","71","contract_out_registeronly_flatten","SIMD_FLAGS(Out, RegisterOnly, Flatten)"
"tests/method_flags/MethodFlagsContractPass.cpp","77","contract_out_registeronly_forceinline_flatten","SIMD_FLAGS(Out, RegisterOnly, ForceInline, Flatten)"
"tests/method_flags/MethodFlagsContractPass.cpp","83","contract_inout_registeronly","SIMD_FLAGS(InOut, RegisterOnly)"
"tests/method_flags/MethodFlagsContractPass.cpp","92","contract_inout_registeronly_forceinline","SIMD_FLAGS(InOut, RegisterOnly, ForceInline)"
"tests/method_flags/MethodFlagsContractPass.cpp","95","contract_inout_registeronly_flatten","SIMD_FLAGS(InOut, RegisterOnly, Flatten)"
"tests/method_flags/MethodFlagsContractPass.cpp","101","contract_inout_registeronly_forceinline_flatten","SIMD_FLAGS(InOut, RegisterOnly, ForceInline, Flatten)"
"tests/method_flags/placement/MethodFlagsPlacementAbiDefinition.cpp","12","legacy_abi","SIMD_FLAGS(InOut, RegisterOnly)"
"tests/method_flags/placement/MethodFlagsPlacementAbiDefinition.cpp","24","legacy_in_abi","SIMD_FLAGS(In, RegisterOnly)"
"tests/method_flags/placement/MethodFlagsPlacementAbiDefinition.cpp","36","legacy_out_abi","SIMD_FLAGS(Out, RegisterOnly)"
"tests/method_flags/placement/MethodFlagsPlacementCxx20.cpp","10","exercise_cxx20","SIMD_FLAGS(InOut, RegisterOnly)"
"tests/method_flags/placement/MethodFlagsPlacementCxx23.cpp","11","transform","SIMD_FLAGS(InOut, RegisterOnly, ForceInline, Flatten)"
"tests/method_flags/placement/MethodFlagsPlacementCxx23.cpp","18","operator+","SIMD_FLAGS(InOut, RegisterOnly, ForceInline, Flatten)"
"tests/method_flags/placement/MethodFlagsPlacementCxx23.cpp","26","exercise_cxx23","SIMD_FLAGS(InOut, RegisterOnly)"
"tests/method_flags/placement/MethodFlagsPlacementFixture.h","14","leaf_transform","SIMD_FLAGS(InOut, RegisterOnly, ForceInline)"
"tests/method_flags/placement/MethodFlagsPlacementFixture.h","20","free_transform","SIMD_FLAGS(InOut, RegisterOnly, ForceInline, Flatten)"
"tests/method_flags/placement/MethodFlagsPlacementFixture.h","26","inline_increment","SIMD_FLAGS(Neither, RegisterOnly)"
"tests/method_flags/placement/MethodFlagsPlacementFixture.h","34","constrained_increment","SIMD_FLAGS(Neither, RegisterOnly, ForceInline, Flatten)"
"tests/method_flags/placement/MethodFlagsPlacementFixture.h","41","trailing_increment","SIMD_FLAGS(Neither, RegisterOnly, ForceInline, Flatten)"
"tests/method_flags/placement/MethodFlagsPlacementFixture.h","52","static_transform","SIMD_FLAGS(InOut, RegisterOnly, ForceInline, Flatten)"
"tests/method_flags/placement/MethodFlagsPlacementFixture.h","58","member_transform","SIMD_FLAGS(InOut, RegisterOnly, ForceInline, Flatten)"
"tests/method_flags/placement/MethodFlagsPlacementFixture.h","70","operator+","SIMD_FLAGS(InOut, RegisterOnly, ForceInline, Flatten)"
"tests/method_flags/placement/MethodFlagsPlacementFixture.h","78","flagged_abi","SIMD_FLAGS(InOut, RegisterOnly)"
"tests/method_flags/placement/MethodFlagsPlacementFixture.h","84","flagged_in_abi","SIMD_FLAGS(In, RegisterOnly)"
"tests/method_flags/placement/MethodFlagsPlacementFixture.h","90","flagged_out_abi","SIMD_FLAGS(Out, RegisterOnly)"
