"symbol","owning_fixture","applicability","contract_category","comparison_baseline","comparison_record","owning_validation","decision","rationale"
"simdlib_abi_binary","tests/codegen/RegisterAbi.cpp","SSE4.2/128; AVX2/128; AVX2/256","ABI boundary","tests/codegen/RegisterAbiRaw.cpp matching native-vector signature","abi","RegisterCodegen.128Sse42; RegisterCodegen.128Avx2; RegisterCodegen.256Avx2","retain","The explicit-object aggregate mirror isolates one non-inlined VECTORCALL signature shape from operation semantics."
"simdlib_abi_mask","tests/codegen/RegisterAbi.cpp","SSE4.2/128; AVX2/128; AVX2/256","ABI boundary","tests/codegen/RegisterAbiRaw.cpp matching native-vector signature","abi","RegisterCodegen.128Sse42; RegisterCodegen.128Avx2; RegisterCodegen.256Avx2","retain","The explicit-object aggregate mirror isolates one non-inlined VECTORCALL signature shape from operation semantics."
"simdlib_abi_mutate","tests/codegen/RegisterAbi.cpp","SSE4.2/128; AVX2/128; AVX2/256","ABI boundary","tests/codegen/RegisterAbiRaw.cpp matching native-vector signature","abi","RegisterCodegen.128Sse42; RegisterCodegen.128Avx2; RegisterCodegen.256Avx2","retain","The explicit-object aggregate mirror isolates one non-inlined VECTORCALL signature shape from operation semantics."
"simdlib_abi_native","tests/codegen/RegisterAbi.cpp","SSE4.2/128; AVX2/128; AVX2/256","ABI boundary","tests/codegen/RegisterAbiRaw.cpp matching native-vector signature","abi","RegisterCodegen.128Sse42; RegisterCodegen.128Avx2; RegisterCodegen.256Avx2","retain","The explicit-object aggregate mirror isolates one non-inlined VECTORCALL signature shape from operation semantics."
"simdlib_abi_scalar","tests/codegen/RegisterAbi.cpp","SSE4.2/128; AVX2/128; AVX2/256","ABI boundary","tests/codegen/RegisterAbiRaw.cpp matching native-vector signature","abi","RegisterCodegen.128Sse42; RegisterCodegen.128Avx2; RegisterCodegen.256Avx2","retain","The explicit-object aggregate mirror isolates one non-inlined VECTORCALL signature shape from operation semantics."
"simdlib_abi_store","tests/codegen/RegisterAbi.cpp","SSE4.2/128; AVX2/128; AVX2/256","ABI boundary","tests/codegen/RegisterAbiRaw.cpp matching native-vector signature","abi","RegisterCodegen.128Sse42; RegisterCodegen.128Avx2; RegisterCodegen.256Avx2","retain","The explicit-object aggregate mirror isolates one non-inlined VECTORCALL signature shape from operation semantics."
"simdlib_abi_ternary","tests/codegen/RegisterAbi.cpp","SSE4.2/128; AVX2/128; AVX2/256","ABI boundary","tests/codegen/RegisterAbiRaw.cpp matching native-vector signature","abi","RegisterCodegen.128Sse42; RegisterCodegen.128Avx2; RegisterCodegen.256Avx2","retain","The explicit-object aggregate mirror isolates one non-inlined VECTORCALL signature shape from operation semantics."
"simdlib_abi_unary","tests/codegen/RegisterAbi.cpp","SSE4.2/128; AVX2/128; AVX2/256","ABI boundary","tests/codegen/RegisterAbiRaw.cpp matching native-vector signature","abi","RegisterCodegen.128Sse42; RegisterCodegen.128Avx2; RegisterCodegen.256Avx2","retain","The explicit-object aggregate mirror isolates one non-inlined VECTORCALL signature shape from operation semantics."
"simdlib_consumer_abi_mask_pass","tests/codegen/RegisterAbi.cpp","SSE4.2/128; AVX2/128; AVX2/256","ABI boundary","tests/codegen/RegisterAbiRaw.cpp matching native-vector signature","consumer-abi","RegisterCodegen.128Sse42; RegisterCodegen.128Avx2; RegisterCodegen.256Avx2","retain","A real public Register or RegisterMask crosses the downstream non-inlined VECTORCALL boundary and is compared with the native signature."
"simdlib_consumer_abi_mask_return","tests/codegen/RegisterAbi.cpp","SSE4.2/128; AVX2/128; AVX2/256","ABI boundary","tests/codegen/RegisterAbiRaw.cpp matching native-vector signature","consumer-abi","RegisterCodegen.128Sse42; RegisterCodegen.128Avx2; RegisterCodegen.256Avx2","retain","A real public Register or RegisterMask crosses the downstream non-inlined VECTORCALL boundary and is compared with the native signature."
"simdlib_consumer_abi_register_pass","tests/codegen/RegisterAbi.cpp","SSE4.2/128; AVX2/128; AVX2/256","ABI boundary","tests/codegen/RegisterAbiRaw.cpp matching native-vector signature","consumer-abi","RegisterCodegen.128Sse42; RegisterCodegen.128Avx2; RegisterCodegen.256Avx2","retain","A real public Register or RegisterMask crosses the downstream non-inlined VECTORCALL boundary and is compared with the native signature."
"simdlib_consumer_abi_register_return","tests/codegen/RegisterAbi.cpp","SSE4.2/128; AVX2/128; AVX2/256","ABI boundary","tests/codegen/RegisterAbiRaw.cpp matching native-vector signature","consumer-abi","RegisterCodegen.128Sse42; RegisterCodegen.128Avx2; RegisterCodegen.256Avx2","retain","A real public Register or RegisterMask crosses the downstream non-inlined VECTORCALL boundary and is compared with the native signature."
"simdlib_codegen_aligned_transfer","tests/codegen/RegisterCodegenFixture.h","SSE4.2/128; AVX2/128; AVX2/256","composed-expression optimization","tests/codegen/RegisterCodegenRaw.cpp public Api expression","primary-composition","RegisterCodegen.128Sse42; RegisterCodegen.128Avx2; RegisterCodegen.256Avx2","retain","Aligned load and aligned store must optimize as one transfer chain; isolated load/store cells do not cover the chain."
"simdlib_codegen_basic_bitwise","tests/codegen/RegisterCodegenFixture.h","SSE4.2/128; AVX2/128; AVX2/256","composed-expression optimization","tests/codegen/RegisterCodegenRaw.cpp public Api expression","register-only","RegisterCodegen.128Sse42; RegisterCodegen.128Avx2; RegisterCodegen.256Avx2","retain","Chained bitwise operators including public andnot polarity must collapse to the Api expression."
"simdlib_codegen_basic_broadcast_chain","tests/codegen/RegisterCodegenFixture.h","SSE4.2/128; AVX2/128; AVX2/256","composed-expression optimization","tests/codegen/RegisterCodegenRaw.cpp public Api expression","register-only","RegisterCodegen.128Sse42; RegisterCodegen.128Avx2; RegisterCodegen.256Avx2","retain","Multiple scalar broadcasts in an arithmetic chain must add no wrapper work."
"simdlib_codegen_basic_shift_left_immediate","tests/codegen/RegisterCodegenFixture.h","SSE4.2/128; AVX2/128; AVX2/256","instruction-property guarantee","tests/codegen/RegisterCodegenRaw.cpp public Api expression","register-only","RegisterCodegen.128Sse42; RegisterCodegen.128Avx2; RegisterCodegen.256Avx2","retain","A compile-time shift count must retain the immediate public operation code shape."
"simdlib_codegen_broadcast_reuse","tests/codegen/RegisterCodegenFixture.h","SSE4.2/128; AVX2/128; AVX2/256","composed-expression optimization","tests/codegen/RegisterCodegenRaw.cpp public Api expression","register-only","RegisterCodegen.128Sse42; RegisterCodegen.128Avx2; RegisterCodegen.256Avx2","retain","A reused broadcast value must remain common and avoid redundant wrapper work."
"simdlib_codegen_byte_transfer","tests/codegen/RegisterCodegenFixture.h","SSE4.2/128; AVX2/128; AVX2/256","composed-expression optimization","tests/codegen/RegisterCodegenRaw.cpp public Api expression","primary-composition","RegisterCodegen.128Sse42; RegisterCodegen.128Avx2; RegisterCodegen.256Avx2","retain","Byte-span load and store must optimize as one transfer chain; isolated load/store cells do not cover the chain."
"simdlib_codegen_complete_byte_shift","tests/codegen/RegisterCodegenFixture.h","SSE4.2/128; AVX2/128","public abstraction parity","tests/codegen/RegisterCodegenRaw.cpp public Api expression","primary-composition","RegisterCodegen.128Sse42; RegisterCodegen.128Avx2","retain","The explicit slow runtime complete-register byte shift must match the Api operation without wrapper storage."
"simdlib_codegen_complete_shift_runtime","tests/codegen/RegisterCodegenFixture.h","SSE4.2/128; AVX2/128","public abstraction parity","tests/codegen/RegisterCodegenRaw.cpp public Api expression","primary-composition","RegisterCodegen.128Sse42; RegisterCodegen.128Avx2","retain","The explicit slow runtime complete-register bit shift must match the Api operation without wrapper storage."
"simdlib_codegen_complete_shift_static","tests/codegen/RegisterCodegenFixture.h","SSE4.2/128; AVX2/128","public abstraction parity","tests/codegen/RegisterCodegenRaw.cpp public Api expression","primary-composition","RegisterCodegen.128Sse42; RegisterCodegen.128Avx2","retain","Static complete-register bit shifting must match the Api operation."
"simdlib_codegen_lane_last","tests/codegen/RegisterCodegenFixture.h","SSE4.2/128; AVX2/128; AVX2/256","public abstraction parity","tests/codegen/RegisterCodegenRaw.cpp public Api expression","register-only","RegisterCodegen.128Sse42; RegisterCodegen.128Avx2; RegisterCodegen.256Avx2","retain","Nonzero constant-index lane extraction protects the highest-lane public path."
"simdlib_codegen_load_operate_store","tests/codegen/RegisterCodegenFixture.h","SSE4.2/128; AVX2/128; AVX2/256","composed-expression optimization","tests/codegen/RegisterCodegenRaw.cpp public Api expression","primary-composition","RegisterCodegen.128Sse42; RegisterCodegen.128Avx2; RegisterCodegen.256Avx2","retain","Load, arithmetic, and store must optimize as one memory-capable expression."
"simdlib_codegen_mask_all","tests/codegen/RegisterCodegenFixture.h","SSE4.2/128; AVX2/128; AVX2/256","composed-expression optimization","tests/codegen/RegisterCodegenRaw.cpp public Api expression","register-only","RegisterCodegen.128Sse42; RegisterCodegen.128Avx2; RegisterCodegen.256Avx2","retain","Comparison followed by all-lane reduction must compose without wrapper overhead."
"simdlib_codegen_mask_any","tests/codegen/RegisterCodegenFixture.h","SSE4.2/128; AVX2/128; AVX2/256","composed-expression optimization","tests/codegen/RegisterCodegenRaw.cpp public Api expression","register-only","RegisterCodegen.128Sse42; RegisterCodegen.128Avx2; RegisterCodegen.256Avx2","retain","Comparison followed by any-lane reduction must compose without wrapper overhead."
"simdlib_codegen_mask_bits","tests/codegen/RegisterCodegenFixture.h","SSE4.2/128; AVX2/128; AVX2/256","composed-expression optimization","tests/codegen/RegisterCodegenRaw.cpp public Api expression","register-only","RegisterCodegen.128Sse42; RegisterCodegen.128Avx2; RegisterCodegen.256Avx2","retain","Comparison followed by compact-mask extraction must compose without wrapper overhead."
"simdlib_codegen_mask_combine","tests/codegen/RegisterCodegenFixture.h","SSE4.2/128; AVX2/128; AVX2/256","composed-expression optimization","tests/codegen/RegisterCodegenRaw.cpp public Api expression","register-only","RegisterCodegen.128Sse42; RegisterCodegen.128Avx2; RegisterCodegen.256Avx2","retain","Comparison and predicate union must compose without wrapper overhead."
"simdlib_codegen_mask_select","tests/codegen/RegisterCodegenFixture.h","SSE4.2/128; AVX2/128; AVX2/256","composed-expression optimization","tests/codegen/RegisterCodegenRaw.cpp public Api expression","register-only","RegisterCodegen.128Sse42; RegisterCodegen.128Avx2; RegisterCodegen.256Avx2","retain","Comparison and selection must compose without wrapper overhead."
"simdlib_codegen_mutate","tests/codegen/RegisterCodegenFixture.h","SSE4.2/128; AVX2/128; AVX2/256","composed-expression optimization","tests/codegen/RegisterCodegenRaw.cpp public Api expression","primary-composition","RegisterCodegen.128Sse42; RegisterCodegen.128Avx2; RegisterCodegen.256Avx2","retain","A caller-owned native reference updated through a local Register must not acquire wrapper overhead."
"simdlib_codegen_native","tests/codegen/RegisterCodegenFixture.h","SSE4.2/128; AVX2/128; AVX2/256","public abstraction parity","tests/codegen/RegisterCodegenRaw.cpp public Api expression","register-only","RegisterCodegen.128Sse42; RegisterCodegen.128Avx2; RegisterCodegen.256Avx2","retain","Aggregate wrapping and native-member observation must add no instructions."
"simdlib_codegen_opaque","tests/codegen/RegisterCodegenFixture.h","SSE4.2/128; AVX2/128; AVX2/256","register-pressure behavior","tests/codegen/RegisterCodegenRaw.cpp public Api expression","primary-composition","RegisterCodegen.128Sse42; RegisterCodegen.128Avx2; RegisterCodegen.256Avx2","retain","A wrapped value kept live across an opaque call must match raw spill and reload behavior."
"simdlib_codegen_pressure","tests/codegen/RegisterCodegenFixture.h","SSE4.2/128; AVX2/128; AVX2/256","register-pressure behavior","tests/codegen/RegisterCodegenRaw.cpp public Api expression","register-only","RegisterCodegen.128Sse42; RegisterCodegen.128Avx2; RegisterCodegen.256Avx2","retain","Multiple simultaneously live wrapper values must match the raw register-pressure expression."
"simdlib_codegen_reassignment_arithmetic","tests/codegen/RegisterCodegenFixture.h","SSE4.2/128; AVX2/128; AVX2/256","composed-expression optimization","tests/codegen/RegisterCodegenRaw.cpp public Api expression","reassignment","RegisterCodegen.128Sse42; RegisterCodegen.128Avx2; RegisterCodegen.256Avx2","retain","Successive ordinary assignments must match the equivalent nested Api arithmetic."
"simdlib_codegen_special_members","tests/codegen/RegisterCodegenFixture.h","SSE4.2/128; AVX2/128; AVX2/256","public abstraction parity","tests/codegen/RegisterCodegenRaw.cpp public Api expression","register-only","RegisterCodegen.128Sse42; RegisterCodegen.128Avx2; RegisterCodegen.256Avx2","retain","Aggregate copy construction and assignment must add no runtime work."
"simdlib_codegen_ternary","tests/codegen/RegisterCodegenFixture.h","SSE4.2/128; AVX2/128; AVX2/256","composed-expression optimization","tests/codegen/RegisterCodegenRaw.cpp public Api expression","register-only","RegisterCodegen.128Sse42; RegisterCodegen.128Avx2; RegisterCodegen.256Avx2","retain","Operator multiply-add composition must collapse to the equivalent Api expression."
"simdlib_codegen_default","tests/codegen/RegisterDefaultAbi.cpp","SSE4.2/128; AVX2/128; AVX2/256","explicitly diagnostic evidence","tests/codegen/RegisterDefaultAbiRaw.cpp native-vector platform-default signature","default-abi","RegisterCodegen.128Sse42; RegisterCodegen.128Avx2; RegisterCodegen.256Avx2","retain","The platform-default aggregate calling convention is recorded for diagnosis and is excluded from zero-overhead pass/fail claims."
"simdlib_fma_codegen_multiply_add_f32","tests/codegen/RegisterFmaCodegenFixture.h","SSE4.2/128 FMA-disabled; AVX2/128 and AVX2/256 FMA-disabled and FMA-enabled","instruction-property guarantee","tests/codegen/RegisterFmaCodegenRaw.cpp matching public Api::multiply_add operation","fma-disabled; fma-enabled on AVX2","RegisterCodegen.128Sse42; RegisterCodegen.128Avx2; RegisterCodegen.256Avx2","retain","The isolated f32 multiply-add cell enforces both fusion absence and fusion presence in the corresponding feature mode."
"simdlib_fma_codegen_multiply_add_f64","tests/codegen/RegisterFmaCodegenFixture.h","SSE4.2/128 FMA-disabled; AVX2/128 and AVX2/256 FMA-disabled and FMA-enabled","instruction-property guarantee","tests/codegen/RegisterFmaCodegenRaw.cpp matching public Api::multiply_add operation","fma-disabled; fma-enabled on AVX2","RegisterCodegen.128Sse42; RegisterCodegen.128Avx2; RegisterCodegen.256Avx2","retain","The isolated f64 multiply-add cell enforces both fusion absence and fusion presence in the corresponding feature mode."
"simdlib_rearrangement_codegen_bit_cast_f32_f32","tests/codegen/RegisterRearrangementCodegenFixture.h","SSE4.2/128; AVX2/128; AVX2/256","public abstraction parity","tests/codegen/RegisterRearrangementCodegenRaw.cpp matching public Api operation","rearrangement-conversion","RegisterCodegen.128Sse42; RegisterCodegen.128Avx2; RegisterCodegen.256Avx2","retain","The f32-to-f32 full-width bit-cast cell independently protects that public template instantiation."
"simdlib_rearrangement_codegen_bit_cast_f32_f64","tests/codegen/RegisterRearrangementCodegenFixture.h","SSE4.2/128; AVX2/128; AVX2/256","public abstraction parity","tests/codegen/RegisterRearrangementCodegenRaw.cpp matching public Api operation","rearrangement-conversion","RegisterCodegen.128Sse42; RegisterCodegen.128Avx2; RegisterCodegen.256Avx2","retain","The f32-to-f64 full-width bit-cast cell independently protects that public template instantiation."
"simdlib_rearrangement_codegen_bit_cast_f32_i16","tests/codegen/RegisterRearrangementCodegenFixture.h","SSE4.2/128; AVX2/128; AVX2/256","public abstraction parity","tests/codegen/RegisterRearrangementCodegenRaw.cpp matching public Api operation","rearrangement-conversion","RegisterCodegen.128Sse42; RegisterCodegen.128Avx2; RegisterCodegen.256Avx2","retain","The f32-to-i16 full-width bit-cast cell independently protects that public template instantiation."
"simdlib_rearrangement_codegen_bit_cast_f32_i32","tests/codegen/RegisterRearrangementCodegenFixture.h","SSE4.2/128; AVX2/128; AVX2/256","public abstraction parity","tests/codegen/RegisterRearrangementCodegenRaw.cpp matching public Api operation","rearrangement-conversion","RegisterCodegen.128Sse42; RegisterCodegen.128Avx2; RegisterCodegen.256Avx2","retain","The f32-to-i32 full-width bit-cast cell independently protects that public template instantiation."
"simdlib_rearrangement_codegen_bit_cast_f32_i64","tests/codegen/RegisterRearrangementCodegenFixture.h","SSE4.2/128; AVX2/128; AVX2/256","public abstraction parity","tests/codegen/RegisterRearrangementCodegenRaw.cpp matching public Api operation","rearrangement-conversion","RegisterCodegen.128Sse42; RegisterCodegen.128Avx2; RegisterCodegen.256Avx2","retain","The f32-to-i64 full-width bit-cast cell independently protects that public template instantiation."
"simdlib_rearrangement_codegen_bit_cast_f32_i8","tests/codegen/RegisterRearrangementCodegenFixture.h","SSE4.2/128; AVX2/128; AVX2/256","public abstraction parity","tests/codegen/RegisterRearrangementCodegenRaw.cpp matching public Api operation","rearrangement-conversion","RegisterCodegen.128Sse42; RegisterCodegen.128Avx2; RegisterCodegen.256Avx2","retain","The f32-to-i8 full-width bit-cast cell independently protects that public template instantiation."
"simdlib_rearrangement_codegen_bit_cast_f32_u16","tests/codegen/RegisterRearrangementCodegenFixture.h","SSE4.2/128; AVX2/128; AVX2/256","public abstraction parity","tests/codegen/RegisterRearrangementCodegenRaw.cpp matching public Api operation","rearrangement-conversion","RegisterCodegen.128Sse42; RegisterCodegen.128Avx2; RegisterCodegen.256Avx2","retain","The f32-to-u16 full-width bit-cast cell independently protects that public template instantiation."
"simdlib_rearrangement_codegen_bit_cast_f32_u32","tests/codegen/RegisterRearrangementCodegenFixture.h","SSE4.2/128; AVX2/128; AVX2/256","public abstraction parity","tests/codegen/RegisterRearrangementCodegenRaw.cpp matching public Api operation","rearrangement-conversion","RegisterCodegen.128Sse42; RegisterCodegen.128Avx2; RegisterCodegen.256Avx2","retain","The f32-to-u32 full-width bit-cast cell independently protects that public template instantiation."
"simdlib_rearrangement_codegen_bit_cast_f32_u64","tests/codegen/RegisterRearrangementCodegenFixture.h","SSE4.2/128; AVX2/128; AVX2/256","public abstraction parity","tests/codegen/RegisterRearrangementCodegenRaw.cpp matching public Api operation","rearrangement-conversion","RegisterCodegen.128Sse42; RegisterCodegen.128Avx2; RegisterCodegen.256Avx2","retain","The f32-to-u64 full-width bit-cast cell independently protects that public template instantiation."
"simdlib_rearrangement_codegen_bit_cast_f32_u8","tests/codegen/RegisterRearrangementCodegenFixture.h","SSE4.2/128; AVX2/128; AVX2/256","public abstraction parity","tests/codegen/RegisterRearrangementCodegenRaw.cpp matching public Api operation","rearrangement-conversion","RegisterCodegen.128Sse42; RegisterCodegen.128Avx2; RegisterCodegen.256Avx2","retain","The f32-to-u8 full-width bit-cast cell independently protects that public template instantiation."
"simdlib_rearrangement_codegen_bit_cast_f64_f32","tests/codegen/RegisterRearrangementCodegenFixture.h","SSE4.2/128; AVX2/128; AVX2/256","public abstraction parity","tests/codegen/RegisterRearrangementCodegenRaw.cpp matching public Api operation","rearrangement-conversion","RegisterCodegen.128Sse42; RegisterCodegen.128Avx2; RegisterCodegen.256Avx2","retain","The f64-to-f32 full-width bit-cast cell independently protects that public template instantiation."
"simdlib_rearrangement_codegen_bit_cast_f64_f64","tests/codegen/RegisterRearrangementCodegenFixture.h","SSE4.2/128; AVX2/128; AVX2/256","public abstraction parity","tests/codegen/RegisterRearrangementCodegenRaw.cpp matching public Api operation","rearrangement-conversion","RegisterCodegen.128Sse42; RegisterCodegen.128Avx2; RegisterCodegen.256Avx2","retain","The f64-to-f64 full-width bit-cast cell independently protects that public template instantiation."
"simdlib_rearrangement_codegen_bit_cast_f64_i16","tests/codegen/RegisterRearrangementCodegenFixture.h","SSE4.2/128; AVX2/128; AVX2/256","public abstraction parity","tests/codegen/RegisterRearrangementCodegenRaw.cpp matching public Api operation","rearrangement-conversion","RegisterCodegen.128Sse42; RegisterCodegen.128Avx2; RegisterCodegen.256Avx2","retain","The f64-to-i16 full-width bit-cast cell independently protects that public template instantiation."
"simdlib_rearrangement_codegen_bit_cast_f64_i32","tests/codegen/RegisterRearrangementCodegenFixture.h","SSE4.2/128; AVX2/128; AVX2/256","public abstraction parity","tests/codegen/RegisterRearrangementCodegenRaw.cpp matching public Api operation","rearrangement-conversion","RegisterCodegen.128Sse42; RegisterCodegen.128Avx2; RegisterCodegen.256Avx2","retain","The f64-to-i32 full-width bit-cast cell independently protects that public template instantiation."
"simdlib_rearrangement_codegen_bit_cast_f64_i64","tests/codegen/RegisterRearrangementCodegenFixture.h","SSE4.2/128; AVX2/128; AVX2/256","public abstraction parity","tests/codegen/RegisterRearrangementCodegenRaw.cpp matching public Api operation","rearrangement-conversion","RegisterCodegen.128Sse42; RegisterCodegen.128Avx2; RegisterCodegen.256Avx2","retain","The f64-to-i64 full-width bit-cast cell independently protects that public template instantiation."
"simdlib_rearrangement_codegen_bit_cast_f64_i8","tests/codegen/RegisterRearrangementCodegenFixture.h","SSE4.2/128; AVX2/128; AVX2/256","public abstraction parity","tests/codegen/RegisterRearrangementCodegenRaw.cpp matching public Api operation","rearrangement-conversion","RegisterCodegen.128Sse42; RegisterCodegen.128Avx2; RegisterCodegen.256Avx2","retain","The f64-to-i8 full-width bit-cast cell independently protects that public template instantiation."
"simdlib_rearrangement_codegen_bit_cast_f64_u16","tests/codegen/RegisterRearrangementCodegenFixture.h","SSE4.2/128; AVX2/128; AVX2/256","public abstraction parity","tests/codegen/RegisterRearrangementCodegenRaw.cpp matching public Api operation","rearrangement-conversion","RegisterCodegen.128Sse42; RegisterCodegen.128Avx2; RegisterCodegen.256Avx2","retain","The f64-to-u16 full-width bit-cast cell independently protects that public template instantiation."
"simdlib_rearrangement_codegen_bit_cast_f64_u32","tests/codegen/RegisterRearrangementCodegenFixture.h","SSE4.2/128; AVX2/128; AVX2/256","public abstraction parity","tests/codegen/RegisterRearrangementCodegenRaw.cpp matching public Api operation","rearrangement-conversion","RegisterCodegen.128Sse42; RegisterCodegen.128Avx2; RegisterCodegen.256Avx2","retain","The f64-to-u32 full-width bit-cast cell independently protects that public template instantiation."
"simdlib_rearrangement_codegen_bit_cast_f64_u64","tests/codegen/RegisterRearrangementCodegenFixture.h","SSE4.2/128; AVX2/128; AVX2/256","public abstraction parity","tests/codegen/RegisterRearrangementCodegenRaw.cpp matching public Api operation","rearrangement-conversion","RegisterCodegen.128Sse42; RegisterCodegen.128Avx2; RegisterCodegen.256Avx2","retain","The f64-to-u64 full-width bit-cast cell independently protects that public template instantiation."
"simdlib_rearrangement_codegen_bit_cast_f64_u8","tests/codegen/RegisterRearrangementCodegenFixture.h","SSE4.2/128; AVX2/128; AVX2/256","public abstraction parity","tests/codegen/RegisterRearrangementCodegenRaw.cpp matching public Api operation","rearrangement-conversion","RegisterCodegen.128Sse42; RegisterCodegen.128Avx2; RegisterCodegen.256Avx2","retain","The f64-to-u8 full-width bit-cast cell independently protects that public template instantiation."
"simdlib_rearrangement_codegen_bit_cast_i16_f32","tests/codegen/RegisterRearrangementCodegenFixture.h","SSE4.2/128; AVX2/128; AVX2/256","public abstraction parity","tests/codegen/RegisterRearrangementCodegenRaw.cpp matching public Api operation","rearrangement-conversion","RegisterCodegen.128Sse42; RegisterCodegen.128Avx2; RegisterCodegen.256Avx2","retain","The i16-to-f32 full-width bit-cast cell independently protects that public template instantiation."
"simdlib_rearrangement_codegen_bit_cast_i16_f64","tests/codegen/RegisterRearrangementCodegenFixture.h","SSE4.2/128; AVX2/128; AVX2/256","public abstraction parity","tests/codegen/RegisterRearrangementCodegenRaw.cpp matching public Api operation","rearrangement-conversion","RegisterCodegen.128Sse42; RegisterCodegen.128Avx2; RegisterCodegen.256Avx2","retain","The i16-to-f64 full-width bit-cast cell independently protects that public template instantiation."
"simdlib_rearrangement_codegen_bit_cast_i16_i16","tests/codegen/RegisterRearrangementCodegenFixture.h","SSE4.2/128; AVX2/128; AVX2/256","public abstraction parity","tests/codegen/RegisterRearrangementCodegenRaw.cpp matching public Api operation","rearrangement-conversion","RegisterCodegen.128Sse42; RegisterCodegen.128Avx2; RegisterCodegen.256Avx2","retain","The i16-to-i16 full-width bit-cast cell independently protects that public template instantiation."
"simdlib_rearrangement_codegen_bit_cast_i16_i32","tests/codegen/RegisterRearrangementCodegenFixture.h","SSE4.2/128; AVX2/128; AVX2/256","public abstraction parity","tests/codegen/RegisterRearrangementCodegenRaw.cpp matching public Api operation","rearrangement-conversion","RegisterCodegen.128Sse42; RegisterCodegen.128Avx2; RegisterCodegen.256Avx2","retain","The i16-to-i32 full-width bit-cast cell independently protects that public template instantiation."
"simdlib_rearrangement_codegen_bit_cast_i16_i64","tests/codegen/RegisterRearrangementCodegenFixture.h","SSE4.2/128; AVX2/128; AVX2/256","public abstraction parity","tests/codegen/RegisterRearrangementCodegenRaw.cpp matching public Api operation","rearrangement-conversion","RegisterCodegen.128Sse42; RegisterCodegen.128Avx2; RegisterCodegen.256Avx2","retain","The i16-to-i64 full-width bit-cast cell independently protects that public template instantiation."
"simdlib_rearrangement_codegen_bit_cast_i16_i8","tests/codegen/RegisterRearrangementCodegenFixture.h","SSE4.2/128; AVX2/128; AVX2/256","public abstraction parity","tests/codegen/RegisterRearrangementCodegenRaw.cpp matching public Api operation","rearrangement-conversion","RegisterCodegen.128Sse42; RegisterCodegen.128Avx2; RegisterCodegen.256Avx2","retain","The i16-to-i8 full-width bit-cast cell independently protects that public template instantiation."
"simdlib_rearrangement_codegen_bit_cast_i16_u16","tests/codegen/RegisterRearrangementCodegenFixture.h","SSE4.2/128; AVX2/128; AVX2/256","public abstraction parity","tests/codegen/RegisterRearrangementCodegenRaw.cpp matching public Api operation","rearrangement-conversion","RegisterCodegen.128Sse42; RegisterCodegen.128Avx2; RegisterCodegen.256Avx2","retain","The i16-to-u16 full-width bit-cast cell independently protects that public template instantiation."
"simdlib_rearrangement_codegen_bit_cast_i16_u32","tests/codegen/RegisterRearrangementCodegenFixture.h","SSE4.2/128; AVX2/128; AVX2/256","public abstraction parity","tests/codegen/RegisterRearrangementCodegenRaw.cpp matching public Api operation","rearrangement-conversion","RegisterCodegen.128Sse42; RegisterCodegen.128Avx2; RegisterCodegen.256Avx2","retain","The i16-to-u32 full-width bit-cast cell independently protects that public template instantiation."
"simdlib_rearrangement_codegen_bit_cast_i16_u64","tests/codegen/RegisterRearrangementCodegenFixture.h","SSE4.2/128; AVX2/128; AVX2/256","public abstraction parity","tests/codegen/RegisterRearrangementCodegenRaw.cpp matching public Api operation","rearrangement-conversion","RegisterCodegen.128Sse42; RegisterCodegen.128Avx2; RegisterCodegen.256Avx2","retain","The i16-to-u64 full-width bit-cast cell independently protects that public template instantiation."
"simdlib_rearrangement_codegen_bit_cast_i16_u8","tests/codegen/RegisterRearrangementCodegenFixture.h","SSE4.2/128; AVX2/128; AVX2/256","public abstraction parity","tests/codegen/RegisterRearrangementCodegenRaw.cpp matching public Api operation","rearrangement-conversion","RegisterCodegen.128Sse42; RegisterCodegen.128Avx2; RegisterCodegen.256Avx2","retain","The i16-to-u8 full-width bit-cast cell independently protects that public template instantiation."
"simdlib_rearrangement_codegen_bit_cast_i32_f32","tests/codegen/RegisterRearrangementCodegenFixture.h","SSE4.2/128; AVX2/128; AVX2/256","public abstraction parity","tests/codegen/RegisterRearrangementCodegenRaw.cpp matching public Api operation","rearrangement-conversion","RegisterCodegen.128Sse42; RegisterCodegen.128Avx2; RegisterCodegen.256Avx2","retain","The i32-to-f32 full-width bit-cast cell independently protects that public template instantiation."
"simdlib_rearrangement_codegen_bit_cast_i32_f64","tests/codegen/RegisterRearrangementCodegenFixture.h","SSE4.2/128; AVX2/128; AVX2/256","public abstraction parity","tests/codegen/RegisterRearrangementCodegenRaw.cpp matching public Api operation","rearrangement-conversion","RegisterCodegen.128Sse42; RegisterCodegen.128Avx2; RegisterCodegen.256Avx2","retain","The i32-to-f64 full-width bit-cast cell independently protects that public template instantiation."
"simdlib_rearrangement_codegen_bit_cast_i32_i16","tests/codegen/RegisterRearrangementCodegenFixture.h","SSE4.2/128; AVX2/128; AVX2/256","public abstraction parity","tests/codegen/RegisterRearrangementCodegenRaw.cpp matching public Api operation","rearrangement-conversion","RegisterCodegen.128Sse42; RegisterCodegen.128Avx2; RegisterCodegen.256Avx2","retain","The i32-to-i16 full-width bit-cast cell independently protects that public template instantiation."
"simdlib_rearrangement_codegen_bit_cast_i32_i32","tests/codegen/RegisterRearrangementCodegenFixture.h","SSE4.2/128; AVX2/128; AVX2/256","public abstraction parity","tests/codegen/RegisterRearrangementCodegenRaw.cpp matching public Api operation","rearrangement-conversion","RegisterCodegen.128Sse42; RegisterCodegen.128Avx2; RegisterCodegen.256Avx2","retain","The i32-to-i32 full-width bit-cast cell independently protects that public template instantiation."
"simdlib_rearrangement_codegen_bit_cast_i32_i64","tests/codegen/RegisterRearrangementCodegenFixture.h","SSE4.2/128; AVX2/128; AVX2/256","public abstraction parity","tests/codegen/RegisterRearrangementCodegenRaw.cpp matching public Api operation","rearrangement-conversion","RegisterCodegen.128Sse42; RegisterCodegen.128Avx2; RegisterCodegen.256Avx2","retain","The i32-to-i64 full-width bit-cast cell independently protects that public template instantiation."
"simdlib_rearrangement_codegen_bit_cast_i32_i8","tests/codegen/RegisterRearrangementCodegenFixture.h","SSE4.2/128; AVX2/128; AVX2/256","public abstraction parity","tests/codegen/RegisterRearrangementCodegenRaw.cpp matching public Api operation","rearrangement-conversion","RegisterCodegen.128Sse42; RegisterCodegen.128Avx2; RegisterCodegen.256Avx2","retain","The i32-to-i8 full-width bit-cast cell independently protects that public template instantiation."
"simdlib_rearrangement_codegen_bit_cast_i32_u16","tests/codegen/RegisterRearrangementCodegenFixture.h","SSE4.2/128; AVX2/128; AVX2/256","public abstraction parity","tests/codegen/RegisterRearrangementCodegenRaw.cpp matching public Api operation","rearrangement-conversion","RegisterCodegen.128Sse42; RegisterCodegen.128Avx2; RegisterCodegen.256Avx2","retain","The i32-to-u16 full-width bit-cast cell independently protects that public template instantiation."
"simdlib_rearrangement_codegen_bit_cast_i32_u32","tests/codegen/RegisterRearrangementCodegenFixture.h","SSE4.2/128; AVX2/128; AVX2/256","public abstraction parity","tests/codegen/RegisterRearrangementCodegenRaw.cpp matching public Api operation","rearrangement-conversion","RegisterCodegen.128Sse42; RegisterCodegen.128Avx2; RegisterCodegen.256Avx2","retain","The i32-to-u32 full-width bit-cast cell independently protects that public template instantiation."
"simdlib_rearrangement_codegen_bit_cast_i32_u64","tests/codegen/RegisterRearrangementCodegenFixture.h","SSE4.2/128; AVX2/128; AVX2/256","public abstraction parity","tests/codegen/RegisterRearrangementCodegenRaw.cpp matching public Api operation","rearrangement-conversion","RegisterCodegen.128Sse42; RegisterCodegen.128Avx2; RegisterCodegen.256Avx2","retain","The i32-to-u64 full-width bit-cast cell independently protects that public template instantiation."
"simdlib_rearrangement_codegen_bit_cast_i32_u8","tests/codegen/RegisterRearrangementCodegenFixture.h","SSE4.2/128; AVX2/128; AVX2/256","public abstraction parity","tests/codegen/RegisterRearrangementCodegenRaw.cpp matching public Api operation","rearrangement-conversion","RegisterCodegen.128Sse42; RegisterCodegen.128Avx2; RegisterCodegen.256Avx2","retain","The i32-to-u8 full-width bit-cast cell independently protects that public template instantiation."
"simdlib_rearrangement_codegen_bit_cast_i64_f32","tests/codegen/RegisterRearrangementCodegenFixture.h","SSE4.2/128; AVX2/128; AVX2/256","public abstraction parity","tests/codegen/RegisterRearrangementCodegenRaw.cpp matching public Api operation","rearrangement-conversion","RegisterCodegen.128Sse42; RegisterCodegen.128Avx2; RegisterCodegen.256Avx2","retain","The i64-to-f32 full-width bit-cast cell independently protects that public template instantiation."
"simdlib_rearrangement_codegen_bit_cast_i64_f64","tests/codegen/RegisterRearrangementCodegenFixture.h","SSE4.2/128; AVX2/128; AVX2/256","public abstraction parity","tests/codegen/RegisterRearrangementCodegenRaw.cpp matching public Api operation","rearrangement-conversion","RegisterCodegen.128Sse42; RegisterCodegen.128Avx2; RegisterCodegen.256Avx2","retain","The i64-to-f64 full-width bit-cast cell independently protects that public template instantiation."
"simdlib_rearrangement_codegen_bit_cast_i64_i16","tests/codegen/RegisterRearrangementCodegenFixture.h","SSE4.2/128; AVX2/128; AVX2/256","public abstraction parity","tests/codegen/RegisterRearrangementCodegenRaw.cpp matching public Api operation","rearrangement-conversion","RegisterCodegen.128Sse42; RegisterCodegen.128Avx2; RegisterCodegen.256Avx2","retain","The i64-to-i16 full-width bit-cast cell independently protects that public template instantiation."
"simdlib_rearrangement_codegen_bit_cast_i64_i32","tests/codegen/RegisterRearrangementCodegenFixture.h","SSE4.2/128; AVX2/128; AVX2/256","public abstraction parity","tests/codegen/RegisterRearrangementCodegenRaw.cpp matching public Api operation","rearrangement-conversion","RegisterCodegen.128Sse42; RegisterCodegen.128Avx2; RegisterCodegen.256Avx2","retain","The i64-to-i32 full-width bit-cast cell independently protects that public template instantiation."
"simdlib_rearrangement_codegen_bit_cast_i64_i64","tests/codegen/RegisterRearrangementCodegenFixture.h","SSE4.2/128; AVX2/128; AVX2/256","public abstraction parity","tests/codegen/RegisterRearrangementCodegenRaw.cpp matching public Api operation","rearrangement-conversion","RegisterCodegen.128Sse42; RegisterCodegen.128Avx2; RegisterCodegen.256Avx2","retain","The i64-to-i64 full-width bit-cast cell independently protects that public template instantiation."
"simdlib_rearrangement_codegen_bit_cast_i64_i8","tests/codegen/RegisterRearrangementCodegenFixture.h","SSE4.2/128; AVX2/128; AVX2/256","public abstraction parity","tests/codegen/RegisterRearrangementCodegenRaw.cpp matching public Api operation","rearrangement-conversion","RegisterCodegen.128Sse42; RegisterCodegen.128Avx2; RegisterCodegen.256Avx2","retain","The i64-to-i8 full-width bit-cast cell independently protects that public template instantiation."
"simdlib_rearrangement_codegen_bit_cast_i64_u16","tests/codegen/RegisterRearrangementCodegenFixture.h","SSE4.2/128; AVX2/128; AVX2/256","public abstraction parity","tests/codegen/RegisterRearrangementCodegenRaw.cpp matching public Api operation","rearrangement-conversion","RegisterCodegen.128Sse42; RegisterCodegen.128Avx2; RegisterCodegen.256Avx2","retain","The i64-to-u16 full-width bit-cast cell independently protects that public template instantiation."
"simdlib_rearrangement_codegen_bit_cast_i64_u32","tests/codegen/RegisterRearrangementCodegenFixture.h","SSE4.2/128; AVX2/128; AVX2/256","public abstraction parity","tests/codegen/RegisterRearrangementCodegenRaw.cpp matching public Api operation","rearrangement-conversion","RegisterCodegen.128Sse42; RegisterCodegen.128Avx2; RegisterCodegen.256Avx2","retain","The i64-to-u32 full-width bit-cast cell independently protects that public template instantiation."
"simdlib_rearrangement_codegen_bit_cast_i64_u64","tests/codegen/RegisterRearrangementCodegenFixture.h","SSE4.2/128; AVX2/128; AVX2/256","public abstraction parity","tests/codegen/RegisterRearrangementCodegenRaw.cpp matching public Api operation","rearrangement-conversion","RegisterCodegen.128Sse42; RegisterCodegen.128Avx2; RegisterCodegen.256Avx2","retain","The i64-to-u64 full-width bit-cast cell independently protects that public template instantiation."
"simdlib_rearrangement_codegen_bit_cast_i64_u8","tests/codegen/RegisterRearrangementCodegenFixture.h","SSE4.2/128; AVX2/128; AVX2/256","public abstraction parity","tests/codegen/RegisterRearrangementCodegenRaw.cpp matching public Api operation","rearrangement-conversion","RegisterCodegen.128Sse42; RegisterCodegen.128Avx2; RegisterCodegen.256Avx2","retain","The i64-to-u8 full-width bit-cast cell independently protects that public template instantiation."
"simdlib_rearrangement_codegen_bit_cast_i8_f32","tests/codegen/RegisterRearrangementCodegenFixture.h","SSE4.2/128; AVX2/128; AVX2/256","public abstraction parity","tests/codegen/RegisterRearrangementCodegenRaw.cpp matching public Api operation","rearrangement-conversion","RegisterCodegen.128Sse42; RegisterCodegen.128Avx2; RegisterCodegen.256Avx2","retain","The i8-to-f32 full-width bit-cast cell independently protects that public template instantiation."
"simdlib_rearrangement_codegen_bit_cast_i8_f64","tests/codegen/RegisterRearrangementCodegenFixture.h","SSE4.2/128; AVX2/128; AVX2/256","public abstraction parity","tests/codegen/RegisterRearrangementCodegenRaw.cpp matching public Api operation","rearrangement-conversion","RegisterCodegen.128Sse42; RegisterCodegen.128Avx2; RegisterCodegen.256Avx2","retain","The i8-to-f64 full-width bit-cast cell independently protects that public template instantiation."
"simdlib_rearrangement_codegen_bit_cast_i8_i16","tests/codegen/RegisterRearrangementCodegenFixture.h","SSE4.2/128; AVX2/128; AVX2/256","public abstraction parity","tests/codegen/RegisterRearrangementCodegenRaw.cpp matching public Api operation","rearrangement-conversion","RegisterCodegen.128Sse42; RegisterCodegen.128Avx2; RegisterCodegen.256Avx2","retain","The i8-to-i16 full-width bit-cast cell independently protects that public template instantiation."
"simdlib_rearrangement_codegen_bit_cast_i8_i32","tests/codegen/RegisterRearrangementCodegenFixture.h","SSE4.2/128; AVX2/128; AVX2/256","public abstraction parity","tests/codegen/RegisterRearrangementCodegenRaw.cpp matching public Api operation","rearrangement-conversion","RegisterCodegen.128Sse42; RegisterCodegen.128Avx2; RegisterCodegen.256Avx2","retain","The i8-to-i32 full-width bit-cast cell independently protects that public template instantiation."
"simdlib_rearrangement_codegen_bit_cast_i8_i64","tests/codegen/RegisterRearrangementCodegenFixture.h","SSE4.2/128; AVX2/128; AVX2/256","public abstraction parity","tests/codegen/RegisterRearrangementCodegenRaw.cpp matching public Api operation","rearrangement-conversion","RegisterCodegen.128Sse42; RegisterCodegen.128Avx2; RegisterCodegen.256Avx2","retain","The i8-to-i64 full-width bit-cast cell independently protects that public template instantiation."
"simdlib_rearrangement_codegen_bit_cast_i8_i8","tests/codegen/RegisterRearrangementCodegenFixture.h","SSE4.2/128; AVX2/128; AVX2/256","public abstraction parity","tests/codegen/RegisterRearrangementCodegenRaw.cpp matching public Api operation","rearrangement-conversion","RegisterCodegen.128Sse42; RegisterCodegen.128Avx2; RegisterCodegen.256Avx2","retain","The i8-to-i8 full-width bit-cast cell independently protects that public template instantiation."
"simdlib_rearrangement_codegen_bit_cast_i8_u16","tests/codegen/RegisterRearrangementCodegenFixture.h","SSE4.2/128; AVX2/128; AVX2/256","public abstraction parity","tests/codegen/RegisterRearrangementCodegenRaw.cpp matching public Api operation","rearrangement-conversion","RegisterCodegen.128Sse42; RegisterCodegen.128Avx2; RegisterCodegen.256Avx2","retain","The i8-to-u16 full-width bit-cast cell independently protects that public template instantiation."
"simdlib_rearrangement_codegen_bit_cast_i8_u32","tests/codegen/RegisterRearrangementCodegenFixture.h","SSE4.2/128; AVX2/128; AVX2/256","public abstraction parity","tests/codegen/RegisterRearrangementCodegenRaw.cpp matching public Api operation","rearrangement-conversion","RegisterCodegen.128Sse42; RegisterCodegen.128Avx2; RegisterCodegen.256Avx2","retain","The i8-to-u32 full-width bit-cast cell independently protects that public template instantiation."
"simdlib_rearrangement_codegen_bit_cast_i8_u64","tests/codegen/RegisterRearrangementCodegenFixture.h","SSE4.2/128; AVX2/128; AVX2/256","public abstraction parity","tests/codegen/RegisterRearrangementCodegenRaw.cpp matching public Api operation","rearrangement-conversion","RegisterCodegen.128Sse42; RegisterCodegen.128Avx2; RegisterCodegen.256Avx2","retain","The i8-to-u64 full-width bit-cast cell independently protects that public template instantiation."
"simdlib_rearrangement_codegen_bit_cast_i8_u8","tests/codegen/RegisterRearrangementCodegenFixture.h","SSE4.2/128; AVX2/128; AVX2/256","public abstraction parity","tests/codegen/RegisterRearrangementCodegenRaw.cpp matching public Api operation","rearrangement-conversion","RegisterCodegen.128Sse42; RegisterCodegen.128Avx2; RegisterCodegen.256Avx2","retain","The i8-to-u8 full-width bit-cast cell independently protects that public template instantiation."
"simdlib_rearrangement_codegen_bit_cast_u16_f32","tests/codegen/RegisterRearrangementCodegenFixture.h","SSE4.2/128; AVX2/128; AVX2/256","public abstraction parity","tests/codegen/RegisterRearrangementCodegenRaw.cpp matching public Api operation","rearrangement-conversion","RegisterCodegen.128Sse42; RegisterCodegen.128Avx2; RegisterCodegen.256Avx2","retain","The u16-to-f32 full-width bit-cast cell independently protects that public template instantiation."
"simdlib_rearrangement_codegen_bit_cast_u16_f64","tests/codegen/RegisterRearrangementCodegenFixture.h","SSE4.2/128; AVX2/128; AVX2/256","public abstraction parity","tests/codegen/RegisterRearrangementCodegenRaw.cpp matching public Api operation","rearrangement-conversion","RegisterCodegen.128Sse42; RegisterCodegen.128Avx2; RegisterCodegen.256Avx2","retain","The u16-to-f64 full-width bit-cast cell independently protects that public template instantiation."
"simdlib_rearrangement_codegen_bit_cast_u16_i16","tests/codegen/RegisterRearrangementCodegenFixture.h","SSE4.2/128; AVX2/128; AVX2/256","public abstraction parity","tests/codegen/RegisterRearrangementCodegenRaw.cpp matching public Api operation","rearrangement-conversion","RegisterCodegen.128Sse42; RegisterCodegen.128Avx2; RegisterCodegen.256Avx2","retain","The u16-to-i16 full-width bit-cast cell independently protects that public template instantiation."
"simdlib_rearrangement_codegen_bit_cast_u16_i32","tests/codegen/RegisterRearrangementCodegenFixture.h","SSE4.2/128; AVX2/128; AVX2/256","public abstraction parity","tests/codegen/RegisterRearrangementCodegenRaw.cpp matching public Api operation","rearrangement-conversion","RegisterCodegen.128Sse42; RegisterCodegen.128Avx2; RegisterCodegen.256Avx2","retain","The u16-to-i32 full-width bit-cast cell independently protects that public template instantiation."
"simdlib_rearrangement_codegen_bit_cast_u16_i64","tests/codegen/RegisterRearrangementCodegenFixture.h","SSE4.2/128; AVX2/128; AVX2/256","public abstraction parity","tests/codegen/RegisterRearrangementCodegenRaw.cpp matching public Api operation","rearrangement-conversion","RegisterCodegen.128Sse42; RegisterCodegen.128Avx2; RegisterCodegen.256Avx2","retain","The u16-to-i64 full-width bit-cast cell independently protects that public template instantiation."
"simdlib_rearrangement_codegen_bit_cast_u16_i8","tests/codegen/RegisterRearrangementCodegenFixture.h","SSE4.2/128; AVX2/128; AVX2/256","public abstraction parity","tests/codegen/RegisterRearrangementCodegenRaw.cpp matching public Api operation","rearrangement-conversion","RegisterCodegen.128Sse42; RegisterCodegen.128Avx2; RegisterCodegen.256Avx2","retain","The u16-to-i8 full-width bit-cast cell independently protects that public template instantiation."
"simdlib_rearrangement_codegen_bit_cast_u16_u16","tests/codegen/RegisterRearrangementCodegenFixture.h","SSE4.2/128; AVX2/128; AVX2/256","public abstraction parity","tests/codegen/RegisterRearrangementCodegenRaw.cpp matching public Api operation","rearrangement-conversion","RegisterCodegen.128Sse42; RegisterCodegen.128Avx2; RegisterCodegen.256Avx2","retain","The u16-to-u16 full-width bit-cast cell independently protects that public template instantiation."
"simdlib_rearrangement_codegen_bit_cast_u16_u32","tests/codegen/RegisterRearrangementCodegenFixture.h","SSE4.2/128; AVX2/128; AVX2/256","public abstraction parity","tests/codegen/RegisterRearrangementCodegenRaw.cpp matching public Api operation","rearrangement-conversion","RegisterCodegen.128Sse42; RegisterCodegen.128Avx2; RegisterCodegen.256Avx2","retain","The u16-to-u32 full-width bit-cast cell independently protects that public template instantiation."
"simdlib_rearrangement_codegen_bit_cast_u16_u64","tests/codegen/RegisterRearrangementCodegenFixture.h","SSE4.2/128; AVX2/128; AVX2/256","public abstraction parity","tests/codegen/RegisterRearrangementCodegenRaw.cpp matching public Api operation","rearrangement-conversion","RegisterCodegen.128Sse42; RegisterCodegen.128Avx2; RegisterCodegen.256Avx2","retain","The u16-to-u64 full-width bit-cast cell independently protects that public template instantiation."
"simdlib_rearrangement_codegen_bit_cast_u16_u8","tests/codegen/RegisterRearrangementCodegenFixture.h","SSE4.2/128; AVX2/128; AVX2/256","public abstraction parity","tests/codegen/RegisterRearrangementCodegenRaw.cpp matching public Api operation","rearrangement-conversion","RegisterCodegen.128Sse42; RegisterCodegen.128Avx2; RegisterCodegen.256Avx2","retain","The u16-to-u8 full-width bit-cast cell independently protects that public template instantiation."
"simdlib_rearrangement_codegen_bit_cast_u32_f32","tests/codegen/RegisterRearrangementCodegenFixture.h","SSE4.2/128; AVX2/128; AVX2/256","public abstraction parity","tests/codegen/RegisterRearrangementCodegenRaw.cpp matching public Api operation","rearrangement-conversion","RegisterCodegen.128Sse42; RegisterCodegen.128Avx2; RegisterCodegen.256Avx2","retain","The u32-to-f32 full-width bit-cast cell independently protects that public template instantiation."
"simdlib_rearrangement_codegen_bit_cast_u32_f64","tests/codegen/RegisterRearrangementCodegenFixture.h","SSE4.2/128; AVX2/128; AVX2/256","public abstraction parity","tests/codegen/RegisterRearrangementCodegenRaw.cpp matching public Api operation","rearrangement-conversion","RegisterCodegen.128Sse42; RegisterCodegen.128Avx2; RegisterCodegen.256Avx2","retain","The u32-to-f64 full-width bit-cast cell independently protects that public template instantiation."
"simdlib_rearrangement_codegen_bit_cast_u32_i16","tests/codegen/RegisterRearrangementCodegenFixture.h","SSE4.2/128; AVX2/128; AVX2/256","public abstraction parity","tests/codegen/RegisterRearrangementCodegenRaw.cpp matching public Api operation","rearrangement-conversion","RegisterCodegen.128Sse42; RegisterCodegen.128Avx2; RegisterCodegen.256Avx2","retain","The u32-to-i16 full-width bit-cast cell independently protects that public template instantiation."
"simdlib_rearrangement_codegen_bit_cast_u32_i32","tests/codegen/RegisterRearrangementCodegenFixture.h","SSE4.2/128; AVX2/128; AVX2/256","public abstraction parity","tests/codegen/RegisterRearrangementCodegenRaw.cpp matching public Api operation","rearrangement-conversion","RegisterCodegen.128Sse42; RegisterCodegen.128Avx2; RegisterCodegen.256Avx2","retain","The u32-to-i32 full-width bit-cast cell independently protects that public template instantiation."
"simdlib_rearrangement_codegen_bit_cast_u32_i64","tests/codegen/RegisterRearrangementCodegenFixture.h","SSE4.2/128; AVX2/128; AVX2/256","public abstraction parity","tests/codegen/RegisterRearrangementCodegenRaw.cpp matching public Api operation","rearrangement-conversion","RegisterCodegen.128Sse42; RegisterCodegen.128Avx2; RegisterCodegen.256Avx2","retain","The u32-to-i64 full-width bit-cast cell independently protects that public template instantiation."
"simdlib_rearrangement_codegen_bit_cast_u32_i8","tests/codegen/RegisterRearrangementCodegenFixture.h","SSE4.2/128; AVX2/128; AVX2/256","public abstraction parity","tests/codegen/RegisterRearrangementCodegenRaw.cpp matching public Api operation","rearrangement-conversion","RegisterCodegen.128Sse42; RegisterCodegen.128Avx2; RegisterCodegen.256Avx2","retain","The u32-to-i8 full-width bit-cast cell independently protects that public template instantiation."
"simdlib_rearrangement_codegen_bit_cast_u32_u16","tests/codegen/RegisterRearrangementCodegenFixture.h","SSE4.2/128; AVX2/128; AVX2/256","public abstraction parity","tests/codegen/RegisterRearrangementCodegenRaw.cpp matching public Api operation","rearrangement-conversion","RegisterCodegen.128Sse42; RegisterCodegen.128Avx2; RegisterCodegen.256Avx2","retain","The u32-to-u16 full-width bit-cast cell independently protects that public template instantiation."
"simdlib_rearrangement_codegen_bit_cast_u32_u32","tests/codegen/RegisterRearrangementCodegenFixture.h","SSE4.2/128; AVX2/128; AVX2/256","public abstraction parity","tests/codegen/RegisterRearrangementCodegenRaw.cpp matching public Api operation","rearrangement-conversion","RegisterCodegen.128Sse42; RegisterCodegen.128Avx2; RegisterCodegen.256Avx2","retain","The u32-to-u32 full-width bit-cast cell independently protects that public template instantiation."
"simdlib_rearrangement_codegen_bit_cast_u32_u64","tests/codegen/RegisterRearrangementCodegenFixture.h","SSE4.2/128; AVX2/128; AVX2/256","public abstraction parity","tests/codegen/RegisterRearrangementCodegenRaw.cpp matching public Api operation","rearrangement-conversion","RegisterCodegen.128Sse42; RegisterCodegen.128Avx2; RegisterCodegen.256Avx2","retain","The u32-to-u64 full-width bit-cast cell independently protects that public template instantiation."
"simdlib_rearrangement_codegen_bit_cast_u32_u8","tests/codegen/RegisterRearrangementCodegenFixture.h","SSE4.2/128; AVX2/128; AVX2/256","public abstraction parity","tests/codegen/RegisterRearrangementCodegenRaw.cpp matching public Api operation","rearrangement-conversion","RegisterCodegen.128Sse42; RegisterCodegen.128Avx2; RegisterCodegen.256Avx2","retain","The u32-to-u8 full-width bit-cast cell independently protects that public template instantiation."
"simdlib_rearrangement_codegen_bit_cast_u64_f32","tests/codegen/RegisterRearrangementCodegenFixture.h","SSE4.2/128; AVX2/128; AVX2/256","public abstraction parity","tests/codegen/RegisterRearrangementCodegenRaw.cpp matching public Api operation","rearrangement-conversion","RegisterCodegen.128Sse42; RegisterCodegen.128Avx2; RegisterCodegen.256Avx2","retain","The u64-to-f32 full-width bit-cast cell independently protects that public template instantiation."
"simdlib_rearrangement_codegen_bit_cast_u64_f64","tests/codegen/RegisterRearrangementCodegenFixture.h","SSE4.2/128; AVX2/128; AVX2/256","public abstraction parity","tests/codegen/RegisterRearrangementCodegenRaw.cpp matching public Api operation","rearrangement-conversion","RegisterCodegen.128Sse42; RegisterCodegen.128Avx2; RegisterCodegen.256Avx2","retain","The u64-to-f64 full-width bit-cast cell independently protects that public template instantiation."
"simdlib_rearrangement_codegen_bit_cast_u64_i16","tests/codegen/RegisterRearrangementCodegenFixture.h","SSE4.2/128; AVX2/128; AVX2/256","public abstraction parity","tests/codegen/RegisterRearrangementCodegenRaw.cpp matching public Api operation","rearrangement-conversion","RegisterCodegen.128Sse42; RegisterCodegen.128Avx2; RegisterCodegen.256Avx2","retain","The u64-to-i16 full-width bit-cast cell independently protects that public template instantiation."
"simdlib_rearrangement_codegen_bit_cast_u64_i32","tests/codegen/RegisterRearrangementCodegenFixture.h","SSE4.2/128; AVX2/128; AVX2/256","public abstraction parity","tests/codegen/RegisterRearrangementCodegenRaw.cpp matching public Api operation","rearrangement-conversion","RegisterCodegen.128Sse42; RegisterCodegen.128Avx2; RegisterCodegen.256Avx2","retain","The u64-to-i32 full-width bit-cast cell independently protects that public template instantiation."
"simdlib_rearrangement_codegen_bit_cast_u64_i64","tests/codegen/RegisterRearrangementCodegenFixture.h","SSE4.2/128; AVX2/128; AVX2/256","public abstraction parity","tests/codegen/RegisterRearrangementCodegenRaw.cpp matching public Api operation","rearrangement-conversion","RegisterCodegen.128Sse42; RegisterCodegen.128Avx2; RegisterCodegen.256Avx2","retain","The u64-to-i64 full-width bit-cast cell independently protects that public template instantiation."
"simdlib_rearrangement_codegen_bit_cast_u64_i8","tests/codegen/RegisterRearrangementCodegenFixture.h","SSE4.2/128; AVX2/128; AVX2/256","public abstraction parity","tests/codegen/RegisterRearrangementCodegenRaw.cpp matching public Api operation","rearrangement-conversion","RegisterCodegen.128Sse42; RegisterCodegen.128Avx2; RegisterCodegen.256Avx2","retain","The u64-to-i8 full-width bit-cast cell independently protects that public template instantiation."
"simdlib_rearrangement_codegen_bit_cast_u64_u16","tests/codegen/RegisterRearrangementCodegenFixture.h","SSE4.2/128; AVX2/128; AVX2/256","public abstraction parity","tests/codegen/RegisterRearrangementCodegenRaw.cpp matching public Api operation","rearrangement-conversion","RegisterCodegen.128Sse42; RegisterCodegen.128Avx2; RegisterCodegen.256Avx2","retain","The u64-to-u16 full-width bit-cast cell independently protects that public template instantiation."
"simdlib_rearrangement_codegen_bit_cast_u64_u32","tests/codegen/RegisterRearrangementCodegenFixture.h","SSE4.2/128; AVX2/128; AVX2/256","public abstraction parity","tests/codegen/RegisterRearrangementCodegenRaw.cpp matching public Api operation","rearrangement-conversion","RegisterCodegen.128Sse42; RegisterCodegen.128Avx2; RegisterCodegen.256Avx2","retain","The u64-to-u32 full-width bit-cast cell independently protects that public template instantiation."
"simdlib_rearrangement_codegen_bit_cast_u64_u64","tests/codegen/RegisterRearrangementCodegenFixture.h","SSE4.2/128; AVX2/128; AVX2/256","public abstraction parity","tests/codegen/RegisterRearrangementCodegenRaw.cpp matching public Api operation","rearrangement-conversion","RegisterCodegen.128Sse42; RegisterCodegen.128Avx2; RegisterCodegen.256Avx2","retain","The u64-to-u64 full-width bit-cast cell independently protects that public template instantiation."
"simdlib_rearrangement_codegen_bit_cast_u64_u8","tests/codegen/RegisterRearrangementCodegenFixture.h","SSE4.2/128; AVX2/128; AVX2/256","public abstraction parity","tests/codegen/RegisterRearrangementCodegenRaw.cpp matching public Api operation","rearrangement-conversion","RegisterCodegen.128Sse42; RegisterCodegen.128Avx2; RegisterCodegen.256Avx2","retain","The u64-to-u8 full-width bit-cast cell independently protects that public template instantiation."
"simdlib_rearrangement_codegen_bit_cast_u8_f32","tests/codegen/RegisterRearrangementCodegenFixture.h","SSE4.2/128; AVX2/128; AVX2/256","public abstraction parity","tests/codegen/RegisterRearrangementCodegenRaw.cpp matching public Api operation","rearrangement-conversion","RegisterCodegen.128Sse42; RegisterCodegen.128Avx2; RegisterCodegen.256Avx2","retain","The u8-to-f32 full-width bit-cast cell independently protects that public template instantiation."
"simdlib_rearrangement_codegen_bit_cast_u8_f64","tests/codegen/RegisterRearrangementCodegenFixture.h","SSE4.2/128; AVX2/128; AVX2/256","public abstraction parity","tests/codegen/RegisterRearrangementCodegenRaw.cpp matching public Api operation","rearrangement-conversion","RegisterCodegen.128Sse42; RegisterCodegen.128Avx2; RegisterCodegen.256Avx2","retain","The u8-to-f64 full-width bit-cast cell independently protects that public template instantiation."
"simdlib_rearrangement_codegen_bit_cast_u8_i16","tests/codegen/RegisterRearrangementCodegenFixture.h","SSE4.2/128; AVX2/128; AVX2/256","public abstraction parity","tests/codegen/RegisterRearrangementCodegenRaw.cpp matching public Api operation","rearrangement-conversion","RegisterCodegen.128Sse42; RegisterCodegen.128Avx2; RegisterCodegen.256Avx2","retain","The u8-to-i16 full-width bit-cast cell independently protects that public template instantiation."
"simdlib_rearrangement_codegen_bit_cast_u8_i32","tests/codegen/RegisterRearrangementCodegenFixture.h","SSE4.2/128; AVX2/128; AVX2/256","public abstraction parity","tests/codegen/RegisterRearrangementCodegenRaw.cpp matching public Api operation","rearrangement-conversion","RegisterCodegen.128Sse42; RegisterCodegen.128Avx2; RegisterCodegen.256Avx2","retain","The u8-to-i32 full-width bit-cast cell independently protects that public template instantiation."
"simdlib_rearrangement_codegen_bit_cast_u8_i64","tests/codegen/RegisterRearrangementCodegenFixture.h","SSE4.2/128; AVX2/128; AVX2/256","public abstraction parity","tests/codegen/RegisterRearrangementCodegenRaw.cpp matching public Api operation","rearrangement-conversion","RegisterCodegen.128Sse42; RegisterCodegen.128Avx2; RegisterCodegen.256Avx2","retain","The u8-to-i64 full-width bit-cast cell independently protects that public template instantiation."
"simdlib_rearrangement_codegen_bit_cast_u8_i8","tests/codegen/RegisterRearrangementCodegenFixture.h","SSE4.2/128; AVX2/128; AVX2/256","public abstraction parity","tests/codegen/RegisterRearrangementCodegenRaw.cpp matching public Api operation","rearrangement-conversion","RegisterCodegen.128Sse42; RegisterCodegen.128Avx2; RegisterCodegen.256Avx2","retain","The u8-to-i8 full-width bit-cast cell independently protects that public template instantiation."
"simdlib_rearrangement_codegen_bit_cast_u8_u16","tests/codegen/RegisterRearrangementCodegenFixture.h","SSE4.2/128; AVX2/128; AVX2/256","public abstraction parity","tests/codegen/RegisterRearrangementCodegenRaw.cpp matching public Api operation","rearrangement-conversion","RegisterCodegen.128Sse42; RegisterCodegen.128Avx2; RegisterCodegen.256Avx2","retain","The u8-to-u16 full-width bit-cast cell independently protects that public template instantiation."
"simdlib_rearrangement_codegen_bit_cast_u8_u32","tests/codegen/RegisterRearrangementCodegenFixture.h","SSE4.2/128; AVX2/128; AVX2/256","public abstraction parity","tests/codegen/RegisterRearrangementCodegenRaw.cpp matching public Api operation","rearrangement-conversion","RegisterCodegen.128Sse42; RegisterCodegen.128Avx2; RegisterCodegen.256Avx2","retain","The u8-to-u32 full-width bit-cast cell independently protects that public template instantiation."
"simdlib_rearrangement_codegen_bit_cast_u8_u64","tests/codegen/RegisterRearrangementCodegenFixture.h","SSE4.2/128; AVX2/128; AVX2/256","public abstraction parity","tests/codegen/RegisterRearrangementCodegenRaw.cpp matching public Api operation","rearrangement-conversion","RegisterCodegen.128Sse42; RegisterCodegen.128Avx2; RegisterCodegen.256Avx2","retain","The u8-to-u64 full-width bit-cast cell independently protects that public template instantiation."
"simdlib_rearrangement_codegen_bit_cast_u8_u8","tests/codegen/RegisterRearrangementCodegenFixture.h","SSE4.2/128; AVX2/128; AVX2/256","public abstraction parity","tests/codegen/RegisterRearrangementCodegenRaw.cpp matching public Api operation","rearrangement-conversion","RegisterCodegen.128Sse42; RegisterCodegen.128Avx2; RegisterCodegen.256Avx2","retain","The u8-to-u8 full-width bit-cast cell independently protects that public template instantiation."
"simdlib_rearrangement_codegen_blend_f32","tests/codegen/RegisterRearrangementCodegenFixture.h","SSE4.2/128; AVX2/128; AVX2/256","public abstraction parity","tests/codegen/RegisterRearrangementCodegenRaw.cpp matching public Api operation","rearrangement-conversion","RegisterCodegen.128Sse42; RegisterCodegen.128Avx2; RegisterCodegen.256Avx2","retain","The immediate blend rearrangement for f32 must match its public Api operation."
"simdlib_rearrangement_codegen_blend_f64","tests/codegen/RegisterRearrangementCodegenFixture.h","SSE4.2/128; AVX2/128; AVX2/256","public abstraction parity","tests/codegen/RegisterRearrangementCodegenRaw.cpp matching public Api operation","rearrangement-conversion","RegisterCodegen.128Sse42; RegisterCodegen.128Avx2; RegisterCodegen.256Avx2","retain","The immediate blend rearrangement for f64 must match its public Api operation."
"simdlib_rearrangement_codegen_blend_i16","tests/codegen/RegisterRearrangementCodegenFixture.h","SSE4.2/128; AVX2/128; AVX2/256","public abstraction parity","tests/codegen/RegisterRearrangementCodegenRaw.cpp matching public Api operation","rearrangement-conversion","RegisterCodegen.128Sse42; RegisterCodegen.128Avx2; RegisterCodegen.256Avx2","retain","The immediate blend rearrangement for i16 must match its public Api operation."
"simdlib_rearrangement_codegen_blend_i32","tests/codegen/RegisterRearrangementCodegenFixture.h","SSE4.2/128; AVX2/128; AVX2/256","public abstraction parity","tests/codegen/RegisterRearrangementCodegenRaw.cpp matching public Api operation","rearrangement-conversion","RegisterCodegen.128Sse42; RegisterCodegen.128Avx2; RegisterCodegen.256Avx2","retain","The immediate blend rearrangement for i32 must match its public Api operation."
"simdlib_rearrangement_codegen_blend_u16","tests/codegen/RegisterRearrangementCodegenFixture.h","SSE4.2/128; AVX2/128; AVX2/256","public abstraction parity","tests/codegen/RegisterRearrangementCodegenRaw.cpp matching public Api operation","rearrangement-conversion","RegisterCodegen.128Sse42; RegisterCodegen.128Avx2; RegisterCodegen.256Avx2","retain","The immediate blend rearrangement for u16 must match its public Api operation."
"simdlib_rearrangement_codegen_blend_u32","tests/codegen/RegisterRearrangementCodegenFixture.h","SSE4.2/128; AVX2/128; AVX2/256","public abstraction parity","tests/codegen/RegisterRearrangementCodegenRaw.cpp matching public Api operation","rearrangement-conversion","RegisterCodegen.128Sse42; RegisterCodegen.128Avx2; RegisterCodegen.256Avx2","retain","The immediate blend rearrangement for u32 must match its public Api operation."
"simdlib_rearrangement_codegen_byte_shuffle_i32","tests/codegen/RegisterRearrangementCodegenFixture.h","SSE4.2/128; AVX2/128","public abstraction parity","tests/codegen/RegisterRearrangementCodegenRaw.cpp matching public Api operation","rearrangement-conversion","RegisterCodegen.128Sse42; RegisterCodegen.128Avx2","retain","The 128-bit complete byte reversal must match the public Api shuffle."
"simdlib_rearrangement_codegen_byte_shuffle_i32_cross","tests/codegen/RegisterRearrangementCodegenFixture.h","AVX2/256","public abstraction parity","tests/codegen/RegisterRearrangementCodegenRaw.cpp matching public Api operation","rearrangement-conversion","RegisterCodegen.256Avx2","retain","The 256-bit i32_cross selector pattern protects the corresponding local or cross-half public byte-shuffle path."
"simdlib_rearrangement_codegen_byte_shuffle_i32_local","tests/codegen/RegisterRearrangementCodegenFixture.h","AVX2/256","public abstraction parity","tests/codegen/RegisterRearrangementCodegenRaw.cpp matching public Api operation","rearrangement-conversion","RegisterCodegen.256Avx2","retain","The 256-bit i32_local selector pattern protects the corresponding local or cross-half public byte-shuffle path."
"simdlib_rearrangement_codegen_byte_shuffle_i32_mixed","tests/codegen/RegisterRearrangementCodegenFixture.h","AVX2/256","public abstraction parity","tests/codegen/RegisterRearrangementCodegenRaw.cpp matching public Api operation","rearrangement-conversion","RegisterCodegen.256Avx2","retain","The 256-bit i32_mixed selector pattern protects the corresponding local or cross-half public byte-shuffle path."
"simdlib_rearrangement_codegen_convert_f32_i32","tests/codegen/RegisterRearrangementCodegenFixture.h","SSE4.2/128; AVX2/128; AVX2/256","public abstraction parity","tests/codegen/RegisterRearrangementCodegenRaw.cpp matching public Api operation","rearrangement-conversion","RegisterCodegen.128Sse42; RegisterCodegen.128Avx2; RegisterCodegen.256Avx2","retain","The f32-to-i32 numeric conversion must match the public Api operation."
"simdlib_rearrangement_codegen_convert_i32_f32","tests/codegen/RegisterRearrangementCodegenFixture.h","SSE4.2/128; AVX2/128; AVX2/256","public abstraction parity","tests/codegen/RegisterRearrangementCodegenRaw.cpp matching public Api operation","rearrangement-conversion","RegisterCodegen.128Sse42; RegisterCodegen.128Avx2; RegisterCodegen.256Avx2","retain","The i32-to-f32 numeric conversion must match the public Api operation."
"simdlib_rearrangement_codegen_convert_u32_f32","tests/codegen/RegisterRearrangementCodegenFixture.h","SSE4.2/128; AVX2/128; AVX2/256","public abstraction parity","tests/codegen/RegisterRearrangementCodegenRaw.cpp matching public Api operation","rearrangement-conversion","RegisterCodegen.128Sse42; RegisterCodegen.128Avx2; RegisterCodegen.256Avx2","retain","The u32-to-f32 numeric conversion must match the public Api operation."
"simdlib_rearrangement_codegen_logical_shuffle_f32","tests/codegen/RegisterRearrangementCodegenFixture.h","SSE4.2/128; AVX2/128; AVX2/256","public abstraction parity","tests/codegen/RegisterRearrangementCodegenRaw.cpp matching public Api operation","rearrangement-conversion","RegisterCodegen.128Sse42; RegisterCodegen.128Avx2; RegisterCodegen.256Avx2","retain","The width-specific logical shuffle for f32 protects complete-register selector lowering, including cross-128-bit movement at 256 bits."
"simdlib_rearrangement_codegen_logical_shuffle_f64","tests/codegen/RegisterRearrangementCodegenFixture.h","SSE4.2/128; AVX2/128; AVX2/256","public abstraction parity","tests/codegen/RegisterRearrangementCodegenRaw.cpp matching public Api operation","rearrangement-conversion","RegisterCodegen.128Sse42; RegisterCodegen.128Avx2; RegisterCodegen.256Avx2","retain","The width-specific logical shuffle for f64 protects complete-register selector lowering, including cross-128-bit movement at 256 bits."
"simdlib_rearrangement_codegen_logical_shuffle_i16","tests/codegen/RegisterRearrangementCodegenFixture.h","SSE4.2/128; AVX2/128; AVX2/256","public abstraction parity","tests/codegen/RegisterRearrangementCodegenRaw.cpp matching public Api operation","rearrangement-conversion","RegisterCodegen.128Sse42; RegisterCodegen.128Avx2; RegisterCodegen.256Avx2","retain","The width-specific logical shuffle for i16 protects complete-register selector lowering, including cross-128-bit movement at 256 bits."
"simdlib_rearrangement_codegen_logical_shuffle_i32","tests/codegen/RegisterRearrangementCodegenFixture.h","SSE4.2/128; AVX2/128; AVX2/256","public abstraction parity","tests/codegen/RegisterRearrangementCodegenRaw.cpp matching public Api operation","rearrangement-conversion","RegisterCodegen.128Sse42; RegisterCodegen.128Avx2; RegisterCodegen.256Avx2","retain","The width-specific logical shuffle for i32 protects complete-register selector lowering, including cross-128-bit movement at 256 bits."
"simdlib_rearrangement_codegen_logical_shuffle_i64","tests/codegen/RegisterRearrangementCodegenFixture.h","SSE4.2/128; AVX2/128; AVX2/256","public abstraction parity","tests/codegen/RegisterRearrangementCodegenRaw.cpp matching public Api operation","rearrangement-conversion","RegisterCodegen.128Sse42; RegisterCodegen.128Avx2; RegisterCodegen.256Avx2","retain","The width-specific logical shuffle for i64 protects complete-register selector lowering, including cross-128-bit movement at 256 bits."
"simdlib_rearrangement_codegen_logical_shuffle_i8","tests/codegen/RegisterRearrangementCodegenFixture.h","SSE4.2/128; AVX2/128; AVX2/256","public abstraction parity","tests/codegen/RegisterRearrangementCodegenRaw.cpp matching public Api operation","rearrangement-conversion","RegisterCodegen.128Sse42; RegisterCodegen.128Avx2; RegisterCodegen.256Avx2","retain","The width-specific logical shuffle for i8 protects complete-register selector lowering, including cross-128-bit movement at 256 bits."
"simdlib_rearrangement_codegen_logical_shuffle_u16","tests/codegen/RegisterRearrangementCodegenFixture.h","SSE4.2/128; AVX2/128; AVX2/256","public abstraction parity","tests/codegen/RegisterRearrangementCodegenRaw.cpp matching public Api operation","rearrangement-conversion","RegisterCodegen.128Sse42; RegisterCodegen.128Avx2; RegisterCodegen.256Avx2","retain","The width-specific logical shuffle for u16 protects complete-register selector lowering, including cross-128-bit movement at 256 bits."
"simdlib_rearrangement_codegen_logical_shuffle_u32","tests/codegen/RegisterRearrangementCodegenFixture.h","SSE4.2/128; AVX2/128; AVX2/256","public abstraction parity","tests/codegen/RegisterRearrangementCodegenRaw.cpp matching public Api operation","rearrangement-conversion","RegisterCodegen.128Sse42; RegisterCodegen.128Avx2; RegisterCodegen.256Avx2","retain","The width-specific logical shuffle for u32 protects complete-register selector lowering, including cross-128-bit movement at 256 bits."
"simdlib_rearrangement_codegen_logical_shuffle_u64","tests/codegen/RegisterRearrangementCodegenFixture.h","SSE4.2/128; AVX2/128; AVX2/256","public abstraction parity","tests/codegen/RegisterRearrangementCodegenRaw.cpp matching public Api operation","rearrangement-conversion","RegisterCodegen.128Sse42; RegisterCodegen.128Avx2; RegisterCodegen.256Avx2","retain","The width-specific logical shuffle for u64 protects complete-register selector lowering, including cross-128-bit movement at 256 bits."
"simdlib_rearrangement_codegen_logical_shuffle_u8","tests/codegen/RegisterRearrangementCodegenFixture.h","SSE4.2/128; AVX2/128; AVX2/256","public abstraction parity","tests/codegen/RegisterRearrangementCodegenRaw.cpp matching public Api operation","rearrangement-conversion","RegisterCodegen.128Sse42; RegisterCodegen.128Avx2; RegisterCodegen.256Avx2","retain","The width-specific logical shuffle for u8 protects complete-register selector lowering, including cross-128-bit movement at 256 bits."
"simdlib_rearrangement_codegen_lower_half_f32","tests/codegen/RegisterRearrangementCodegenFixture.h","AVX2/256","public abstraction parity","tests/codegen/RegisterRearrangementCodegenRaw.cpp matching public Api operation","rearrangement-conversion","RegisterCodegen.256Avx2","retain","The f32 lower-half conversion changes register width and must match the Api boundary."
"simdlib_rearrangement_codegen_lower_half_f64","tests/codegen/RegisterRearrangementCodegenFixture.h","AVX2/256","public abstraction parity","tests/codegen/RegisterRearrangementCodegenRaw.cpp matching public Api operation","rearrangement-conversion","RegisterCodegen.256Avx2","retain","The f64 lower-half conversion changes register width and must match the Api boundary."
"simdlib_rearrangement_codegen_lower_half_i16","tests/codegen/RegisterRearrangementCodegenFixture.h","AVX2/256","public abstraction parity","tests/codegen/RegisterRearrangementCodegenRaw.cpp matching public Api operation","rearrangement-conversion","RegisterCodegen.256Avx2","retain","The i16 lower-half conversion changes register width and must match the Api boundary."
"simdlib_rearrangement_codegen_lower_half_i32","tests/codegen/RegisterRearrangementCodegenFixture.h","AVX2/256","public abstraction parity","tests/codegen/RegisterRearrangementCodegenRaw.cpp matching public Api operation","rearrangement-conversion","RegisterCodegen.256Avx2","retain","The i32 lower-half conversion changes register width and must match the Api boundary."
"simdlib_rearrangement_codegen_lower_half_i64","tests/codegen/RegisterRearrangementCodegenFixture.h","AVX2/256","public abstraction parity","tests/codegen/RegisterRearrangementCodegenRaw.cpp matching public Api operation","rearrangement-conversion","RegisterCodegen.256Avx2","retain","The i64 lower-half conversion changes register width and must match the Api boundary."
"simdlib_rearrangement_codegen_lower_half_i8","tests/codegen/RegisterRearrangementCodegenFixture.h","AVX2/256","public abstraction parity","tests/codegen/RegisterRearrangementCodegenRaw.cpp matching public Api operation","rearrangement-conversion","RegisterCodegen.256Avx2","retain","The i8 lower-half conversion changes register width and must match the Api boundary."
"simdlib_rearrangement_codegen_lower_half_u16","tests/codegen/RegisterRearrangementCodegenFixture.h","AVX2/256","public abstraction parity","tests/codegen/RegisterRearrangementCodegenRaw.cpp matching public Api operation","rearrangement-conversion","RegisterCodegen.256Avx2","retain","The u16 lower-half conversion changes register width and must match the Api boundary."
"simdlib_rearrangement_codegen_lower_half_u32","tests/codegen/RegisterRearrangementCodegenFixture.h","AVX2/256","public abstraction parity","tests/codegen/RegisterRearrangementCodegenRaw.cpp matching public Api operation","rearrangement-conversion","RegisterCodegen.256Avx2","retain","The u32 lower-half conversion changes register width and must match the Api boundary."
"simdlib_rearrangement_codegen_lower_half_u64","tests/codegen/RegisterRearrangementCodegenFixture.h","AVX2/256","public abstraction parity","tests/codegen/RegisterRearrangementCodegenRaw.cpp matching public Api operation","rearrangement-conversion","RegisterCodegen.256Avx2","retain","The u64 lower-half conversion changes register width and must match the Api boundary."
"simdlib_rearrangement_codegen_lower_half_u8","tests/codegen/RegisterRearrangementCodegenFixture.h","AVX2/256","public abstraction parity","tests/codegen/RegisterRearrangementCodegenRaw.cpp matching public Api operation","rearrangement-conversion","RegisterCodegen.256Avx2","retain","The u8 lower-half conversion changes register width and must match the Api boundary."
"simdlib_rearrangement_codegen_shuffle_high_i16","tests/codegen/RegisterRearrangementCodegenFixture.h","SSE4.2/128; AVX2/128; AVX2/256","public abstraction parity","tests/codegen/RegisterRearrangementCodegenRaw.cpp matching public Api operation","rearrangement-conversion","RegisterCodegen.128Sse42; RegisterCodegen.128Avx2; RegisterCodegen.256Avx2","retain","The immediate shuffle_high rearrangement for i16 must match its public Api operation."
"simdlib_rearrangement_codegen_shuffle_high_u16","tests/codegen/RegisterRearrangementCodegenFixture.h","SSE4.2/128; AVX2/128; AVX2/256","public abstraction parity","tests/codegen/RegisterRearrangementCodegenRaw.cpp matching public Api operation","rearrangement-conversion","RegisterCodegen.128Sse42; RegisterCodegen.128Avx2; RegisterCodegen.256Avx2","retain","The immediate shuffle_high rearrangement for u16 must match its public Api operation."
"simdlib_rearrangement_codegen_shuffle_low_i16","tests/codegen/RegisterRearrangementCodegenFixture.h","SSE4.2/128; AVX2/128; AVX2/256","public abstraction parity","tests/codegen/RegisterRearrangementCodegenRaw.cpp matching public Api operation","rearrangement-conversion","RegisterCodegen.128Sse42; RegisterCodegen.128Avx2; RegisterCodegen.256Avx2","retain","The immediate shuffle_low rearrangement for i16 must match its public Api operation."
"simdlib_rearrangement_codegen_shuffle_low_u16","tests/codegen/RegisterRearrangementCodegenFixture.h","SSE4.2/128; AVX2/128; AVX2/256","public abstraction parity","tests/codegen/RegisterRearrangementCodegenRaw.cpp matching public Api operation","rearrangement-conversion","RegisterCodegen.128Sse42; RegisterCodegen.128Avx2; RegisterCodegen.256Avx2","retain","The immediate shuffle_low rearrangement for u16 must match its public Api operation."
"simdlib_rearrangement_codegen_unpack_high_f32","tests/codegen/RegisterRearrangementCodegenFixture.h","SSE4.2/128; AVX2/128; AVX2/256","public abstraction parity","tests/codegen/RegisterRearrangementCodegenRaw.cpp matching public Api operation","rearrangement-conversion","RegisterCodegen.128Sse42; RegisterCodegen.128Avx2; RegisterCodegen.256Avx2","retain","The isolated unpack_high rearrangement for f32 must match its public Api operation."
"simdlib_rearrangement_codegen_unpack_high_f64","tests/codegen/RegisterRearrangementCodegenFixture.h","SSE4.2/128; AVX2/128; AVX2/256","public abstraction parity","tests/codegen/RegisterRearrangementCodegenRaw.cpp matching public Api operation","rearrangement-conversion","RegisterCodegen.128Sse42; RegisterCodegen.128Avx2; RegisterCodegen.256Avx2","retain","The isolated unpack_high rearrangement for f64 must match its public Api operation."
"simdlib_rearrangement_codegen_unpack_high_i16","tests/codegen/RegisterRearrangementCodegenFixture.h","SSE4.2/128; AVX2/128; AVX2/256","public abstraction parity","tests/codegen/RegisterRearrangementCodegenRaw.cpp matching public Api operation","rearrangement-conversion","RegisterCodegen.128Sse42; RegisterCodegen.128Avx2; RegisterCodegen.256Avx2","retain","The isolated unpack_high rearrangement for i16 must match its public Api operation."
"simdlib_rearrangement_codegen_unpack_high_i32","tests/codegen/RegisterRearrangementCodegenFixture.h","SSE4.2/128; AVX2/128; AVX2/256","public abstraction parity","tests/codegen/RegisterRearrangementCodegenRaw.cpp matching public Api operation","rearrangement-conversion","RegisterCodegen.128Sse42; RegisterCodegen.128Avx2; RegisterCodegen.256Avx2","retain","The isolated unpack_high rearrangement for i32 must match its public Api operation."
"simdlib_rearrangement_codegen_unpack_high_i64","tests/codegen/RegisterRearrangementCodegenFixture.h","SSE4.2/128; AVX2/128; AVX2/256","public abstraction parity","tests/codegen/RegisterRearrangementCodegenRaw.cpp matching public Api operation","rearrangement-conversion","RegisterCodegen.128Sse42; RegisterCodegen.128Avx2; RegisterCodegen.256Avx2","retain","The isolated unpack_high rearrangement for i64 must match its public Api operation."
"simdlib_rearrangement_codegen_unpack_high_i8","tests/codegen/RegisterRearrangementCodegenFixture.h","SSE4.2/128; AVX2/128; AVX2/256","public abstraction parity","tests/codegen/RegisterRearrangementCodegenRaw.cpp matching public Api operation","rearrangement-conversion","RegisterCodegen.128Sse42; RegisterCodegen.128Avx2; RegisterCodegen.256Avx2","retain","The isolated unpack_high rearrangement for i8 must match its public Api operation."
"simdlib_rearrangement_codegen_unpack_high_u16","tests/codegen/RegisterRearrangementCodegenFixture.h","SSE4.2/128; AVX2/128; AVX2/256","public abstraction parity","tests/codegen/RegisterRearrangementCodegenRaw.cpp matching public Api operation","rearrangement-conversion","RegisterCodegen.128Sse42; RegisterCodegen.128Avx2; RegisterCodegen.256Avx2","retain","The isolated unpack_high rearrangement for u16 must match its public Api operation."
"simdlib_rearrangement_codegen_unpack_high_u32","tests/codegen/RegisterRearrangementCodegenFixture.h","SSE4.2/128; AVX2/128; AVX2/256","public abstraction parity","tests/codegen/RegisterRearrangementCodegenRaw.cpp matching public Api operation","rearrangement-conversion","RegisterCodegen.128Sse42; RegisterCodegen.128Avx2; RegisterCodegen.256Avx2","retain","The isolated unpack_high rearrangement for u32 must match its public Api operation."
"simdlib_rearrangement_codegen_unpack_high_u64","tests/codegen/RegisterRearrangementCodegenFixture.h","SSE4.2/128; AVX2/128; AVX2/256","public abstraction parity","tests/codegen/RegisterRearrangementCodegenRaw.cpp matching public Api operation","rearrangement-conversion","RegisterCodegen.128Sse42; RegisterCodegen.128Avx2; RegisterCodegen.256Avx2","retain","The isolated unpack_high rearrangement for u64 must match its public Api operation."
"simdlib_rearrangement_codegen_unpack_high_u8","tests/codegen/RegisterRearrangementCodegenFixture.h","SSE4.2/128; AVX2/128; AVX2/256","public abstraction parity","tests/codegen/RegisterRearrangementCodegenRaw.cpp matching public Api operation","rearrangement-conversion","RegisterCodegen.128Sse42; RegisterCodegen.128Avx2; RegisterCodegen.256Avx2","retain","The isolated unpack_high rearrangement for u8 must match its public Api operation."
"simdlib_rearrangement_codegen_unpack_low_f32","tests/codegen/RegisterRearrangementCodegenFixture.h","SSE4.2/128; AVX2/128; AVX2/256","public abstraction parity","tests/codegen/RegisterRearrangementCodegenRaw.cpp matching public Api operation","rearrangement-conversion","RegisterCodegen.128Sse42; RegisterCodegen.128Avx2; RegisterCodegen.256Avx2","retain","The isolated unpack_low rearrangement for f32 must match its public Api operation."
"simdlib_rearrangement_codegen_unpack_low_f64","tests/codegen/RegisterRearrangementCodegenFixture.h","SSE4.2/128; AVX2/128; AVX2/256","public abstraction parity","tests/codegen/RegisterRearrangementCodegenRaw.cpp matching public Api operation","rearrangement-conversion","RegisterCodegen.128Sse42; RegisterCodegen.128Avx2; RegisterCodegen.256Avx2","retain","The isolated unpack_low rearrangement for f64 must match its public Api operation."
"simdlib_rearrangement_codegen_unpack_low_i16","tests/codegen/RegisterRearrangementCodegenFixture.h","SSE4.2/128; AVX2/128; AVX2/256","public abstraction parity","tests/codegen/RegisterRearrangementCodegenRaw.cpp matching public Api operation","rearrangement-conversion","RegisterCodegen.128Sse42; RegisterCodegen.128Avx2; RegisterCodegen.256Avx2","retain","The isolated unpack_low rearrangement for i16 must match its public Api operation."
"simdlib_rearrangement_codegen_unpack_low_i32","tests/codegen/RegisterRearrangementCodegenFixture.h","SSE4.2/128; AVX2/128; AVX2/256","public abstraction parity","tests/codegen/RegisterRearrangementCodegenRaw.cpp matching public Api operation","rearrangement-conversion","RegisterCodegen.128Sse42; RegisterCodegen.128Avx2; RegisterCodegen.256Avx2","retain","The isolated unpack_low rearrangement for i32 must match its public Api operation."
"simdlib_rearrangement_codegen_unpack_low_i64","tests/codegen/RegisterRearrangementCodegenFixture.h","SSE4.2/128; AVX2/128; AVX2/256","public abstraction parity","tests/codegen/RegisterRearrangementCodegenRaw.cpp matching public Api operation","rearrangement-conversion","RegisterCodegen.128Sse42; RegisterCodegen.128Avx2; RegisterCodegen.256Avx2","retain","The isolated unpack_low rearrangement for i64 must match its public Api operation."
"simdlib_rearrangement_codegen_unpack_low_i8","tests/codegen/RegisterRearrangementCodegenFixture.h","SSE4.2/128; AVX2/128; AVX2/256","public abstraction parity","tests/codegen/RegisterRearrangementCodegenRaw.cpp matching public Api operation","rearrangement-conversion","RegisterCodegen.128Sse42; RegisterCodegen.128Avx2; RegisterCodegen.256Avx2","retain","The isolated unpack_low rearrangement for i8 must match its public Api operation."
"simdlib_rearrangement_codegen_unpack_low_u16","tests/codegen/RegisterRearrangementCodegenFixture.h","SSE4.2/128; AVX2/128; AVX2/256","public abstraction parity","tests/codegen/RegisterRearrangementCodegenRaw.cpp matching public Api operation","rearrangement-conversion","RegisterCodegen.128Sse42; RegisterCodegen.128Avx2; RegisterCodegen.256Avx2","retain","The isolated unpack_low rearrangement for u16 must match its public Api operation."
"simdlib_rearrangement_codegen_unpack_low_u32","tests/codegen/RegisterRearrangementCodegenFixture.h","SSE4.2/128; AVX2/128; AVX2/256","public abstraction parity","tests/codegen/RegisterRearrangementCodegenRaw.cpp matching public Api operation","rearrangement-conversion","RegisterCodegen.128Sse42; RegisterCodegen.128Avx2; RegisterCodegen.256Avx2","retain","The isolated unpack_low rearrangement for u32 must match its public Api operation."
"simdlib_rearrangement_codegen_unpack_low_u64","tests/codegen/RegisterRearrangementCodegenFixture.h","SSE4.2/128; AVX2/128; AVX2/256","public abstraction parity","tests/codegen/RegisterRearrangementCodegenRaw.cpp matching public Api operation","rearrangement-conversion","RegisterCodegen.128Sse42; RegisterCodegen.128Avx2; RegisterCodegen.256Avx2","retain","The isolated unpack_low rearrangement for u64 must match its public Api operation."
"simdlib_rearrangement_codegen_unpack_low_u8","tests/codegen/RegisterRearrangementCodegenFixture.h","SSE4.2/128; AVX2/128; AVX2/256","public abstraction parity","tests/codegen/RegisterRearrangementCodegenRaw.cpp matching public Api operation","rearrangement-conversion","RegisterCodegen.128Sse42; RegisterCodegen.128Avx2; RegisterCodegen.256Avx2","retain","The isolated unpack_low rearrangement for u8 must match its public Api operation."
"simdlib_rearrangement_codegen_widen_i16_i32_128","tests/codegen/RegisterRearrangementCodegenFixture.h","SSE4.2/128; AVX2/128","public abstraction parity","tests/codegen/RegisterRearrangementCodegenRaw.cpp matching public Api operation","rearrangement-conversion","RegisterCodegen.128Sse42; RegisterCodegen.128Avx2","retain","The explicit low-lane i16-to-i32 128-bit widening result must match the public Api operation."
"simdlib_rearrangement_codegen_widen_i16_i32_256","tests/codegen/RegisterRearrangementCodegenFixture.h","AVX2/128 source to 256-bit result","public abstraction parity","tests/codegen/RegisterRearrangementCodegenRaw.cpp matching public Api operation","rearrangement-conversion","RegisterCodegen.128Avx2","retain","The explicit low-lane i16-to-i32 256-bit widening result must match the public Api operation."
"simdlib_rearrangement_codegen_widen_i16_i64_128","tests/codegen/RegisterRearrangementCodegenFixture.h","SSE4.2/128; AVX2/128","public abstraction parity","tests/codegen/RegisterRearrangementCodegenRaw.cpp matching public Api operation","rearrangement-conversion","RegisterCodegen.128Sse42; RegisterCodegen.128Avx2","retain","The explicit low-lane i16-to-i64 128-bit widening result must match the public Api operation."
"simdlib_rearrangement_codegen_widen_i16_i64_256","tests/codegen/RegisterRearrangementCodegenFixture.h","AVX2/128 source to 256-bit result","public abstraction parity","tests/codegen/RegisterRearrangementCodegenRaw.cpp matching public Api operation","rearrangement-conversion","RegisterCodegen.128Avx2","retain","The explicit low-lane i16-to-i64 256-bit widening result must match the public Api operation."
"simdlib_rearrangement_codegen_widen_i32_i64_128","tests/codegen/RegisterRearrangementCodegenFixture.h","SSE4.2/128; AVX2/128","public abstraction parity","tests/codegen/RegisterRearrangementCodegenRaw.cpp matching public Api operation","rearrangement-conversion","RegisterCodegen.128Sse42; RegisterCodegen.128Avx2","retain","The explicit low-lane i32-to-i64 128-bit widening result must match the public Api operation."
"simdlib_rearrangement_codegen_widen_i32_i64_256","tests/codegen/RegisterRearrangementCodegenFixture.h","AVX2/128 source to 256-bit result","public abstraction parity","tests/codegen/RegisterRearrangementCodegenRaw.cpp matching public Api operation","rearrangement-conversion","RegisterCodegen.128Avx2","retain","The explicit low-lane i32-to-i64 256-bit widening result must match the public Api operation."
"simdlib_rearrangement_codegen_widen_i8_i16_128","tests/codegen/RegisterRearrangementCodegenFixture.h","SSE4.2/128; AVX2/128","public abstraction parity","tests/codegen/RegisterRearrangementCodegenRaw.cpp matching public Api operation","rearrangement-conversion","RegisterCodegen.128Sse42; RegisterCodegen.128Avx2","retain","The explicit low-lane i8-to-i16 128-bit widening result must match the public Api operation."
"simdlib_rearrangement_codegen_widen_i8_i16_256","tests/codegen/RegisterRearrangementCodegenFixture.h","AVX2/128 source to 256-bit result","public abstraction parity","tests/codegen/RegisterRearrangementCodegenRaw.cpp matching public Api operation","rearrangement-conversion","RegisterCodegen.128Avx2","retain","The explicit low-lane i8-to-i16 256-bit widening result must match the public Api operation."
"simdlib_rearrangement_codegen_widen_i8_i32_128","tests/codegen/RegisterRearrangementCodegenFixture.h","SSE4.2/128; AVX2/128","public abstraction parity","tests/codegen/RegisterRearrangementCodegenRaw.cpp matching public Api operation","rearrangement-conversion","RegisterCodegen.128Sse42; RegisterCodegen.128Avx2","retain","The explicit low-lane i8-to-i32 128-bit widening result must match the public Api operation."
"simdlib_rearrangement_codegen_widen_i8_i32_256","tests/codegen/RegisterRearrangementCodegenFixture.h","AVX2/128 source to 256-bit result","public abstraction parity","tests/codegen/RegisterRearrangementCodegenRaw.cpp matching public Api operation","rearrangement-conversion","RegisterCodegen.128Avx2","retain","The explicit low-lane i8-to-i32 256-bit widening result must match the public Api operation."
"simdlib_rearrangement_codegen_widen_i8_i64_128","tests/codegen/RegisterRearrangementCodegenFixture.h","SSE4.2/128; AVX2/128","public abstraction parity","tests/codegen/RegisterRearrangementCodegenRaw.cpp matching public Api operation","rearrangement-conversion","RegisterCodegen.128Sse42; RegisterCodegen.128Avx2","retain","The explicit low-lane i8-to-i64 128-bit widening result must match the public Api operation."
"simdlib_rearrangement_codegen_widen_i8_i64_256","tests/codegen/RegisterRearrangementCodegenFixture.h","AVX2/128 source to 256-bit result","public abstraction parity","tests/codegen/RegisterRearrangementCodegenRaw.cpp matching public Api operation","rearrangement-conversion","RegisterCodegen.128Avx2","retain","The explicit low-lane i8-to-i64 256-bit widening result must match the public Api operation."
"simdlib_rearrangement_codegen_widen_u16_u32_128","tests/codegen/RegisterRearrangementCodegenFixture.h","SSE4.2/128; AVX2/128","public abstraction parity","tests/codegen/RegisterRearrangementCodegenRaw.cpp matching public Api operation","rearrangement-conversion","RegisterCodegen.128Sse42; RegisterCodegen.128Avx2","retain","The explicit low-lane u16-to-u32 128-bit widening result must match the public Api operation."
"simdlib_rearrangement_codegen_widen_u16_u32_256","tests/codegen/RegisterRearrangementCodegenFixture.h","AVX2/128 source to 256-bit result","public abstraction parity","tests/codegen/RegisterRearrangementCodegenRaw.cpp matching public Api operation","rearrangement-conversion","RegisterCodegen.128Avx2","retain","The explicit low-lane u16-to-u32 256-bit widening result must match the public Api operation."
"simdlib_rearrangement_codegen_widen_u16_u64_128","tests/codegen/RegisterRearrangementCodegenFixture.h","SSE4.2/128; AVX2/128","public abstraction parity","tests/codegen/RegisterRearrangementCodegenRaw.cpp matching public Api operation","rearrangement-conversion","RegisterCodegen.128Sse42; RegisterCodegen.128Avx2","retain","The explicit low-lane u16-to-u64 128-bit widening result must match the public Api operation."
"simdlib_rearrangement_codegen_widen_u16_u64_256","tests/codegen/RegisterRearrangementCodegenFixture.h","AVX2/128 source to 256-bit result","public abstraction parity","tests/codegen/RegisterRearrangementCodegenRaw.cpp matching public Api operation","rearrangement-conversion","RegisterCodegen.128Avx2","retain","The explicit low-lane u16-to-u64 256-bit widening result must match the public Api operation."
"simdlib_rearrangement_codegen_widen_u32_u64_128","tests/codegen/RegisterRearrangementCodegenFixture.h","SSE4.2/128; AVX2/128","public abstraction parity","tests/codegen/RegisterRearrangementCodegenRaw.cpp matching public Api operation","rearrangement-conversion","RegisterCodegen.128Sse42; RegisterCodegen.128Avx2","retain","The explicit low-lane u32-to-u64 128-bit widening result must match the public Api operation."
"simdlib_rearrangement_codegen_widen_u32_u64_256","tests/codegen/RegisterRearrangementCodegenFixture.h","AVX2/128 source to 256-bit result","public abstraction parity","tests/codegen/RegisterRearrangementCodegenRaw.cpp matching public Api operation","rearrangement-conversion","RegisterCodegen.128Avx2","retain","The explicit low-lane u32-to-u64 256-bit widening result must match the public Api operation."
"simdlib_rearrangement_codegen_widen_u8_u16_128","tests/codegen/RegisterRearrangementCodegenFixture.h","SSE4.2/128; AVX2/128","public abstraction parity","tests/codegen/RegisterRearrangementCodegenRaw.cpp matching public Api operation","rearrangement-conversion","RegisterCodegen.128Sse42; RegisterCodegen.128Avx2","retain","The explicit low-lane u8-to-u16 128-bit widening result must match the public Api operation."
"simdlib_rearrangement_codegen_widen_u8_u16_256","tests/codegen/RegisterRearrangementCodegenFixture.h","AVX2/128 source to 256-bit result","public abstraction parity","tests/codegen/RegisterRearrangementCodegenRaw.cpp matching public Api operation","rearrangement-conversion","RegisterCodegen.128Avx2","retain","The explicit low-lane u8-to-u16 256-bit widening result must match the public Api operation."
"simdlib_rearrangement_codegen_widen_u8_u32_128","tests/codegen/RegisterRearrangementCodegenFixture.h","SSE4.2/128; AVX2/128","public abstraction parity","tests/codegen/RegisterRearrangementCodegenRaw.cpp matching public Api operation","rearrangement-conversion","RegisterCodegen.128Sse42; RegisterCodegen.128Avx2","retain","The explicit low-lane u8-to-u32 128-bit widening result must match the public Api operation."
"simdlib_rearrangement_codegen_widen_u8_u32_256","tests/codegen/RegisterRearrangementCodegenFixture.h","AVX2/128 source to 256-bit result","public abstraction parity","tests/codegen/RegisterRearrangementCodegenRaw.cpp matching public Api operation","rearrangement-conversion","RegisterCodegen.128Avx2","retain","The explicit low-lane u8-to-u32 256-bit widening result must match the public Api operation."
"simdlib_rearrangement_codegen_widen_u8_u64_128","tests/codegen/RegisterRearrangementCodegenFixture.h","SSE4.2/128; AVX2/128","public abstraction parity","tests/codegen/RegisterRearrangementCodegenRaw.cpp matching public Api operation","rearrangement-conversion","RegisterCodegen.128Sse42; RegisterCodegen.128Avx2","retain","The explicit low-lane u8-to-u64 128-bit widening result must match the public Api operation."
"simdlib_rearrangement_codegen_widen_u8_u64_256","tests/codegen/RegisterRearrangementCodegenFixture.h","AVX2/128 source to 256-bit result","public abstraction parity","tests/codegen/RegisterRearrangementCodegenRaw.cpp matching public Api operation","rearrangement-conversion","RegisterCodegen.128Avx2","retain","The explicit low-lane u8-to-u64 256-bit widening result must match the public Api operation."
"simdlib_specialized_codegen_absolute_f32","tests/codegen/RegisterSpecializedCodegenFixture.h","SSE4.2/128; AVX2/128; AVX2/256","public abstraction parity","tests/codegen/RegisterSpecializedCodegenRaw.cpp matching public Api operation","specialized","RegisterCodegen.128Sse42; RegisterCodegen.128Avx2; RegisterCodegen.256Avx2","retain","The isolated Register::absolute specialization for f32 must match its public Api operation."
"simdlib_specialized_codegen_absolute_f64","tests/codegen/RegisterSpecializedCodegenFixture.h","SSE4.2/128; AVX2/128; AVX2/256","public abstraction parity","tests/codegen/RegisterSpecializedCodegenRaw.cpp matching public Api operation","specialized","RegisterCodegen.128Sse42; RegisterCodegen.128Avx2; RegisterCodegen.256Avx2","retain","The isolated Register::absolute specialization for f64 must match its public Api operation."
"simdlib_specialized_codegen_absolute_i16","tests/codegen/RegisterSpecializedCodegenFixture.h","SSE4.2/128; AVX2/128; AVX2/256","public abstraction parity","tests/codegen/RegisterSpecializedCodegenRaw.cpp matching public Api operation","specialized","RegisterCodegen.128Sse42; RegisterCodegen.128Avx2; RegisterCodegen.256Avx2","retain","The isolated Register::absolute specialization for i16 must match its public Api operation."
"simdlib_specialized_codegen_absolute_i32","tests/codegen/RegisterSpecializedCodegenFixture.h","SSE4.2/128; AVX2/128; AVX2/256","public abstraction parity","tests/codegen/RegisterSpecializedCodegenRaw.cpp matching public Api operation","specialized","RegisterCodegen.128Sse42; RegisterCodegen.128Avx2; RegisterCodegen.256Avx2","retain","The isolated Register::absolute specialization for i32 must match its public Api operation."
"simdlib_specialized_codegen_absolute_i64","tests/codegen/RegisterSpecializedCodegenFixture.h","SSE4.2/128; AVX2/128; AVX2/256","public abstraction parity","tests/codegen/RegisterSpecializedCodegenRaw.cpp matching public Api operation","specialized","RegisterCodegen.128Sse42; RegisterCodegen.128Avx2; RegisterCodegen.256Avx2","retain","The isolated Register::absolute specialization for i64 must match its public Api operation."
"simdlib_specialized_codegen_absolute_i8","tests/codegen/RegisterSpecializedCodegenFixture.h","SSE4.2/128; AVX2/128; AVX2/256","public abstraction parity","tests/codegen/RegisterSpecializedCodegenRaw.cpp matching public Api operation","specialized","RegisterCodegen.128Sse42; RegisterCodegen.128Avx2; RegisterCodegen.256Avx2","retain","The isolated Register::absolute specialization for i8 must match its public Api operation."
"simdlib_specialized_codegen_absolute_u16","tests/codegen/RegisterSpecializedCodegenFixture.h","SSE4.2/128; AVX2/128; AVX2/256","public abstraction parity","tests/codegen/RegisterSpecializedCodegenRaw.cpp matching public Api operation","specialized","RegisterCodegen.128Sse42; RegisterCodegen.128Avx2; RegisterCodegen.256Avx2","retain","The isolated Register::absolute specialization for u16 must match its public Api operation."
"simdlib_specialized_codegen_absolute_u32","tests/codegen/RegisterSpecializedCodegenFixture.h","SSE4.2/128; AVX2/128; AVX2/256","public abstraction parity","tests/codegen/RegisterSpecializedCodegenRaw.cpp matching public Api operation","specialized","RegisterCodegen.128Sse42; RegisterCodegen.128Avx2; RegisterCodegen.256Avx2","retain","The isolated Register::absolute specialization for u32 must match its public Api operation."
"simdlib_specialized_codegen_absolute_u64","tests/codegen/RegisterSpecializedCodegenFixture.h","SSE4.2/128; AVX2/128; AVX2/256","public abstraction parity","tests/codegen/RegisterSpecializedCodegenRaw.cpp matching public Api operation","specialized","RegisterCodegen.128Sse42; RegisterCodegen.128Avx2; RegisterCodegen.256Avx2","retain","The isolated Register::absolute specialization for u64 must match its public Api operation."
"simdlib_specialized_codegen_absolute_u8","tests/codegen/RegisterSpecializedCodegenFixture.h","SSE4.2/128; AVX2/128; AVX2/256","public abstraction parity","tests/codegen/RegisterSpecializedCodegenRaw.cpp matching public Api operation","specialized","RegisterCodegen.128Sse42; RegisterCodegen.128Avx2; RegisterCodegen.256Avx2","retain","The isolated Register::absolute specialization for u8 must match its public Api operation."
"simdlib_specialized_codegen_add_saturated_i16","tests/codegen/RegisterSpecializedCodegenFixture.h","SSE4.2/128; AVX2/128; AVX2/256","public abstraction parity","tests/codegen/RegisterSpecializedCodegenRaw.cpp matching public Api operation","specialized","RegisterCodegen.128Sse42; RegisterCodegen.128Avx2; RegisterCodegen.256Avx2","retain","The isolated add_saturated specialization for i16 must match its public Api operation."
"simdlib_specialized_codegen_add_saturated_i8","tests/codegen/RegisterSpecializedCodegenFixture.h","SSE4.2/128; AVX2/128; AVX2/256","public abstraction parity","tests/codegen/RegisterSpecializedCodegenRaw.cpp matching public Api operation","specialized","RegisterCodegen.128Sse42; RegisterCodegen.128Avx2; RegisterCodegen.256Avx2","retain","The isolated add_saturated specialization for i8 must match its public Api operation."
"simdlib_specialized_codegen_add_saturated_u16","tests/codegen/RegisterSpecializedCodegenFixture.h","SSE4.2/128; AVX2/128; AVX2/256","public abstraction parity","tests/codegen/RegisterSpecializedCodegenRaw.cpp matching public Api operation","specialized","RegisterCodegen.128Sse42; RegisterCodegen.128Avx2; RegisterCodegen.256Avx2","retain","The isolated add_saturated specialization for u16 must match its public Api operation."
"simdlib_specialized_codegen_add_saturated_u8","tests/codegen/RegisterSpecializedCodegenFixture.h","SSE4.2/128; AVX2/128; AVX2/256","public abstraction parity","tests/codegen/RegisterSpecializedCodegenRaw.cpp matching public Api operation","specialized","RegisterCodegen.128Sse42; RegisterCodegen.128Avx2; RegisterCodegen.256Avx2","retain","The isolated add_saturated specialization for u8 must match its public Api operation."
"simdlib_specialized_codegen_add_subtract_f32","tests/codegen/RegisterSpecializedCodegenFixture.h","SSE4.2/128; AVX2/128; AVX2/256","public abstraction parity","tests/codegen/RegisterSpecializedCodegenRaw.cpp matching public Api operation","specialized","RegisterCodegen.128Sse42; RegisterCodegen.128Avx2; RegisterCodegen.256Avx2","retain","The isolated add_subtract specialization for f32 must match its public Api operation."
"simdlib_specialized_codegen_add_subtract_f64","tests/codegen/RegisterSpecializedCodegenFixture.h","SSE4.2/128; AVX2/128; AVX2/256","public abstraction parity","tests/codegen/RegisterSpecializedCodegenRaw.cpp matching public Api operation","specialized","RegisterCodegen.128Sse42; RegisterCodegen.128Avx2; RegisterCodegen.256Avx2","retain","The isolated add_subtract specialization for f64 must match its public Api operation."
"simdlib_specialized_codegen_average_u16","tests/codegen/RegisterSpecializedCodegenFixture.h","SSE4.2/128; AVX2/128; AVX2/256","public abstraction parity","tests/codegen/RegisterSpecializedCodegenRaw.cpp matching public Api operation","specialized","RegisterCodegen.128Sse42; RegisterCodegen.128Avx2; RegisterCodegen.256Avx2","retain","The isolated average specialization for u16 must match its public Api operation."
"simdlib_specialized_codegen_average_u8","tests/codegen/RegisterSpecializedCodegenFixture.h","SSE4.2/128; AVX2/128; AVX2/256","public abstraction parity","tests/codegen/RegisterSpecializedCodegenRaw.cpp matching public Api operation","specialized","RegisterCodegen.128Sse42; RegisterCodegen.128Avx2; RegisterCodegen.256Avx2","retain","The isolated average specialization for u8 must match its public Api operation."
"simdlib_specialized_codegen_byte_multiply_add_i16","tests/codegen/RegisterSpecializedCodegenFixture.h","SSE4.2/128; AVX2/128; AVX2/256","public abstraction parity","tests/codegen/RegisterSpecializedCodegenRaw.cpp matching public Api operation","specialized","RegisterCodegen.128Sse42; RegisterCodegen.128Avx2; RegisterCodegen.256Avx2","retain","The isolated byte_multiply_add specialization for i16 must match its public Api operation."
"simdlib_specialized_codegen_byte_multiply_add_i32","tests/codegen/RegisterSpecializedCodegenFixture.h","SSE4.2/128; AVX2/128; AVX2/256","public abstraction parity","tests/codegen/RegisterSpecializedCodegenRaw.cpp matching public Api operation","specialized","RegisterCodegen.128Sse42; RegisterCodegen.128Avx2; RegisterCodegen.256Avx2","retain","The isolated byte_multiply_add specialization for i32 must match its public Api operation."
"simdlib_specialized_codegen_byte_multiply_add_i64","tests/codegen/RegisterSpecializedCodegenFixture.h","SSE4.2/128; AVX2/128; AVX2/256","public abstraction parity","tests/codegen/RegisterSpecializedCodegenRaw.cpp matching public Api operation","specialized","RegisterCodegen.128Sse42; RegisterCodegen.128Avx2; RegisterCodegen.256Avx2","retain","The isolated byte_multiply_add specialization for i64 must match its public Api operation."
"simdlib_specialized_codegen_byte_multiply_add_i8","tests/codegen/RegisterSpecializedCodegenFixture.h","SSE4.2/128; AVX2/128; AVX2/256","public abstraction parity","tests/codegen/RegisterSpecializedCodegenRaw.cpp matching public Api operation","specialized","RegisterCodegen.128Sse42; RegisterCodegen.128Avx2; RegisterCodegen.256Avx2","retain","The isolated byte_multiply_add specialization for i8 must match its public Api operation."
"simdlib_specialized_codegen_byte_multiply_add_u16","tests/codegen/RegisterSpecializedCodegenFixture.h","SSE4.2/128; AVX2/128; AVX2/256","public abstraction parity","tests/codegen/RegisterSpecializedCodegenRaw.cpp matching public Api operation","specialized","RegisterCodegen.128Sse42; RegisterCodegen.128Avx2; RegisterCodegen.256Avx2","retain","The isolated byte_multiply_add specialization for u16 must match its public Api operation."
"simdlib_specialized_codegen_byte_multiply_add_u32","tests/codegen/RegisterSpecializedCodegenFixture.h","SSE4.2/128; AVX2/128; AVX2/256","public abstraction parity","tests/codegen/RegisterSpecializedCodegenRaw.cpp matching public Api operation","specialized","RegisterCodegen.128Sse42; RegisterCodegen.128Avx2; RegisterCodegen.256Avx2","retain","The isolated byte_multiply_add specialization for u32 must match its public Api operation."
"simdlib_specialized_codegen_byte_multiply_add_u64","tests/codegen/RegisterSpecializedCodegenFixture.h","SSE4.2/128; AVX2/128; AVX2/256","public abstraction parity","tests/codegen/RegisterSpecializedCodegenRaw.cpp matching public Api operation","specialized","RegisterCodegen.128Sse42; RegisterCodegen.128Avx2; RegisterCodegen.256Avx2","retain","The isolated byte_multiply_add specialization for u64 must match its public Api operation."
"simdlib_specialized_codegen_byte_multiply_add_u8","tests/codegen/RegisterSpecializedCodegenFixture.h","SSE4.2/128; AVX2/128; AVX2/256","public abstraction parity","tests/codegen/RegisterSpecializedCodegenRaw.cpp matching public Api operation","specialized","RegisterCodegen.128Sse42; RegisterCodegen.128Avx2; RegisterCodegen.256Avx2","retain","The isolated byte_multiply_add specialization for u8 must match its public Api operation."
"simdlib_specialized_codegen_dot_product_f32","tests/codegen/RegisterSpecializedCodegenFixture.h","SSE4.2/128; AVX2/128; AVX2/256","public abstraction parity","tests/codegen/RegisterSpecializedCodegenRaw.cpp matching public Api operation","specialized","RegisterCodegen.128Sse42; RegisterCodegen.128Avx2; RegisterCodegen.256Avx2","retain","The isolated dot_product specialization for f32 must match its public Api operation."
"simdlib_specialized_codegen_dot_product_f64","tests/codegen/RegisterSpecializedCodegenFixture.h","SSE4.2/128; AVX2/128; AVX2/256","public abstraction parity","tests/codegen/RegisterSpecializedCodegenRaw.cpp matching public Api operation","specialized","RegisterCodegen.128Sse42; RegisterCodegen.128Avx2; RegisterCodegen.256Avx2","retain","The isolated dot_product specialization for f64 must match its public Api operation."
"simdlib_specialized_codegen_horizontal_add_f32","tests/codegen/RegisterSpecializedCodegenFixture.h","SSE4.2/128; AVX2/128; AVX2/256","public abstraction parity","tests/codegen/RegisterSpecializedCodegenRaw.cpp matching public Api operation","specialized","RegisterCodegen.128Sse42; RegisterCodegen.128Avx2; RegisterCodegen.256Avx2","retain","The isolated horizontal_add specialization for f32 must match its public Api operation."
"simdlib_specialized_codegen_horizontal_add_f64","tests/codegen/RegisterSpecializedCodegenFixture.h","SSE4.2/128; AVX2/128; AVX2/256","public abstraction parity","tests/codegen/RegisterSpecializedCodegenRaw.cpp matching public Api operation","specialized","RegisterCodegen.128Sse42; RegisterCodegen.128Avx2; RegisterCodegen.256Avx2","retain","The isolated horizontal_add specialization for f64 must match its public Api operation."
"simdlib_specialized_codegen_horizontal_add_i16","tests/codegen/RegisterSpecializedCodegenFixture.h","SSE4.2/128; AVX2/128; AVX2/256","public abstraction parity","tests/codegen/RegisterSpecializedCodegenRaw.cpp matching public Api operation","specialized","RegisterCodegen.128Sse42; RegisterCodegen.128Avx2; RegisterCodegen.256Avx2","retain","The isolated horizontal_add specialization for i16 must match its public Api operation."
"simdlib_specialized_codegen_horizontal_add_i32","tests/codegen/RegisterSpecializedCodegenFixture.h","SSE4.2/128; AVX2/128; AVX2/256","public abstraction parity","tests/codegen/RegisterSpecializedCodegenRaw.cpp matching public Api operation","specialized","RegisterCodegen.128Sse42; RegisterCodegen.128Avx2; RegisterCodegen.256Avx2","retain","The isolated horizontal_add specialization for i32 must match its public Api operation."
"simdlib_specialized_codegen_horizontal_add_saturated_i16","tests/codegen/RegisterSpecializedCodegenFixture.h","SSE4.2/128; AVX2/128; AVX2/256","public abstraction parity","tests/codegen/RegisterSpecializedCodegenRaw.cpp matching public Api operation","specialized","RegisterCodegen.128Sse42; RegisterCodegen.128Avx2; RegisterCodegen.256Avx2","retain","The isolated horizontal_add_saturated specialization for i16 must match its public Api operation."
"simdlib_specialized_codegen_horizontal_add_saturated_u16","tests/codegen/RegisterSpecializedCodegenFixture.h","SSE4.2/128; AVX2/128; AVX2/256","public abstraction parity","tests/codegen/RegisterSpecializedCodegenRaw.cpp matching public Api operation","specialized","RegisterCodegen.128Sse42; RegisterCodegen.128Avx2; RegisterCodegen.256Avx2","retain","The isolated horizontal_add_saturated specialization for u16 must match its public Api operation."
"simdlib_specialized_codegen_horizontal_add_u16","tests/codegen/RegisterSpecializedCodegenFixture.h","SSE4.2/128; AVX2/128; AVX2/256","public abstraction parity","tests/codegen/RegisterSpecializedCodegenRaw.cpp matching public Api operation","specialized","RegisterCodegen.128Sse42; RegisterCodegen.128Avx2; RegisterCodegen.256Avx2","retain","The isolated horizontal_add specialization for u16 must match its public Api operation."
"simdlib_specialized_codegen_horizontal_add_u32","tests/codegen/RegisterSpecializedCodegenFixture.h","SSE4.2/128; AVX2/128; AVX2/256","public abstraction parity","tests/codegen/RegisterSpecializedCodegenRaw.cpp matching public Api operation","specialized","RegisterCodegen.128Sse42; RegisterCodegen.128Avx2; RegisterCodegen.256Avx2","retain","The isolated horizontal_add specialization for u32 must match its public Api operation."
"simdlib_specialized_codegen_horizontal_subtract_f32","tests/codegen/RegisterSpecializedCodegenFixture.h","SSE4.2/128; AVX2/128; AVX2/256","public abstraction parity","tests/codegen/RegisterSpecializedCodegenRaw.cpp matching public Api operation","specialized","RegisterCodegen.128Sse42; RegisterCodegen.128Avx2; RegisterCodegen.256Avx2","retain","The isolated horizontal_subtract specialization for f32 must match its public Api operation."
"simdlib_specialized_codegen_horizontal_subtract_f64","tests/codegen/RegisterSpecializedCodegenFixture.h","SSE4.2/128; AVX2/128; AVX2/256","public abstraction parity","tests/codegen/RegisterSpecializedCodegenRaw.cpp matching public Api operation","specialized","RegisterCodegen.128Sse42; RegisterCodegen.128Avx2; RegisterCodegen.256Avx2","retain","The isolated horizontal_subtract specialization for f64 must match its public Api operation."
"simdlib_specialized_codegen_horizontal_subtract_i16","tests/codegen/RegisterSpecializedCodegenFixture.h","SSE4.2/128; AVX2/128; AVX2/256","public abstraction parity","tests/codegen/RegisterSpecializedCodegenRaw.cpp matching public Api operation","specialized","RegisterCodegen.128Sse42; RegisterCodegen.128Avx2; RegisterCodegen.256Avx2","retain","The isolated horizontal_subtract specialization for i16 must match its public Api operation."
"simdlib_specialized_codegen_horizontal_subtract_i32","tests/codegen/RegisterSpecializedCodegenFixture.h","SSE4.2/128; AVX2/128; AVX2/256","public abstraction parity","tests/codegen/RegisterSpecializedCodegenRaw.cpp matching public Api operation","specialized","RegisterCodegen.128Sse42; RegisterCodegen.128Avx2; RegisterCodegen.256Avx2","retain","The isolated horizontal_subtract specialization for i32 must match its public Api operation."
"simdlib_specialized_codegen_horizontal_subtract_saturated_i16","tests/codegen/RegisterSpecializedCodegenFixture.h","SSE4.2/128; AVX2/128; AVX2/256","public abstraction parity","tests/codegen/RegisterSpecializedCodegenRaw.cpp matching public Api operation","specialized","RegisterCodegen.128Sse42; RegisterCodegen.128Avx2; RegisterCodegen.256Avx2","retain","The isolated horizontal_subtract_saturated specialization for i16 must match its public Api operation."
"simdlib_specialized_codegen_horizontal_subtract_saturated_u16","tests/codegen/RegisterSpecializedCodegenFixture.h","SSE4.2/128; AVX2/128; AVX2/256","public abstraction parity","tests/codegen/RegisterSpecializedCodegenRaw.cpp matching public Api operation","specialized","RegisterCodegen.128Sse42; RegisterCodegen.128Avx2; RegisterCodegen.256Avx2","retain","The isolated horizontal_subtract_saturated specialization for u16 must match its public Api operation."
"simdlib_specialized_codegen_horizontal_subtract_u16","tests/codegen/RegisterSpecializedCodegenFixture.h","SSE4.2/128; AVX2/128; AVX2/256","public abstraction parity","tests/codegen/RegisterSpecializedCodegenRaw.cpp matching public Api operation","specialized","RegisterCodegen.128Sse42; RegisterCodegen.128Avx2; RegisterCodegen.256Avx2","retain","The isolated horizontal_subtract specialization for u16 must match its public Api operation."
"simdlib_specialized_codegen_horizontal_subtract_u32","tests/codegen/RegisterSpecializedCodegenFixture.h","SSE4.2/128; AVX2/128; AVX2/256","public abstraction parity","tests/codegen/RegisterSpecializedCodegenRaw.cpp matching public Api operation","specialized","RegisterCodegen.128Sse42; RegisterCodegen.128Avx2; RegisterCodegen.256Avx2","retain","The isolated horizontal_subtract specialization for u32 must match its public Api operation."
"simdlib_specialized_codegen_magnitude_checked_i16","tests/codegen/RegisterSpecializedCodegenFixture.h","SSE4.2/128; AVX2/128; AVX2/256","public abstraction parity","tests/codegen/RegisterSpecializedCodegenRaw.cpp matching public Api operation","specialized","RegisterCodegen.128Sse42; RegisterCodegen.128Avx2; RegisterCodegen.256Avx2","retain","The isolated checked-magnitude specialization for i16 must match its public Api operation."
"simdlib_specialized_codegen_magnitude_checked_i32","tests/codegen/RegisterSpecializedCodegenFixture.h","SSE4.2/128; AVX2/128; AVX2/256","public abstraction parity","tests/codegen/RegisterSpecializedCodegenRaw.cpp matching public Api operation","specialized","RegisterCodegen.128Sse42; RegisterCodegen.128Avx2; RegisterCodegen.256Avx2","retain","The isolated checked-magnitude specialization for i32 must match its public Api operation."
"simdlib_specialized_codegen_magnitude_checked_i64","tests/codegen/RegisterSpecializedCodegenFixture.h","SSE4.2/128; AVX2/128; AVX2/256","public abstraction parity","tests/codegen/RegisterSpecializedCodegenRaw.cpp matching public Api operation","specialized","RegisterCodegen.128Sse42; RegisterCodegen.128Avx2; RegisterCodegen.256Avx2","retain","The isolated checked-magnitude specialization for i64 must match its public Api operation."
"simdlib_specialized_codegen_magnitude_checked_i8","tests/codegen/RegisterSpecializedCodegenFixture.h","SSE4.2/128; AVX2/128; AVX2/256","public abstraction parity","tests/codegen/RegisterSpecializedCodegenRaw.cpp matching public Api operation","specialized","RegisterCodegen.128Sse42; RegisterCodegen.128Avx2; RegisterCodegen.256Avx2","retain","The isolated checked-magnitude specialization for i8 must match its public Api operation."
"simdlib_specialized_codegen_magnitude_checked_u16","tests/codegen/RegisterSpecializedCodegenFixture.h","SSE4.2/128; AVX2/128; AVX2/256","public abstraction parity","tests/codegen/RegisterSpecializedCodegenRaw.cpp matching public Api operation","specialized","RegisterCodegen.128Sse42; RegisterCodegen.128Avx2; RegisterCodegen.256Avx2","retain","The isolated checked-magnitude specialization for u16 must match its public Api operation."
"simdlib_specialized_codegen_magnitude_checked_u32","tests/codegen/RegisterSpecializedCodegenFixture.h","SSE4.2/128; AVX2/128; AVX2/256","public abstraction parity","tests/codegen/RegisterSpecializedCodegenRaw.cpp matching public Api operation","specialized","RegisterCodegen.128Sse42; RegisterCodegen.128Avx2; RegisterCodegen.256Avx2","retain","The isolated checked-magnitude specialization for u32 must match its public Api operation."
"simdlib_specialized_codegen_magnitude_checked_u64","tests/codegen/RegisterSpecializedCodegenFixture.h","SSE4.2/128; AVX2/128; AVX2/256","public abstraction parity","tests/codegen/RegisterSpecializedCodegenRaw.cpp matching public Api operation","specialized","RegisterCodegen.128Sse42; RegisterCodegen.128Avx2; RegisterCodegen.256Avx2","retain","The isolated checked-magnitude specialization for u64 must match its public Api operation."
"simdlib_specialized_codegen_magnitude_checked_u8","tests/codegen/RegisterSpecializedCodegenFixture.h","SSE4.2/128; AVX2/128; AVX2/256","public abstraction parity","tests/codegen/RegisterSpecializedCodegenRaw.cpp matching public Api operation","specialized","RegisterCodegen.128Sse42; RegisterCodegen.128Avx2; RegisterCodegen.256Avx2","retain","The isolated checked-magnitude specialization for u8 must match its public Api operation."
"simdlib_specialized_codegen_magnitude_f32","tests/codegen/RegisterSpecializedCodegenFixture.h","SSE4.2/128; AVX2/128; AVX2/256","public abstraction parity","tests/codegen/RegisterSpecializedCodegenRaw.cpp matching public Api operation","specialized","RegisterCodegen.128Sse42; RegisterCodegen.128Avx2; RegisterCodegen.256Avx2","retain","The isolated Register::magnitude specialization for f32 must match its public Api operation."
"simdlib_specialized_codegen_magnitude_f64","tests/codegen/RegisterSpecializedCodegenFixture.h","SSE4.2/128; AVX2/128; AVX2/256","public abstraction parity","tests/codegen/RegisterSpecializedCodegenRaw.cpp matching public Api operation","specialized","RegisterCodegen.128Sse42; RegisterCodegen.128Avx2; RegisterCodegen.256Avx2","retain","The isolated Register::magnitude specialization for f64 must match its public Api operation."
"simdlib_specialized_codegen_magnitude_i16","tests/codegen/RegisterSpecializedCodegenFixture.h","SSE4.2/128; AVX2/128; AVX2/256","public abstraction parity","tests/codegen/RegisterSpecializedCodegenRaw.cpp matching public Api operation","specialized","RegisterCodegen.128Sse42; RegisterCodegen.128Avx2; RegisterCodegen.256Avx2","retain","The isolated Register::magnitude specialization for i16 must match its public Api operation."
"simdlib_specialized_codegen_magnitude_i32","tests/codegen/RegisterSpecializedCodegenFixture.h","SSE4.2/128; AVX2/128; AVX2/256","public abstraction parity","tests/codegen/RegisterSpecializedCodegenRaw.cpp matching public Api operation","specialized","RegisterCodegen.128Sse42; RegisterCodegen.128Avx2; RegisterCodegen.256Avx2","retain","The isolated Register::magnitude specialization for i32 must match its public Api operation."
"simdlib_specialized_codegen_magnitude_i64","tests/codegen/RegisterSpecializedCodegenFixture.h","SSE4.2/128; AVX2/128; AVX2/256","public abstraction parity","tests/codegen/RegisterSpecializedCodegenRaw.cpp matching public Api operation","specialized","RegisterCodegen.128Sse42; RegisterCodegen.128Avx2; RegisterCodegen.256Avx2","retain","The isolated Register::magnitude specialization for i64 must match its public Api operation."
"simdlib_specialized_codegen_magnitude_i8","tests/codegen/RegisterSpecializedCodegenFixture.h","SSE4.2/128; AVX2/128; AVX2/256","public abstraction parity","tests/codegen/RegisterSpecializedCodegenRaw.cpp matching public Api operation","specialized","RegisterCodegen.128Sse42; RegisterCodegen.128Avx2; RegisterCodegen.256Avx2","retain","The isolated Register::magnitude specialization for i8 must match its public Api operation."
"simdlib_specialized_codegen_magnitude_u16","tests/codegen/RegisterSpecializedCodegenFixture.h","SSE4.2/128; AVX2/128; AVX2/256","public abstraction parity","tests/codegen/RegisterSpecializedCodegenRaw.cpp matching public Api operation","specialized","RegisterCodegen.128Sse42; RegisterCodegen.128Avx2; RegisterCodegen.256Avx2","retain","The isolated Register::magnitude specialization for u16 must match its public Api operation."
"simdlib_specialized_codegen_magnitude_u32","tests/codegen/RegisterSpecializedCodegenFixture.h","SSE4.2/128; AVX2/128; AVX2/256","public abstraction parity","tests/codegen/RegisterSpecializedCodegenRaw.cpp matching public Api operation","specialized","RegisterCodegen.128Sse42; RegisterCodegen.128Avx2; RegisterCodegen.256Avx2","retain","The isolated Register::magnitude specialization for u32 must match its public Api operation."
"simdlib_specialized_codegen_magnitude_u64","tests/codegen/RegisterSpecializedCodegenFixture.h","SSE4.2/128; AVX2/128; AVX2/256","public abstraction parity","tests/codegen/RegisterSpecializedCodegenRaw.cpp matching public Api operation","specialized","RegisterCodegen.128Sse42; RegisterCodegen.128Avx2; RegisterCodegen.256Avx2","retain","The isolated Register::magnitude specialization for u64 must match its public Api operation."
"simdlib_specialized_codegen_magnitude_u8","tests/codegen/RegisterSpecializedCodegenFixture.h","SSE4.2/128; AVX2/128; AVX2/256","public abstraction parity","tests/codegen/RegisterSpecializedCodegenRaw.cpp matching public Api operation","specialized","RegisterCodegen.128Sse42; RegisterCodegen.128Avx2; RegisterCodegen.256Avx2","retain","The isolated Register::magnitude specialization for u8 must match its public Api operation."
"simdlib_specialized_codegen_max_f32","tests/codegen/RegisterSpecializedCodegenFixture.h","SSE4.2/128; AVX2/128; AVX2/256","public abstraction parity","tests/codegen/RegisterSpecializedCodegenRaw.cpp matching public Api operation","specialized","RegisterCodegen.128Sse42; RegisterCodegen.128Avx2; RegisterCodegen.256Avx2","retain","The isolated Register::max specialization for f32 must match its public Api operation."
"simdlib_specialized_codegen_max_f64","tests/codegen/RegisterSpecializedCodegenFixture.h","SSE4.2/128; AVX2/128; AVX2/256","public abstraction parity","tests/codegen/RegisterSpecializedCodegenRaw.cpp matching public Api operation","specialized","RegisterCodegen.128Sse42; RegisterCodegen.128Avx2; RegisterCodegen.256Avx2","retain","The isolated Register::max specialization for f64 must match its public Api operation."
"simdlib_specialized_codegen_max_i16","tests/codegen/RegisterSpecializedCodegenFixture.h","SSE4.2/128; AVX2/128; AVX2/256","public abstraction parity","tests/codegen/RegisterSpecializedCodegenRaw.cpp matching public Api operation","specialized","RegisterCodegen.128Sse42; RegisterCodegen.128Avx2; RegisterCodegen.256Avx2","retain","The isolated Register::max specialization for i16 must match its public Api operation."
"simdlib_specialized_codegen_max_i32","tests/codegen/RegisterSpecializedCodegenFixture.h","SSE4.2/128; AVX2/128; AVX2/256","public abstraction parity","tests/codegen/RegisterSpecializedCodegenRaw.cpp matching public Api operation","specialized","RegisterCodegen.128Sse42; RegisterCodegen.128Avx2; RegisterCodegen.256Avx2","retain","The isolated Register::max specialization for i32 must match its public Api operation."
"simdlib_specialized_codegen_max_i64","tests/codegen/RegisterSpecializedCodegenFixture.h","SSE4.2/128; AVX2/128; AVX2/256","public abstraction parity","tests/codegen/RegisterSpecializedCodegenRaw.cpp matching public Api operation","specialized","RegisterCodegen.128Sse42; RegisterCodegen.128Avx2; RegisterCodegen.256Avx2","retain","The isolated Register::max specialization for i64 must match its public Api operation."
"simdlib_specialized_codegen_max_i8","tests/codegen/RegisterSpecializedCodegenFixture.h","SSE4.2/128; AVX2/128; AVX2/256","public abstraction parity","tests/codegen/RegisterSpecializedCodegenRaw.cpp matching public Api operation","specialized","RegisterCodegen.128Sse42; RegisterCodegen.128Avx2; RegisterCodegen.256Avx2","retain","The isolated Register::max specialization for i8 must match its public Api operation."
"simdlib_specialized_codegen_max_position_i16","tests/codegen/RegisterSpecializedCodegenFixture.h","SSE4.2/128; AVX2/128; AVX2/256","public abstraction parity","tests/codegen/RegisterSpecializedCodegenRaw.cpp matching public Api operation","specialized","RegisterCodegen.128Sse42; RegisterCodegen.128Avx2; RegisterCodegen.256Avx2","retain","The isolated max_position specialization for i16 must match its public Api operation."
"simdlib_specialized_codegen_max_position_i32","tests/codegen/RegisterSpecializedCodegenFixture.h","SSE4.2/128; AVX2/128; AVX2/256","public abstraction parity","tests/codegen/RegisterSpecializedCodegenRaw.cpp matching public Api operation","specialized","RegisterCodegen.128Sse42; RegisterCodegen.128Avx2; RegisterCodegen.256Avx2","retain","The isolated max_position specialization for i32 must match its public Api operation."
"simdlib_specialized_codegen_max_position_i64","tests/codegen/RegisterSpecializedCodegenFixture.h","SSE4.2/128; AVX2/128; AVX2/256","public abstraction parity","tests/codegen/RegisterSpecializedCodegenRaw.cpp matching public Api operation","specialized","RegisterCodegen.128Sse42; RegisterCodegen.128Avx2; RegisterCodegen.256Avx2","retain","The isolated max_position specialization for i64 must match its public Api operation."
"simdlib_specialized_codegen_max_position_i8","tests/codegen/RegisterSpecializedCodegenFixture.h","SSE4.2/128; AVX2/128; AVX2/256","public abstraction parity","tests/codegen/RegisterSpecializedCodegenRaw.cpp matching public Api operation","specialized","RegisterCodegen.128Sse42; RegisterCodegen.128Avx2; RegisterCodegen.256Avx2","retain","The isolated max_position specialization for i8 must match its public Api operation."
"simdlib_specialized_codegen_max_position_u16","tests/codegen/RegisterSpecializedCodegenFixture.h","SSE4.2/128; AVX2/128; AVX2/256","public abstraction parity","tests/codegen/RegisterSpecializedCodegenRaw.cpp matching public Api operation","specialized","RegisterCodegen.128Sse42; RegisterCodegen.128Avx2; RegisterCodegen.256Avx2","retain","The isolated max_position specialization for u16 must match its public Api operation."
"simdlib_specialized_codegen_max_position_u32","tests/codegen/RegisterSpecializedCodegenFixture.h","SSE4.2/128; AVX2/128; AVX2/256","public abstraction parity","tests/codegen/RegisterSpecializedCodegenRaw.cpp matching public Api operation","specialized","RegisterCodegen.128Sse42; RegisterCodegen.128Avx2; RegisterCodegen.256Avx2","retain","The isolated max_position specialization for u32 must match its public Api operation."
"simdlib_specialized_codegen_max_position_u64","tests/codegen/RegisterSpecializedCodegenFixture.h","SSE4.2/128; AVX2/128; AVX2/256","public abstraction parity","tests/codegen/RegisterSpecializedCodegenRaw.cpp matching public Api operation","specialized","RegisterCodegen.128Sse42; RegisterCodegen.128Avx2; RegisterCodegen.256Avx2","retain","The isolated max_position specialization for u64 must match its public Api operation."
"simdlib_specialized_codegen_max_position_u8","tests/codegen/RegisterSpecializedCodegenFixture.h","SSE4.2/128; AVX2/128; AVX2/256","public abstraction parity","tests/codegen/RegisterSpecializedCodegenRaw.cpp matching public Api operation","specialized","RegisterCodegen.128Sse42; RegisterCodegen.128Avx2; RegisterCodegen.256Avx2","retain","The isolated max_position specialization for u8 must match its public Api operation."
"simdlib_specialized_codegen_max_u16","tests/codegen/RegisterSpecializedCodegenFixture.h","SSE4.2/128; AVX2/128; AVX2/256","public abstraction parity","tests/codegen/RegisterSpecializedCodegenRaw.cpp matching public Api operation","specialized","RegisterCodegen.128Sse42; RegisterCodegen.128Avx2; RegisterCodegen.256Avx2","retain","The isolated Register::max specialization for u16 must match its public Api operation."
"simdlib_specialized_codegen_max_u32","tests/codegen/RegisterSpecializedCodegenFixture.h","SSE4.2/128; AVX2/128; AVX2/256","public abstraction parity","tests/codegen/RegisterSpecializedCodegenRaw.cpp matching public Api operation","specialized","RegisterCodegen.128Sse42; RegisterCodegen.128Avx2; RegisterCodegen.256Avx2","retain","The isolated Register::max specialization for u32 must match its public Api operation."
"simdlib_specialized_codegen_max_u64","tests/codegen/RegisterSpecializedCodegenFixture.h","SSE4.2/128; AVX2/128; AVX2/256","public abstraction parity","tests/codegen/RegisterSpecializedCodegenRaw.cpp matching public Api operation","specialized","RegisterCodegen.128Sse42; RegisterCodegen.128Avx2; RegisterCodegen.256Avx2","retain","The isolated Register::max specialization for u64 must match its public Api operation."
"simdlib_specialized_codegen_max_u8","tests/codegen/RegisterSpecializedCodegenFixture.h","SSE4.2/128; AVX2/128; AVX2/256","public abstraction parity","tests/codegen/RegisterSpecializedCodegenRaw.cpp matching public Api operation","specialized","RegisterCodegen.128Sse42; RegisterCodegen.128Avx2; RegisterCodegen.256Avx2","retain","The isolated Register::max specialization for u8 must match its public Api operation."
"simdlib_specialized_codegen_min_f32","tests/codegen/RegisterSpecializedCodegenFixture.h","SSE4.2/128; AVX2/128; AVX2/256","public abstraction parity","tests/codegen/RegisterSpecializedCodegenRaw.cpp matching public Api operation","specialized","RegisterCodegen.128Sse42; RegisterCodegen.128Avx2; RegisterCodegen.256Avx2","retain","The isolated Register::min specialization for f32 must match its public Api operation."
"simdlib_specialized_codegen_min_f64","tests/codegen/RegisterSpecializedCodegenFixture.h","SSE4.2/128; AVX2/128; AVX2/256","public abstraction parity","tests/codegen/RegisterSpecializedCodegenRaw.cpp matching public Api operation","specialized","RegisterCodegen.128Sse42; RegisterCodegen.128Avx2; RegisterCodegen.256Avx2","retain","The isolated Register::min specialization for f64 must match its public Api operation."
"simdlib_specialized_codegen_min_i16","tests/codegen/RegisterSpecializedCodegenFixture.h","SSE4.2/128; AVX2/128; AVX2/256","public abstraction parity","tests/codegen/RegisterSpecializedCodegenRaw.cpp matching public Api operation","specialized","RegisterCodegen.128Sse42; RegisterCodegen.128Avx2; RegisterCodegen.256Avx2","retain","The isolated Register::min specialization for i16 must match its public Api operation."
"simdlib_specialized_codegen_min_i32","tests/codegen/RegisterSpecializedCodegenFixture.h","SSE4.2/128; AVX2/128; AVX2/256","public abstraction parity","tests/codegen/RegisterSpecializedCodegenRaw.cpp matching public Api operation","specialized","RegisterCodegen.128Sse42; RegisterCodegen.128Avx2; RegisterCodegen.256Avx2","retain","The isolated Register::min specialization for i32 must match its public Api operation."
"simdlib_specialized_codegen_min_i64","tests/codegen/RegisterSpecializedCodegenFixture.h","SSE4.2/128; AVX2/128; AVX2/256","public abstraction parity","tests/codegen/RegisterSpecializedCodegenRaw.cpp matching public Api operation","specialized","RegisterCodegen.128Sse42; RegisterCodegen.128Avx2; RegisterCodegen.256Avx2","retain","The isolated Register::min specialization for i64 must match its public Api operation."
"simdlib_specialized_codegen_min_i8","tests/codegen/RegisterSpecializedCodegenFixture.h","SSE4.2/128; AVX2/128; AVX2/256","public abstraction parity","tests/codegen/RegisterSpecializedCodegenRaw.cpp matching public Api operation","specialized","RegisterCodegen.128Sse42; RegisterCodegen.128Avx2; RegisterCodegen.256Avx2","retain","The isolated Register::min specialization for i8 must match its public Api operation."
"simdlib_specialized_codegen_min_position_i16","tests/codegen/RegisterSpecializedCodegenFixture.h","SSE4.2/128; AVX2/128; AVX2/256","public abstraction parity","tests/codegen/RegisterSpecializedCodegenRaw.cpp matching public Api operation","specialized","RegisterCodegen.128Sse42; RegisterCodegen.128Avx2; RegisterCodegen.256Avx2","retain","The isolated min_position specialization for i16 must match its public Api operation."
"simdlib_specialized_codegen_min_position_i32","tests/codegen/RegisterSpecializedCodegenFixture.h","SSE4.2/128; AVX2/128; AVX2/256","public abstraction parity","tests/codegen/RegisterSpecializedCodegenRaw.cpp matching public Api operation","specialized","RegisterCodegen.128Sse42; RegisterCodegen.128Avx2; RegisterCodegen.256Avx2","retain","The isolated min_position specialization for i32 must match its public Api operation."
"simdlib_specialized_codegen_min_position_i64","tests/codegen/RegisterSpecializedCodegenFixture.h","SSE4.2/128; AVX2/128; AVX2/256","public abstraction parity","tests/codegen/RegisterSpecializedCodegenRaw.cpp matching public Api operation","specialized","RegisterCodegen.128Sse42; RegisterCodegen.128Avx2; RegisterCodegen.256Avx2","retain","The isolated min_position specialization for i64 must match its public Api operation."
"simdlib_specialized_codegen_min_position_i8","tests/codegen/RegisterSpecializedCodegenFixture.h","SSE4.2/128; AVX2/128; AVX2/256","public abstraction parity","tests/codegen/RegisterSpecializedCodegenRaw.cpp matching public Api operation","specialized","RegisterCodegen.128Sse42; RegisterCodegen.128Avx2; RegisterCodegen.256Avx2","retain","The isolated min_position specialization for i8 must match its public Api operation."
"simdlib_specialized_codegen_min_position_u16","tests/codegen/RegisterSpecializedCodegenFixture.h","SSE4.2/128; AVX2/128; AVX2/256","public abstraction parity","tests/codegen/RegisterSpecializedCodegenRaw.cpp matching public Api operation","specialized","RegisterCodegen.128Sse42; RegisterCodegen.128Avx2; RegisterCodegen.256Avx2","retain","The isolated min_position specialization for u16 must match its public Api operation."
"simdlib_specialized_codegen_min_position_u32","tests/codegen/RegisterSpecializedCodegenFixture.h","SSE4.2/128; AVX2/128; AVX2/256","public abstraction parity","tests/codegen/RegisterSpecializedCodegenRaw.cpp matching public Api operation","specialized","RegisterCodegen.128Sse42; RegisterCodegen.128Avx2; RegisterCodegen.256Avx2","retain","The isolated min_position specialization for u32 must match its public Api operation."
"simdlib_specialized_codegen_min_position_u64","tests/codegen/RegisterSpecializedCodegenFixture.h","SSE4.2/128; AVX2/128; AVX2/256","public abstraction parity","tests/codegen/RegisterSpecializedCodegenRaw.cpp matching public Api operation","specialized","RegisterCodegen.128Sse42; RegisterCodegen.128Avx2; RegisterCodegen.256Avx2","retain","The isolated min_position specialization for u64 must match its public Api operation."
"simdlib_specialized_codegen_min_position_u8","tests/codegen/RegisterSpecializedCodegenFixture.h","SSE4.2/128; AVX2/128; AVX2/256","public abstraction parity","tests/codegen/RegisterSpecializedCodegenRaw.cpp matching public Api operation","specialized","RegisterCodegen.128Sse42; RegisterCodegen.128Avx2; RegisterCodegen.256Avx2","retain","The isolated min_position specialization for u8 must match its public Api operation."
"simdlib_specialized_codegen_min_u16","tests/codegen/RegisterSpecializedCodegenFixture.h","SSE4.2/128; AVX2/128; AVX2/256","public abstraction parity","tests/codegen/RegisterSpecializedCodegenRaw.cpp matching public Api operation","specialized","RegisterCodegen.128Sse42; RegisterCodegen.128Avx2; RegisterCodegen.256Avx2","retain","The isolated Register::min specialization for u16 must match its public Api operation."
"simdlib_specialized_codegen_min_u32","tests/codegen/RegisterSpecializedCodegenFixture.h","SSE4.2/128; AVX2/128; AVX2/256","public abstraction parity","tests/codegen/RegisterSpecializedCodegenRaw.cpp matching public Api operation","specialized","RegisterCodegen.128Sse42; RegisterCodegen.128Avx2; RegisterCodegen.256Avx2","retain","The isolated Register::min specialization for u32 must match its public Api operation."
"simdlib_specialized_codegen_min_u64","tests/codegen/RegisterSpecializedCodegenFixture.h","SSE4.2/128; AVX2/128; AVX2/256","public abstraction parity","tests/codegen/RegisterSpecializedCodegenRaw.cpp matching public Api operation","specialized","RegisterCodegen.128Sse42; RegisterCodegen.128Avx2; RegisterCodegen.256Avx2","retain","The isolated Register::min specialization for u64 must match its public Api operation."
"simdlib_specialized_codegen_min_u8","tests/codegen/RegisterSpecializedCodegenFixture.h","SSE4.2/128; AVX2/128; AVX2/256","public abstraction parity","tests/codegen/RegisterSpecializedCodegenRaw.cpp matching public Api operation","specialized","RegisterCodegen.128Sse42; RegisterCodegen.128Avx2; RegisterCodegen.256Avx2","retain","The isolated Register::min specialization for u8 must match its public Api operation."
"simdlib_specialized_codegen_multi_sad_i16","tests/codegen/RegisterSpecializedCodegenFixture.h","SSE4.2/128; AVX2/128; AVX2/256","public abstraction parity","tests/codegen/RegisterSpecializedCodegenRaw.cpp matching public Api operation","specialized","RegisterCodegen.128Sse42; RegisterCodegen.128Avx2; RegisterCodegen.256Avx2","retain","The isolated multi_sad specialization for i16 must match its public Api operation."
"simdlib_specialized_codegen_multi_sad_i32","tests/codegen/RegisterSpecializedCodegenFixture.h","SSE4.2/128; AVX2/128; AVX2/256","public abstraction parity","tests/codegen/RegisterSpecializedCodegenRaw.cpp matching public Api operation","specialized","RegisterCodegen.128Sse42; RegisterCodegen.128Avx2; RegisterCodegen.256Avx2","retain","The isolated multi_sad specialization for i32 must match its public Api operation."
"simdlib_specialized_codegen_multi_sad_i64","tests/codegen/RegisterSpecializedCodegenFixture.h","SSE4.2/128; AVX2/128; AVX2/256","public abstraction parity","tests/codegen/RegisterSpecializedCodegenRaw.cpp matching public Api operation","specialized","RegisterCodegen.128Sse42; RegisterCodegen.128Avx2; RegisterCodegen.256Avx2","retain","The isolated multi_sad specialization for i64 must match its public Api operation."
"simdlib_specialized_codegen_multi_sad_i8","tests/codegen/RegisterSpecializedCodegenFixture.h","SSE4.2/128; AVX2/128; AVX2/256","public abstraction parity","tests/codegen/RegisterSpecializedCodegenRaw.cpp matching public Api operation","specialized","RegisterCodegen.128Sse42; RegisterCodegen.128Avx2; RegisterCodegen.256Avx2","retain","The isolated multi_sad specialization for i8 must match its public Api operation."
"simdlib_specialized_codegen_multi_sad_u16","tests/codegen/RegisterSpecializedCodegenFixture.h","SSE4.2/128; AVX2/128; AVX2/256","public abstraction parity","tests/codegen/RegisterSpecializedCodegenRaw.cpp matching public Api operation","specialized","RegisterCodegen.128Sse42; RegisterCodegen.128Avx2; RegisterCodegen.256Avx2","retain","The isolated multi_sad specialization for u16 must match its public Api operation."
"simdlib_specialized_codegen_multi_sad_u32","tests/codegen/RegisterSpecializedCodegenFixture.h","SSE4.2/128; AVX2/128; AVX2/256","public abstraction parity","tests/codegen/RegisterSpecializedCodegenRaw.cpp matching public Api operation","specialized","RegisterCodegen.128Sse42; RegisterCodegen.128Avx2; RegisterCodegen.256Avx2","retain","The isolated multi_sad specialization for u32 must match its public Api operation."
"simdlib_specialized_codegen_multi_sad_u64","tests/codegen/RegisterSpecializedCodegenFixture.h","SSE4.2/128; AVX2/128; AVX2/256","public abstraction parity","tests/codegen/RegisterSpecializedCodegenRaw.cpp matching public Api operation","specialized","RegisterCodegen.128Sse42; RegisterCodegen.128Avx2; RegisterCodegen.256Avx2","retain","The isolated multi_sad specialization for u64 must match its public Api operation."
"simdlib_specialized_codegen_multi_sad_u8","tests/codegen/RegisterSpecializedCodegenFixture.h","SSE4.2/128; AVX2/128; AVX2/256","public abstraction parity","tests/codegen/RegisterSpecializedCodegenRaw.cpp matching public Api operation","specialized","RegisterCodegen.128Sse42; RegisterCodegen.128Avx2; RegisterCodegen.256Avx2","retain","The isolated multi_sad specialization for u8 must match its public Api operation."
"simdlib_specialized_codegen_multiply_add_adjacent_i16","tests/codegen/RegisterSpecializedCodegenFixture.h","SSE4.2/128; AVX2/128; AVX2/256","public abstraction parity","tests/codegen/RegisterSpecializedCodegenRaw.cpp matching public Api operation","specialized","RegisterCodegen.128Sse42; RegisterCodegen.128Avx2; RegisterCodegen.256Avx2","retain","The isolated multiply_add_adjacent specialization for i16 must match its public Api operation."
"simdlib_specialized_codegen_multiply_add_adjacent_i32","tests/codegen/RegisterSpecializedCodegenFixture.h","SSE4.2/128; AVX2/128; AVX2/256","public abstraction parity","tests/codegen/RegisterSpecializedCodegenRaw.cpp matching public Api operation","specialized","RegisterCodegen.128Sse42; RegisterCodegen.128Avx2; RegisterCodegen.256Avx2","retain","The isolated multiply_add_adjacent specialization for i32 must match its public Api operation."
"simdlib_specialized_codegen_multiply_add_adjacent_i64","tests/codegen/RegisterSpecializedCodegenFixture.h","SSE4.2/128; AVX2/128; AVX2/256","public abstraction parity","tests/codegen/RegisterSpecializedCodegenRaw.cpp matching public Api operation","specialized","RegisterCodegen.128Sse42; RegisterCodegen.128Avx2; RegisterCodegen.256Avx2","retain","The isolated multiply_add_adjacent specialization for i64 must match its public Api operation."
"simdlib_specialized_codegen_multiply_add_adjacent_i8","tests/codegen/RegisterSpecializedCodegenFixture.h","SSE4.2/128; AVX2/128; AVX2/256","public abstraction parity","tests/codegen/RegisterSpecializedCodegenRaw.cpp matching public Api operation","specialized","RegisterCodegen.128Sse42; RegisterCodegen.128Avx2; RegisterCodegen.256Avx2","retain","The isolated multiply_add_adjacent specialization for i8 must match its public Api operation."
"simdlib_specialized_codegen_multiply_add_adjacent_u16","tests/codegen/RegisterSpecializedCodegenFixture.h","SSE4.2/128; AVX2/128; AVX2/256","public abstraction parity","tests/codegen/RegisterSpecializedCodegenRaw.cpp matching public Api operation","specialized","RegisterCodegen.128Sse42; RegisterCodegen.128Avx2; RegisterCodegen.256Avx2","retain","The isolated multiply_add_adjacent specialization for u16 must match its public Api operation."
"simdlib_specialized_codegen_multiply_add_adjacent_u32","tests/codegen/RegisterSpecializedCodegenFixture.h","SSE4.2/128; AVX2/128; AVX2/256","public abstraction parity","tests/codegen/RegisterSpecializedCodegenRaw.cpp matching public Api operation","specialized","RegisterCodegen.128Sse42; RegisterCodegen.128Avx2; RegisterCodegen.256Avx2","retain","The isolated multiply_add_adjacent specialization for u32 must match its public Api operation."
"simdlib_specialized_codegen_multiply_add_adjacent_u64","tests/codegen/RegisterSpecializedCodegenFixture.h","SSE4.2/128; AVX2/128; AVX2/256","public abstraction parity","tests/codegen/RegisterSpecializedCodegenRaw.cpp matching public Api operation","specialized","RegisterCodegen.128Sse42; RegisterCodegen.128Avx2; RegisterCodegen.256Avx2","retain","The isolated multiply_add_adjacent specialization for u64 must match its public Api operation."
"simdlib_specialized_codegen_multiply_add_adjacent_u8","tests/codegen/RegisterSpecializedCodegenFixture.h","SSE4.2/128; AVX2/128; AVX2/256","public abstraction parity","tests/codegen/RegisterSpecializedCodegenRaw.cpp matching public Api operation","specialized","RegisterCodegen.128Sse42; RegisterCodegen.128Avx2; RegisterCodegen.256Avx2","retain","The isolated multiply_add_adjacent specialization for u8 must match its public Api operation."
"simdlib_specialized_codegen_normalize_f32","tests/codegen/RegisterSpecializedCodegenFixture.h","SSE4.2/128; AVX2/128; AVX2/256","public abstraction parity","tests/codegen/RegisterSpecializedCodegenRaw.cpp matching public Api operation","specialized","RegisterCodegen.128Sse42; RegisterCodegen.128Avx2; RegisterCodegen.256Avx2","retain","The isolated normalize specialization for f32 must match its public Api operation."
"simdlib_specialized_codegen_normalize_f64","tests/codegen/RegisterSpecializedCodegenFixture.h","SSE4.2/128; AVX2/128; AVX2/256","public abstraction parity","tests/codegen/RegisterSpecializedCodegenRaw.cpp matching public Api operation","specialized","RegisterCodegen.128Sse42; RegisterCodegen.128Avx2; RegisterCodegen.256Avx2","retain","The isolated normalize specialization for f64 must match its public Api operation."
"simdlib_specialized_codegen_sqrt_f32","tests/codegen/RegisterSpecializedCodegenFixture.h","SSE4.2/128; AVX2/128; AVX2/256","public abstraction parity","tests/codegen/RegisterSpecializedCodegenRaw.cpp matching public Api operation","specialized","RegisterCodegen.128Sse42; RegisterCodegen.128Avx2; RegisterCodegen.256Avx2","retain","The isolated Register::sqrt specialization for f32 must match its public Api operation."
"simdlib_specialized_codegen_sqrt_f64","tests/codegen/RegisterSpecializedCodegenFixture.h","SSE4.2/128; AVX2/128; AVX2/256","public abstraction parity","tests/codegen/RegisterSpecializedCodegenRaw.cpp matching public Api operation","specialized","RegisterCodegen.128Sse42; RegisterCodegen.128Avx2; RegisterCodegen.256Avx2","retain","The isolated Register::sqrt specialization for f64 must match its public Api operation."
"simdlib_specialized_codegen_sqrt_i16","tests/codegen/RegisterSpecializedCodegenFixture.h","SSE4.2/128; AVX2/128; AVX2/256","public abstraction parity","tests/codegen/RegisterSpecializedCodegenRaw.cpp matching public Api operation","specialized","RegisterCodegen.128Sse42; RegisterCodegen.128Avx2; RegisterCodegen.256Avx2","retain","The isolated Register::sqrt specialization for i16 must match its public Api operation."
"simdlib_specialized_codegen_sqrt_i32","tests/codegen/RegisterSpecializedCodegenFixture.h","SSE4.2/128; AVX2/128; AVX2/256","public abstraction parity","tests/codegen/RegisterSpecializedCodegenRaw.cpp matching public Api operation","specialized","RegisterCodegen.128Sse42; RegisterCodegen.128Avx2; RegisterCodegen.256Avx2","retain","The isolated Register::sqrt specialization for i32 must match its public Api operation."
"simdlib_specialized_codegen_sqrt_i64","tests/codegen/RegisterSpecializedCodegenFixture.h","SSE4.2/128; AVX2/128; AVX2/256","public abstraction parity","tests/codegen/RegisterSpecializedCodegenRaw.cpp matching public Api operation","specialized","RegisterCodegen.128Sse42; RegisterCodegen.128Avx2; RegisterCodegen.256Avx2","retain","The isolated Register::sqrt specialization for i64 must match its public Api operation."
"simdlib_specialized_codegen_sqrt_i8","tests/codegen/RegisterSpecializedCodegenFixture.h","SSE4.2/128; AVX2/128; AVX2/256","public abstraction parity","tests/codegen/RegisterSpecializedCodegenRaw.cpp matching public Api operation","specialized","RegisterCodegen.128Sse42; RegisterCodegen.128Avx2; RegisterCodegen.256Avx2","retain","The isolated Register::sqrt specialization for i8 must match its public Api operation."
"simdlib_specialized_codegen_sqrt_u16","tests/codegen/RegisterSpecializedCodegenFixture.h","SSE4.2/128; AVX2/128; AVX2/256","public abstraction parity","tests/codegen/RegisterSpecializedCodegenRaw.cpp matching public Api operation","specialized","RegisterCodegen.128Sse42; RegisterCodegen.128Avx2; RegisterCodegen.256Avx2","retain","The isolated Register::sqrt specialization for u16 must match its public Api operation."
"simdlib_specialized_codegen_sqrt_u32","tests/codegen/RegisterSpecializedCodegenFixture.h","SSE4.2/128; AVX2/128; AVX2/256","public abstraction parity","tests/codegen/RegisterSpecializedCodegenRaw.cpp matching public Api operation","specialized","RegisterCodegen.128Sse42; RegisterCodegen.128Avx2; RegisterCodegen.256Avx2","retain","The isolated Register::sqrt specialization for u32 must match its public Api operation."
"simdlib_specialized_codegen_sqrt_u64","tests/codegen/RegisterSpecializedCodegenFixture.h","SSE4.2/128; AVX2/128; AVX2/256","public abstraction parity","tests/codegen/RegisterSpecializedCodegenRaw.cpp matching public Api operation","specialized","RegisterCodegen.128Sse42; RegisterCodegen.128Avx2; RegisterCodegen.256Avx2","retain","The isolated Register::sqrt specialization for u64 must match its public Api operation."
"simdlib_specialized_codegen_sqrt_u8","tests/codegen/RegisterSpecializedCodegenFixture.h","SSE4.2/128; AVX2/128; AVX2/256","public abstraction parity","tests/codegen/RegisterSpecializedCodegenRaw.cpp matching public Api operation","specialized","RegisterCodegen.128Sse42; RegisterCodegen.128Avx2; RegisterCodegen.256Avx2","retain","The isolated Register::sqrt specialization for u8 must match its public Api operation."
"simdlib_specialized_codegen_subtract_saturated_i16","tests/codegen/RegisterSpecializedCodegenFixture.h","SSE4.2/128; AVX2/128; AVX2/256","public abstraction parity","tests/codegen/RegisterSpecializedCodegenRaw.cpp matching public Api operation","specialized","RegisterCodegen.128Sse42; RegisterCodegen.128Avx2; RegisterCodegen.256Avx2","retain","The isolated subtract_saturated specialization for i16 must match its public Api operation."
"simdlib_specialized_codegen_subtract_saturated_i8","tests/codegen/RegisterSpecializedCodegenFixture.h","SSE4.2/128; AVX2/128; AVX2/256","public abstraction parity","tests/codegen/RegisterSpecializedCodegenRaw.cpp matching public Api operation","specialized","RegisterCodegen.128Sse42; RegisterCodegen.128Avx2; RegisterCodegen.256Avx2","retain","The isolated subtract_saturated specialization for i8 must match its public Api operation."
"simdlib_specialized_codegen_subtract_saturated_u16","tests/codegen/RegisterSpecializedCodegenFixture.h","SSE4.2/128; AVX2/128; AVX2/256","public abstraction parity","tests/codegen/RegisterSpecializedCodegenRaw.cpp matching public Api operation","specialized","RegisterCodegen.128Sse42; RegisterCodegen.128Avx2; RegisterCodegen.256Avx2","retain","The isolated subtract_saturated specialization for u16 must match its public Api operation."
"simdlib_specialized_codegen_subtract_saturated_u8","tests/codegen/RegisterSpecializedCodegenFixture.h","SSE4.2/128; AVX2/128; AVX2/256","public abstraction parity","tests/codegen/RegisterSpecializedCodegenRaw.cpp matching public Api operation","specialized","RegisterCodegen.128Sse42; RegisterCodegen.128Avx2; RegisterCodegen.256Avx2","retain","The isolated subtract_saturated specialization for u8 must match its public Api operation."
"simdlib_specialized_codegen_sum_absolute_byte_differences_i16","tests/codegen/RegisterSpecializedCodegenFixture.h","SSE4.2/128; AVX2/128; AVX2/256","public abstraction parity","tests/codegen/RegisterSpecializedCodegenRaw.cpp matching public Api operation","specialized","RegisterCodegen.128Sse42; RegisterCodegen.128Avx2; RegisterCodegen.256Avx2","retain","The isolated sum_absolute_byte_differences specialization for i16 must match its public Api operation."
"simdlib_specialized_codegen_sum_absolute_byte_differences_i32","tests/codegen/RegisterSpecializedCodegenFixture.h","SSE4.2/128; AVX2/128; AVX2/256","public abstraction parity","tests/codegen/RegisterSpecializedCodegenRaw.cpp matching public Api operation","specialized","RegisterCodegen.128Sse42; RegisterCodegen.128Avx2; RegisterCodegen.256Avx2","retain","The isolated sum_absolute_byte_differences specialization for i32 must match its public Api operation."
"simdlib_specialized_codegen_sum_absolute_byte_differences_i64","tests/codegen/RegisterSpecializedCodegenFixture.h","SSE4.2/128; AVX2/128; AVX2/256","public abstraction parity","tests/codegen/RegisterSpecializedCodegenRaw.cpp matching public Api operation","specialized","RegisterCodegen.128Sse42; RegisterCodegen.128Avx2; RegisterCodegen.256Avx2","retain","The isolated sum_absolute_byte_differences specialization for i64 must match its public Api operation."
"simdlib_specialized_codegen_sum_absolute_byte_differences_i8","tests/codegen/RegisterSpecializedCodegenFixture.h","SSE4.2/128; AVX2/128; AVX2/256","public abstraction parity","tests/codegen/RegisterSpecializedCodegenRaw.cpp matching public Api operation","specialized","RegisterCodegen.128Sse42; RegisterCodegen.128Avx2; RegisterCodegen.256Avx2","retain","The isolated sum_absolute_byte_differences specialization for i8 must match its public Api operation."
"simdlib_specialized_codegen_sum_absolute_byte_differences_u16","tests/codegen/RegisterSpecializedCodegenFixture.h","SSE4.2/128; AVX2/128; AVX2/256","public abstraction parity","tests/codegen/RegisterSpecializedCodegenRaw.cpp matching public Api operation","specialized","RegisterCodegen.128Sse42; RegisterCodegen.128Avx2; RegisterCodegen.256Avx2","retain","The isolated sum_absolute_byte_differences specialization for u16 must match its public Api operation."
"simdlib_specialized_codegen_sum_absolute_byte_differences_u32","tests/codegen/RegisterSpecializedCodegenFixture.h","SSE4.2/128; AVX2/128; AVX2/256","public abstraction parity","tests/codegen/RegisterSpecializedCodegenRaw.cpp matching public Api operation","specialized","RegisterCodegen.128Sse42; RegisterCodegen.128Avx2; RegisterCodegen.256Avx2","retain","The isolated sum_absolute_byte_differences specialization for u32 must match its public Api operation."
"simdlib_specialized_codegen_sum_absolute_byte_differences_u64","tests/codegen/RegisterSpecializedCodegenFixture.h","SSE4.2/128; AVX2/128; AVX2/256","public abstraction parity","tests/codegen/RegisterSpecializedCodegenRaw.cpp matching public Api operation","specialized","RegisterCodegen.128Sse42; RegisterCodegen.128Avx2; RegisterCodegen.256Avx2","retain","The isolated sum_absolute_byte_differences specialization for u64 must match its public Api operation."
"simdlib_specialized_codegen_sum_absolute_byte_differences_u8","tests/codegen/RegisterSpecializedCodegenFixture.h","SSE4.2/128; AVX2/128; AVX2/256","public abstraction parity","tests/codegen/RegisterSpecializedCodegenRaw.cpp matching public Api operation","specialized","RegisterCodegen.128Sse42; RegisterCodegen.128Avx2; RegisterCodegen.256Avx2","retain","The isolated sum_absolute_byte_differences specialization for u8 must match its public Api operation."
"simdlib_type_matrix_add_f32","tests/codegen/RegisterTypeMatrixCodegenFixture.h","SSE4.2/128; AVX2/128; AVX2/256","public abstraction parity","tests/codegen/RegisterTypeMatrixCodegenRaw.cpp matching public Api operation","common-type-matrix","RegisterCodegen.128Sse42; RegisterCodegen.128Avx2; RegisterCodegen.256Avx2","retain","The canonical isolated add cell for f32 protects that public Register specialization."
"simdlib_type_matrix_add_f64","tests/codegen/RegisterTypeMatrixCodegenFixture.h","SSE4.2/128; AVX2/128; AVX2/256","public abstraction parity","tests/codegen/RegisterTypeMatrixCodegenRaw.cpp matching public Api operation","common-type-matrix","RegisterCodegen.128Sse42; RegisterCodegen.128Avx2; RegisterCodegen.256Avx2","retain","The canonical isolated add cell for f64 protects that public Register specialization."
"simdlib_type_matrix_add_i16","tests/codegen/RegisterTypeMatrixCodegenFixture.h","SSE4.2/128; AVX2/128; AVX2/256","public abstraction parity","tests/codegen/RegisterTypeMatrixCodegenRaw.cpp matching public Api operation","common-type-matrix","RegisterCodegen.128Sse42; RegisterCodegen.128Avx2; RegisterCodegen.256Avx2","retain","The canonical isolated add cell for i16 protects that public Register specialization."
"simdlib_type_matrix_add_i32","tests/codegen/RegisterTypeMatrixCodegenFixture.h","SSE4.2/128; AVX2/128; AVX2/256","public abstraction parity","tests/codegen/RegisterTypeMatrixCodegenRaw.cpp matching public Api operation","common-type-matrix","RegisterCodegen.128Sse42; RegisterCodegen.128Avx2; RegisterCodegen.256Avx2","retain","The canonical isolated add cell for i32 protects that public Register specialization."
"simdlib_type_matrix_add_i64","tests/codegen/RegisterTypeMatrixCodegenFixture.h","SSE4.2/128; AVX2/128; AVX2/256","public abstraction parity","tests/codegen/RegisterTypeMatrixCodegenRaw.cpp matching public Api operation","common-type-matrix","RegisterCodegen.128Sse42; RegisterCodegen.128Avx2; RegisterCodegen.256Avx2","retain","The canonical isolated add cell for i64 protects that public Register specialization."
"simdlib_type_matrix_add_i8","tests/codegen/RegisterTypeMatrixCodegenFixture.h","SSE4.2/128; AVX2/128; AVX2/256","public abstraction parity","tests/codegen/RegisterTypeMatrixCodegenRaw.cpp matching public Api operation","common-type-matrix","RegisterCodegen.128Sse42; RegisterCodegen.128Avx2; RegisterCodegen.256Avx2","retain","The canonical isolated add cell for i8 protects that public Register specialization."
"simdlib_type_matrix_add_u16","tests/codegen/RegisterTypeMatrixCodegenFixture.h","SSE4.2/128; AVX2/128; AVX2/256","public abstraction parity","tests/codegen/RegisterTypeMatrixCodegenRaw.cpp matching public Api operation","common-type-matrix","RegisterCodegen.128Sse42; RegisterCodegen.128Avx2; RegisterCodegen.256Avx2","retain","The canonical isolated add cell for u16 protects that public Register specialization."
"simdlib_type_matrix_add_u32","tests/codegen/RegisterTypeMatrixCodegenFixture.h","SSE4.2/128; AVX2/128; AVX2/256","public abstraction parity","tests/codegen/RegisterTypeMatrixCodegenRaw.cpp matching public Api operation","common-type-matrix","RegisterCodegen.128Sse42; RegisterCodegen.128Avx2; RegisterCodegen.256Avx2","retain","The canonical isolated add cell for u32 protects that public Register specialization."
"simdlib_type_matrix_add_u64","tests/codegen/RegisterTypeMatrixCodegenFixture.h","SSE4.2/128; AVX2/128; AVX2/256","public abstraction parity","tests/codegen/RegisterTypeMatrixCodegenRaw.cpp matching public Api operation","common-type-matrix","RegisterCodegen.128Sse42; RegisterCodegen.128Avx2; RegisterCodegen.256Avx2","retain","The canonical isolated add cell for u64 protects that public Register specialization."
"simdlib_type_matrix_add_u8","tests/codegen/RegisterTypeMatrixCodegenFixture.h","SSE4.2/128; AVX2/128; AVX2/256","public abstraction parity","tests/codegen/RegisterTypeMatrixCodegenRaw.cpp matching public Api operation","common-type-matrix","RegisterCodegen.128Sse42; RegisterCodegen.128Avx2; RegisterCodegen.256Avx2","retain","The canonical isolated add cell for u8 protects that public Register specialization."
"simdlib_type_matrix_bitwise_and_f32","tests/codegen/RegisterTypeMatrixCodegenFixture.h","SSE4.2/128; AVX2/128; AVX2/256","public abstraction parity","tests/codegen/RegisterTypeMatrixCodegenRaw.cpp matching public Api operation","common-type-matrix","RegisterCodegen.128Sse42; RegisterCodegen.128Avx2; RegisterCodegen.256Avx2","retain","The canonical isolated bitwise_and cell for f32 protects that public Register specialization."
"simdlib_type_matrix_bitwise_and_f64","tests/codegen/RegisterTypeMatrixCodegenFixture.h","SSE4.2/128; AVX2/128; AVX2/256","public abstraction parity","tests/codegen/RegisterTypeMatrixCodegenRaw.cpp matching public Api operation","common-type-matrix","RegisterCodegen.128Sse42; RegisterCodegen.128Avx2; RegisterCodegen.256Avx2","retain","The canonical isolated bitwise_and cell for f64 protects that public Register specialization."
"simdlib_type_matrix_bitwise_and_i16","tests/codegen/RegisterTypeMatrixCodegenFixture.h","SSE4.2/128; AVX2/128; AVX2/256","public abstraction parity","tests/codegen/RegisterTypeMatrixCodegenRaw.cpp matching public Api operation","common-type-matrix","RegisterCodegen.128Sse42; RegisterCodegen.128Avx2; RegisterCodegen.256Avx2","retain","The canonical isolated bitwise_and cell for i16 protects that public Register specialization."
"simdlib_type_matrix_bitwise_and_i32","tests/codegen/RegisterTypeMatrixCodegenFixture.h","SSE4.2/128; AVX2/128; AVX2/256","public abstraction parity","tests/codegen/RegisterTypeMatrixCodegenRaw.cpp matching public Api operation","common-type-matrix","RegisterCodegen.128Sse42; RegisterCodegen.128Avx2; RegisterCodegen.256Avx2","retain","The canonical isolated bitwise_and cell for i32 protects that public Register specialization."
"simdlib_type_matrix_bitwise_and_i64","tests/codegen/RegisterTypeMatrixCodegenFixture.h","SSE4.2/128; AVX2/128; AVX2/256","public abstraction parity","tests/codegen/RegisterTypeMatrixCodegenRaw.cpp matching public Api operation","common-type-matrix","RegisterCodegen.128Sse42; RegisterCodegen.128Avx2; RegisterCodegen.256Avx2","retain","The canonical isolated bitwise_and cell for i64 protects that public Register specialization."
"simdlib_type_matrix_bitwise_and_i8","tests/codegen/RegisterTypeMatrixCodegenFixture.h","SSE4.2/128; AVX2/128; AVX2/256","public abstraction parity","tests/codegen/RegisterTypeMatrixCodegenRaw.cpp matching public Api operation","common-type-matrix","RegisterCodegen.128Sse42; RegisterCodegen.128Avx2; RegisterCodegen.256Avx2","retain","The canonical isolated bitwise_and cell for i8 protects that public Register specialization."
"simdlib_type_matrix_bitwise_and_u16","tests/codegen/RegisterTypeMatrixCodegenFixture.h","SSE4.2/128; AVX2/128; AVX2/256","public abstraction parity","tests/codegen/RegisterTypeMatrixCodegenRaw.cpp matching public Api operation","common-type-matrix","RegisterCodegen.128Sse42; RegisterCodegen.128Avx2; RegisterCodegen.256Avx2","retain","The canonical isolated bitwise_and cell for u16 protects that public Register specialization."
"simdlib_type_matrix_bitwise_and_u32","tests/codegen/RegisterTypeMatrixCodegenFixture.h","SSE4.2/128; AVX2/128; AVX2/256","public abstraction parity","tests/codegen/RegisterTypeMatrixCodegenRaw.cpp matching public Api operation","common-type-matrix","RegisterCodegen.128Sse42; RegisterCodegen.128Avx2; RegisterCodegen.256Avx2","retain","The canonical isolated bitwise_and cell for u32 protects that public Register specialization."
"simdlib_type_matrix_bitwise_and_u64","tests/codegen/RegisterTypeMatrixCodegenFixture.h","SSE4.2/128; AVX2/128; AVX2/256","public abstraction parity","tests/codegen/RegisterTypeMatrixCodegenRaw.cpp matching public Api operation","common-type-matrix","RegisterCodegen.128Sse42; RegisterCodegen.128Avx2; RegisterCodegen.256Avx2","retain","The canonical isolated bitwise_and cell for u64 protects that public Register specialization."
"simdlib_type_matrix_bitwise_and_u8","tests/codegen/RegisterTypeMatrixCodegenFixture.h","SSE4.2/128; AVX2/128; AVX2/256","public abstraction parity","tests/codegen/RegisterTypeMatrixCodegenRaw.cpp matching public Api operation","common-type-matrix","RegisterCodegen.128Sse42; RegisterCodegen.128Avx2; RegisterCodegen.256Avx2","retain","The canonical isolated bitwise_and cell for u8 protects that public Register specialization."
"simdlib_type_matrix_bitwise_andnot_f32","tests/codegen/RegisterTypeMatrixCodegenFixture.h","SSE4.2/128; AVX2/128; AVX2/256","public abstraction parity","tests/codegen/RegisterTypeMatrixCodegenRaw.cpp matching public Api operation","common-type-matrix","RegisterCodegen.128Sse42; RegisterCodegen.128Avx2; RegisterCodegen.256Avx2","retain","The canonical isolated bitwise_andnot cell for f32 protects that public Register specialization."
"simdlib_type_matrix_bitwise_andnot_f64","tests/codegen/RegisterTypeMatrixCodegenFixture.h","SSE4.2/128; AVX2/128; AVX2/256","public abstraction parity","tests/codegen/RegisterTypeMatrixCodegenRaw.cpp matching public Api operation","common-type-matrix","RegisterCodegen.128Sse42; RegisterCodegen.128Avx2; RegisterCodegen.256Avx2","retain","The canonical isolated bitwise_andnot cell for f64 protects that public Register specialization."
"simdlib_type_matrix_bitwise_andnot_i16","tests/codegen/RegisterTypeMatrixCodegenFixture.h","SSE4.2/128; AVX2/128; AVX2/256","public abstraction parity","tests/codegen/RegisterTypeMatrixCodegenRaw.cpp matching public Api operation","common-type-matrix","RegisterCodegen.128Sse42; RegisterCodegen.128Avx2; RegisterCodegen.256Avx2","retain","The canonical isolated bitwise_andnot cell for i16 protects that public Register specialization."
"simdlib_type_matrix_bitwise_andnot_i32","tests/codegen/RegisterTypeMatrixCodegenFixture.h","SSE4.2/128; AVX2/128; AVX2/256","public abstraction parity","tests/codegen/RegisterTypeMatrixCodegenRaw.cpp matching public Api operation","common-type-matrix","RegisterCodegen.128Sse42; RegisterCodegen.128Avx2; RegisterCodegen.256Avx2","retain","The canonical isolated bitwise_andnot cell for i32 protects that public Register specialization."
"simdlib_type_matrix_bitwise_andnot_i64","tests/codegen/RegisterTypeMatrixCodegenFixture.h","SSE4.2/128; AVX2/128; AVX2/256","public abstraction parity","tests/codegen/RegisterTypeMatrixCodegenRaw.cpp matching public Api operation","common-type-matrix","RegisterCodegen.128Sse42; RegisterCodegen.128Avx2; RegisterCodegen.256Avx2","retain","The canonical isolated bitwise_andnot cell for i64 protects that public Register specialization."
"simdlib_type_matrix_bitwise_andnot_i8","tests/codegen/RegisterTypeMatrixCodegenFixture.h","SSE4.2/128; AVX2/128; AVX2/256","public abstraction parity","tests/codegen/RegisterTypeMatrixCodegenRaw.cpp matching public Api operation","common-type-matrix","RegisterCodegen.128Sse42; RegisterCodegen.128Avx2; RegisterCodegen.256Avx2","retain","The canonical isolated bitwise_andnot cell for i8 protects that public Register specialization."
"simdlib_type_matrix_bitwise_andnot_u16","tests/codegen/RegisterTypeMatrixCodegenFixture.h","SSE4.2/128; AVX2/128; AVX2/256","public abstraction parity","tests/codegen/RegisterTypeMatrixCodegenRaw.cpp matching public Api operation","common-type-matrix","RegisterCodegen.128Sse42; RegisterCodegen.128Avx2; RegisterCodegen.256Avx2","retain","The canonical isolated bitwise_andnot cell for u16 protects that public Register specialization."
"simdlib_type_matrix_bitwise_andnot_u32","tests/codegen/RegisterTypeMatrixCodegenFixture.h","SSE4.2/128; AVX2/128; AVX2/256","public abstraction parity","tests/codegen/RegisterTypeMatrixCodegenRaw.cpp matching public Api operation","common-type-matrix","RegisterCodegen.128Sse42; RegisterCodegen.128Avx2; RegisterCodegen.256Avx2","retain","The canonical isolated bitwise_andnot cell for u32 protects that public Register specialization."
"simdlib_type_matrix_bitwise_andnot_u64","tests/codegen/RegisterTypeMatrixCodegenFixture.h","SSE4.2/128; AVX2/128; AVX2/256","public abstraction parity","tests/codegen/RegisterTypeMatrixCodegenRaw.cpp matching public Api operation","common-type-matrix","RegisterCodegen.128Sse42; RegisterCodegen.128Avx2; RegisterCodegen.256Avx2","retain","The canonical isolated bitwise_andnot cell for u64 protects that public Register specialization."
"simdlib_type_matrix_bitwise_andnot_u8","tests/codegen/RegisterTypeMatrixCodegenFixture.h","SSE4.2/128; AVX2/128; AVX2/256","public abstraction parity","tests/codegen/RegisterTypeMatrixCodegenRaw.cpp matching public Api operation","common-type-matrix","RegisterCodegen.128Sse42; RegisterCodegen.128Avx2; RegisterCodegen.256Avx2","retain","The canonical isolated bitwise_andnot cell for u8 protects that public Register specialization."
"simdlib_type_matrix_bitwise_not_f32","tests/codegen/RegisterTypeMatrixCodegenFixture.h","SSE4.2/128; AVX2/128; AVX2/256","public abstraction parity","tests/codegen/RegisterTypeMatrixCodegenRaw.cpp matching public Api operation","common-type-matrix","RegisterCodegen.128Sse42; RegisterCodegen.128Avx2; RegisterCodegen.256Avx2","retain","The canonical isolated bitwise_not cell for f32 protects that public Register specialization."
"simdlib_type_matrix_bitwise_not_f64","tests/codegen/RegisterTypeMatrixCodegenFixture.h","SSE4.2/128; AVX2/128; AVX2/256","public abstraction parity","tests/codegen/RegisterTypeMatrixCodegenRaw.cpp matching public Api operation","common-type-matrix","RegisterCodegen.128Sse42; RegisterCodegen.128Avx2; RegisterCodegen.256Avx2","retain","The canonical isolated bitwise_not cell for f64 protects that public Register specialization."
"simdlib_type_matrix_bitwise_not_i16","tests/codegen/RegisterTypeMatrixCodegenFixture.h","SSE4.2/128; AVX2/128; AVX2/256","public abstraction parity","tests/codegen/RegisterTypeMatrixCodegenRaw.cpp matching public Api operation","common-type-matrix","RegisterCodegen.128Sse42; RegisterCodegen.128Avx2; RegisterCodegen.256Avx2","retain","The canonical isolated bitwise_not cell for i16 protects that public Register specialization."
"simdlib_type_matrix_bitwise_not_i32","tests/codegen/RegisterTypeMatrixCodegenFixture.h","SSE4.2/128; AVX2/128; AVX2/256","public abstraction parity","tests/codegen/RegisterTypeMatrixCodegenRaw.cpp matching public Api operation","common-type-matrix","RegisterCodegen.128Sse42; RegisterCodegen.128Avx2; RegisterCodegen.256Avx2","retain","The canonical isolated bitwise_not cell for i32 protects that public Register specialization."
"simdlib_type_matrix_bitwise_not_i64","tests/codegen/RegisterTypeMatrixCodegenFixture.h","SSE4.2/128; AVX2/128; AVX2/256","public abstraction parity","tests/codegen/RegisterTypeMatrixCodegenRaw.cpp matching public Api operation","common-type-matrix","RegisterCodegen.128Sse42; RegisterCodegen.128Avx2; RegisterCodegen.256Avx2","retain","The canonical isolated bitwise_not cell for i64 protects that public Register specialization."
"simdlib_type_matrix_bitwise_not_i8","tests/codegen/RegisterTypeMatrixCodegenFixture.h","SSE4.2/128; AVX2/128; AVX2/256","public abstraction parity","tests/codegen/RegisterTypeMatrixCodegenRaw.cpp matching public Api operation","common-type-matrix","RegisterCodegen.128Sse42; RegisterCodegen.128Avx2; RegisterCodegen.256Avx2","retain","The canonical isolated bitwise_not cell for i8 protects that public Register specialization."
"simdlib_type_matrix_bitwise_not_u16","tests/codegen/RegisterTypeMatrixCodegenFixture.h","SSE4.2/128; AVX2/128; AVX2/256","public abstraction parity","tests/codegen/RegisterTypeMatrixCodegenRaw.cpp matching public Api operation","common-type-matrix","RegisterCodegen.128Sse42; RegisterCodegen.128Avx2; RegisterCodegen.256Avx2","retain","The canonical isolated bitwise_not cell for u16 protects that public Register specialization."
"simdlib_type_matrix_bitwise_not_u32","tests/codegen/RegisterTypeMatrixCodegenFixture.h","SSE4.2/128; AVX2/128; AVX2/256","public abstraction parity","tests/codegen/RegisterTypeMatrixCodegenRaw.cpp matching public Api operation","common-type-matrix","RegisterCodegen.128Sse42; RegisterCodegen.128Avx2; RegisterCodegen.256Avx2","retain","The canonical isolated bitwise_not cell for u32 protects that public Register specialization."
"simdlib_type_matrix_bitwise_not_u64","tests/codegen/RegisterTypeMatrixCodegenFixture.h","SSE4.2/128; AVX2/128; AVX2/256","public abstraction parity","tests/codegen/RegisterTypeMatrixCodegenRaw.cpp matching public Api operation","common-type-matrix","RegisterCodegen.128Sse42; RegisterCodegen.128Avx2; RegisterCodegen.256Avx2","retain","The canonical isolated bitwise_not cell for u64 protects that public Register specialization."
"simdlib_type_matrix_bitwise_not_u8","tests/codegen/RegisterTypeMatrixCodegenFixture.h","SSE4.2/128; AVX2/128; AVX2/256","public abstraction parity","tests/codegen/RegisterTypeMatrixCodegenRaw.cpp matching public Api operation","common-type-matrix","RegisterCodegen.128Sse42; RegisterCodegen.128Avx2; RegisterCodegen.256Avx2","retain","The canonical isolated bitwise_not cell for u8 protects that public Register specialization."
"simdlib_type_matrix_bitwise_or_f32","tests/codegen/RegisterTypeMatrixCodegenFixture.h","SSE4.2/128; AVX2/128; AVX2/256","public abstraction parity","tests/codegen/RegisterTypeMatrixCodegenRaw.cpp matching public Api operation","common-type-matrix","RegisterCodegen.128Sse42; RegisterCodegen.128Avx2; RegisterCodegen.256Avx2","retain","The canonical isolated bitwise_or cell for f32 protects that public Register specialization."
"simdlib_type_matrix_bitwise_or_f64","tests/codegen/RegisterTypeMatrixCodegenFixture.h","SSE4.2/128; AVX2/128; AVX2/256","public abstraction parity","tests/codegen/RegisterTypeMatrixCodegenRaw.cpp matching public Api operation","common-type-matrix","RegisterCodegen.128Sse42; RegisterCodegen.128Avx2; RegisterCodegen.256Avx2","retain","The canonical isolated bitwise_or cell for f64 protects that public Register specialization."
"simdlib_type_matrix_bitwise_or_i16","tests/codegen/RegisterTypeMatrixCodegenFixture.h","SSE4.2/128; AVX2/128; AVX2/256","public abstraction parity","tests/codegen/RegisterTypeMatrixCodegenRaw.cpp matching public Api operation","common-type-matrix","RegisterCodegen.128Sse42; RegisterCodegen.128Avx2; RegisterCodegen.256Avx2","retain","The canonical isolated bitwise_or cell for i16 protects that public Register specialization."
"simdlib_type_matrix_bitwise_or_i32","tests/codegen/RegisterTypeMatrixCodegenFixture.h","SSE4.2/128; AVX2/128; AVX2/256","public abstraction parity","tests/codegen/RegisterTypeMatrixCodegenRaw.cpp matching public Api operation","common-type-matrix","RegisterCodegen.128Sse42; RegisterCodegen.128Avx2; RegisterCodegen.256Avx2","retain","The canonical isolated bitwise_or cell for i32 protects that public Register specialization."
"simdlib_type_matrix_bitwise_or_i64","tests/codegen/RegisterTypeMatrixCodegenFixture.h","SSE4.2/128; AVX2/128; AVX2/256","public abstraction parity","tests/codegen/RegisterTypeMatrixCodegenRaw.cpp matching public Api operation","common-type-matrix","RegisterCodegen.128Sse42; RegisterCodegen.128Avx2; RegisterCodegen.256Avx2","retain","The canonical isolated bitwise_or cell for i64 protects that public Register specialization."
"simdlib_type_matrix_bitwise_or_i8","tests/codegen/RegisterTypeMatrixCodegenFixture.h","SSE4.2/128; AVX2/128; AVX2/256","public abstraction parity","tests/codegen/RegisterTypeMatrixCodegenRaw.cpp matching public Api operation","common-type-matrix","RegisterCodegen.128Sse42; RegisterCodegen.128Avx2; RegisterCodegen.256Avx2","retain","The canonical isolated bitwise_or cell for i8 protects that public Register specialization."
"simdlib_type_matrix_bitwise_or_u16","tests/codegen/RegisterTypeMatrixCodegenFixture.h","SSE4.2/128; AVX2/128; AVX2/256","public abstraction parity","tests/codegen/RegisterTypeMatrixCodegenRaw.cpp matching public Api operation","common-type-matrix","RegisterCodegen.128Sse42; RegisterCodegen.128Avx2; RegisterCodegen.256Avx2","retain","The canonical isolated bitwise_or cell for u16 protects that public Register specialization."
"simdlib_type_matrix_bitwise_or_u32","tests/codegen/RegisterTypeMatrixCodegenFixture.h","SSE4.2/128; AVX2/128; AVX2/256","public abstraction parity","tests/codegen/RegisterTypeMatrixCodegenRaw.cpp matching public Api operation","common-type-matrix","RegisterCodegen.128Sse42; RegisterCodegen.128Avx2; RegisterCodegen.256Avx2","retain","The canonical isolated bitwise_or cell for u32 protects that public Register specialization."
"simdlib_type_matrix_bitwise_or_u64","tests/codegen/RegisterTypeMatrixCodegenFixture.h","SSE4.2/128; AVX2/128; AVX2/256","public abstraction parity","tests/codegen/RegisterTypeMatrixCodegenRaw.cpp matching public Api operation","common-type-matrix","RegisterCodegen.128Sse42; RegisterCodegen.128Avx2; RegisterCodegen.256Avx2","retain","The canonical isolated bitwise_or cell for u64 protects that public Register specialization."
"simdlib_type_matrix_bitwise_or_u8","tests/codegen/RegisterTypeMatrixCodegenFixture.h","SSE4.2/128; AVX2/128; AVX2/256","public abstraction parity","tests/codegen/RegisterTypeMatrixCodegenRaw.cpp matching public Api operation","common-type-matrix","RegisterCodegen.128Sse42; RegisterCodegen.128Avx2; RegisterCodegen.256Avx2","retain","The canonical isolated bitwise_or cell for u8 protects that public Register specialization."
"simdlib_type_matrix_bitwise_xor_f32","tests/codegen/RegisterTypeMatrixCodegenFixture.h","SSE4.2/128; AVX2/128; AVX2/256","public abstraction parity","tests/codegen/RegisterTypeMatrixCodegenRaw.cpp matching public Api operation","common-type-matrix","RegisterCodegen.128Sse42; RegisterCodegen.128Avx2; RegisterCodegen.256Avx2","retain","The canonical isolated bitwise_xor cell for f32 protects that public Register specialization."
"simdlib_type_matrix_bitwise_xor_f64","tests/codegen/RegisterTypeMatrixCodegenFixture.h","SSE4.2/128; AVX2/128; AVX2/256","public abstraction parity","tests/codegen/RegisterTypeMatrixCodegenRaw.cpp matching public Api operation","common-type-matrix","RegisterCodegen.128Sse42; RegisterCodegen.128Avx2; RegisterCodegen.256Avx2","retain","The canonical isolated bitwise_xor cell for f64 protects that public Register specialization."
"simdlib_type_matrix_bitwise_xor_i16","tests/codegen/RegisterTypeMatrixCodegenFixture.h","SSE4.2/128; AVX2/128; AVX2/256","public abstraction parity","tests/codegen/RegisterTypeMatrixCodegenRaw.cpp matching public Api operation","common-type-matrix","RegisterCodegen.128Sse42; RegisterCodegen.128Avx2; RegisterCodegen.256Avx2","retain","The canonical isolated bitwise_xor cell for i16 protects that public Register specialization."
"simdlib_type_matrix_bitwise_xor_i32","tests/codegen/RegisterTypeMatrixCodegenFixture.h","SSE4.2/128; AVX2/128; AVX2/256","public abstraction parity","tests/codegen/RegisterTypeMatrixCodegenRaw.cpp matching public Api operation","common-type-matrix","RegisterCodegen.128Sse42; RegisterCodegen.128Avx2; RegisterCodegen.256Avx2","retain","The canonical isolated bitwise_xor cell for i32 protects that public Register specialization."
"simdlib_type_matrix_bitwise_xor_i64","tests/codegen/RegisterTypeMatrixCodegenFixture.h","SSE4.2/128; AVX2/128; AVX2/256","public abstraction parity","tests/codegen/RegisterTypeMatrixCodegenRaw.cpp matching public Api operation","common-type-matrix","RegisterCodegen.128Sse42; RegisterCodegen.128Avx2; RegisterCodegen.256Avx2","retain","The canonical isolated bitwise_xor cell for i64 protects that public Register specialization."
"simdlib_type_matrix_bitwise_xor_i8","tests/codegen/RegisterTypeMatrixCodegenFixture.h","SSE4.2/128; AVX2/128; AVX2/256","public abstraction parity","tests/codegen/RegisterTypeMatrixCodegenRaw.cpp matching public Api operation","common-type-matrix","RegisterCodegen.128Sse42; RegisterCodegen.128Avx2; RegisterCodegen.256Avx2","retain","The canonical isolated bitwise_xor cell for i8 protects that public Register specialization."
"simdlib_type_matrix_bitwise_xor_u16","tests/codegen/RegisterTypeMatrixCodegenFixture.h","SSE4.2/128; AVX2/128; AVX2/256","public abstraction parity","tests/codegen/RegisterTypeMatrixCodegenRaw.cpp matching public Api operation","common-type-matrix","RegisterCodegen.128Sse42; RegisterCodegen.128Avx2; RegisterCodegen.256Avx2","retain","The canonical isolated bitwise_xor cell for u16 protects that public Register specialization."
"simdlib_type_matrix_bitwise_xor_u32","tests/codegen/RegisterTypeMatrixCodegenFixture.h","SSE4.2/128; AVX2/128; AVX2/256","public abstraction parity","tests/codegen/RegisterTypeMatrixCodegenRaw.cpp matching public Api operation","common-type-matrix","RegisterCodegen.128Sse42; RegisterCodegen.128Avx2; RegisterCodegen.256Avx2","retain","The canonical isolated bitwise_xor cell for u32 protects that public Register specialization."
"simdlib_type_matrix_bitwise_xor_u64","tests/codegen/RegisterTypeMatrixCodegenFixture.h","SSE4.2/128; AVX2/128; AVX2/256","public abstraction parity","tests/codegen/RegisterTypeMatrixCodegenRaw.cpp matching public Api operation","common-type-matrix","RegisterCodegen.128Sse42; RegisterCodegen.128Avx2; RegisterCodegen.256Avx2","retain","The canonical isolated bitwise_xor cell for u64 protects that public Register specialization."
"simdlib_type_matrix_bitwise_xor_u8","tests/codegen/RegisterTypeMatrixCodegenFixture.h","SSE4.2/128; AVX2/128; AVX2/256","public abstraction parity","tests/codegen/RegisterTypeMatrixCodegenRaw.cpp matching public Api operation","common-type-matrix","RegisterCodegen.128Sse42; RegisterCodegen.128Avx2; RegisterCodegen.256Avx2","retain","The canonical isolated bitwise_xor cell for u8 protects that public Register specialization."
"simdlib_type_matrix_broadcast_f32","tests/codegen/RegisterTypeMatrixCodegenFixture.h","SSE4.2/128; AVX2/128; AVX2/256","public abstraction parity","tests/codegen/RegisterTypeMatrixCodegenRaw.cpp matching public Api operation","common-type-matrix","RegisterCodegen.128Sse42; RegisterCodegen.128Avx2; RegisterCodegen.256Avx2","retain","The canonical isolated broadcast cell for f32 protects that public Register specialization."
"simdlib_type_matrix_broadcast_f64","tests/codegen/RegisterTypeMatrixCodegenFixture.h","SSE4.2/128; AVX2/128; AVX2/256","public abstraction parity","tests/codegen/RegisterTypeMatrixCodegenRaw.cpp matching public Api operation","common-type-matrix","RegisterCodegen.128Sse42; RegisterCodegen.128Avx2; RegisterCodegen.256Avx2","retain","The canonical isolated broadcast cell for f64 protects that public Register specialization."
"simdlib_type_matrix_broadcast_i16","tests/codegen/RegisterTypeMatrixCodegenFixture.h","SSE4.2/128; AVX2/128; AVX2/256","public abstraction parity","tests/codegen/RegisterTypeMatrixCodegenRaw.cpp matching public Api operation","common-type-matrix","RegisterCodegen.128Sse42; RegisterCodegen.128Avx2; RegisterCodegen.256Avx2","retain","The canonical isolated broadcast cell for i16 protects that public Register specialization."
"simdlib_type_matrix_broadcast_i32","tests/codegen/RegisterTypeMatrixCodegenFixture.h","SSE4.2/128; AVX2/128; AVX2/256","public abstraction parity","tests/codegen/RegisterTypeMatrixCodegenRaw.cpp matching public Api operation","common-type-matrix","RegisterCodegen.128Sse42; RegisterCodegen.128Avx2; RegisterCodegen.256Avx2","retain","The canonical isolated broadcast cell for i32 protects that public Register specialization."
"simdlib_type_matrix_broadcast_i64","tests/codegen/RegisterTypeMatrixCodegenFixture.h","SSE4.2/128; AVX2/128; AVX2/256","public abstraction parity","tests/codegen/RegisterTypeMatrixCodegenRaw.cpp matching public Api operation","common-type-matrix","RegisterCodegen.128Sse42; RegisterCodegen.128Avx2; RegisterCodegen.256Avx2","retain","The canonical isolated broadcast cell for i64 protects that public Register specialization."
"simdlib_type_matrix_broadcast_i8","tests/codegen/RegisterTypeMatrixCodegenFixture.h","SSE4.2/128; AVX2/128; AVX2/256","public abstraction parity","tests/codegen/RegisterTypeMatrixCodegenRaw.cpp matching public Api operation","common-type-matrix","RegisterCodegen.128Sse42; RegisterCodegen.128Avx2; RegisterCodegen.256Avx2","retain","The canonical isolated broadcast cell for i8 protects that public Register specialization."
"simdlib_type_matrix_broadcast_u16","tests/codegen/RegisterTypeMatrixCodegenFixture.h","SSE4.2/128; AVX2/128; AVX2/256","public abstraction parity","tests/codegen/RegisterTypeMatrixCodegenRaw.cpp matching public Api operation","common-type-matrix","RegisterCodegen.128Sse42; RegisterCodegen.128Avx2; RegisterCodegen.256Avx2","retain","The canonical isolated broadcast cell for u16 protects that public Register specialization."
"simdlib_type_matrix_broadcast_u32","tests/codegen/RegisterTypeMatrixCodegenFixture.h","SSE4.2/128; AVX2/128; AVX2/256","public abstraction parity","tests/codegen/RegisterTypeMatrixCodegenRaw.cpp matching public Api operation","common-type-matrix","RegisterCodegen.128Sse42; RegisterCodegen.128Avx2; RegisterCodegen.256Avx2","retain","The canonical isolated broadcast cell for u32 protects that public Register specialization."
"simdlib_type_matrix_broadcast_u64","tests/codegen/RegisterTypeMatrixCodegenFixture.h","SSE4.2/128; AVX2/128; AVX2/256","public abstraction parity","tests/codegen/RegisterTypeMatrixCodegenRaw.cpp matching public Api operation","common-type-matrix","RegisterCodegen.128Sse42; RegisterCodegen.128Avx2; RegisterCodegen.256Avx2","retain","The canonical isolated broadcast cell for u64 protects that public Register specialization."
"simdlib_type_matrix_broadcast_u8","tests/codegen/RegisterTypeMatrixCodegenFixture.h","SSE4.2/128; AVX2/128; AVX2/256","public abstraction parity","tests/codegen/RegisterTypeMatrixCodegenRaw.cpp matching public Api operation","common-type-matrix","RegisterCodegen.128Sse42; RegisterCodegen.128Avx2; RegisterCodegen.256Avx2","retain","The canonical isolated broadcast cell for u8 protects that public Register specialization."
"simdlib_type_matrix_compare_equal_f32","tests/codegen/RegisterTypeMatrixCodegenFixture.h","SSE4.2/128; AVX2/128; AVX2/256","public abstraction parity","tests/codegen/RegisterTypeMatrixCodegenRaw.cpp matching public Api operation","common-type-matrix","RegisterCodegen.128Sse42; RegisterCodegen.128Avx2; RegisterCodegen.256Avx2","retain","The canonical isolated compare_equal cell for f32 protects that public Register specialization."
"simdlib_type_matrix_compare_equal_f64","tests/codegen/RegisterTypeMatrixCodegenFixture.h","SSE4.2/128; AVX2/128; AVX2/256","public abstraction parity","tests/codegen/RegisterTypeMatrixCodegenRaw.cpp matching public Api operation","common-type-matrix","RegisterCodegen.128Sse42; RegisterCodegen.128Avx2; RegisterCodegen.256Avx2","retain","The canonical isolated compare_equal cell for f64 protects that public Register specialization."
"simdlib_type_matrix_compare_equal_i16","tests/codegen/RegisterTypeMatrixCodegenFixture.h","SSE4.2/128; AVX2/128; AVX2/256","public abstraction parity","tests/codegen/RegisterTypeMatrixCodegenRaw.cpp matching public Api operation","common-type-matrix","RegisterCodegen.128Sse42; RegisterCodegen.128Avx2; RegisterCodegen.256Avx2","retain","The canonical isolated compare_equal cell for i16 protects that public Register specialization."
"simdlib_type_matrix_compare_equal_i32","tests/codegen/RegisterTypeMatrixCodegenFixture.h","SSE4.2/128; AVX2/128; AVX2/256","public abstraction parity","tests/codegen/RegisterTypeMatrixCodegenRaw.cpp matching public Api operation","common-type-matrix","RegisterCodegen.128Sse42; RegisterCodegen.128Avx2; RegisterCodegen.256Avx2","retain","The canonical isolated compare_equal cell for i32 protects that public Register specialization."
"simdlib_type_matrix_compare_equal_i64","tests/codegen/RegisterTypeMatrixCodegenFixture.h","SSE4.2/128; AVX2/128; AVX2/256","public abstraction parity","tests/codegen/RegisterTypeMatrixCodegenRaw.cpp matching public Api operation","common-type-matrix","RegisterCodegen.128Sse42; RegisterCodegen.128Avx2; RegisterCodegen.256Avx2","retain","The canonical isolated compare_equal cell for i64 protects that public Register specialization."
"simdlib_type_matrix_compare_equal_i8","tests/codegen/RegisterTypeMatrixCodegenFixture.h","SSE4.2/128; AVX2/128; AVX2/256","public abstraction parity","tests/codegen/RegisterTypeMatrixCodegenRaw.cpp matching public Api operation","common-type-matrix","RegisterCodegen.128Sse42; RegisterCodegen.128Avx2; RegisterCodegen.256Avx2","retain","The canonical isolated compare_equal cell for i8 protects that public Register specialization."
"simdlib_type_matrix_compare_equal_u16","tests/codegen/RegisterTypeMatrixCodegenFixture.h","SSE4.2/128; AVX2/128; AVX2/256","public abstraction parity","tests/codegen/RegisterTypeMatrixCodegenRaw.cpp matching public Api operation","common-type-matrix","RegisterCodegen.128Sse42; RegisterCodegen.128Avx2; RegisterCodegen.256Avx2","retain","The canonical isolated compare_equal cell for u16 protects that public Register specialization."
"simdlib_type_matrix_compare_equal_u32","tests/codegen/RegisterTypeMatrixCodegenFixture.h","SSE4.2/128; AVX2/128; AVX2/256","public abstraction parity","tests/codegen/RegisterTypeMatrixCodegenRaw.cpp matching public Api operation","common-type-matrix","RegisterCodegen.128Sse42; RegisterCodegen.128Avx2; RegisterCodegen.256Avx2","retain","The canonical isolated compare_equal cell for u32 protects that public Register specialization."
"simdlib_type_matrix_compare_equal_u64","tests/codegen/RegisterTypeMatrixCodegenFixture.h","SSE4.2/128; AVX2/128; AVX2/256","public abstraction parity","tests/codegen/RegisterTypeMatrixCodegenRaw.cpp matching public Api operation","common-type-matrix","RegisterCodegen.128Sse42; RegisterCodegen.128Avx2; RegisterCodegen.256Avx2","retain","The canonical isolated compare_equal cell for u64 protects that public Register specialization."
"simdlib_type_matrix_compare_equal_u8","tests/codegen/RegisterTypeMatrixCodegenFixture.h","SSE4.2/128; AVX2/128; AVX2/256","public abstraction parity","tests/codegen/RegisterTypeMatrixCodegenRaw.cpp matching public Api operation","common-type-matrix","RegisterCodegen.128Sse42; RegisterCodegen.128Avx2; RegisterCodegen.256Avx2","retain","The canonical isolated compare_equal cell for u8 protects that public Register specialization."
"simdlib_type_matrix_compare_greater_equal_f32","tests/codegen/RegisterTypeMatrixCodegenFixture.h","SSE4.2/128; AVX2/128; AVX2/256","public abstraction parity","tests/codegen/RegisterTypeMatrixCodegenRaw.cpp matching public Api operation","common-type-matrix","RegisterCodegen.128Sse42; RegisterCodegen.128Avx2; RegisterCodegen.256Avx2","retain","The canonical isolated compare_greater_equal cell for f32 protects that public Register specialization."
"simdlib_type_matrix_compare_greater_equal_f64","tests/codegen/RegisterTypeMatrixCodegenFixture.h","SSE4.2/128; AVX2/128; AVX2/256","public abstraction parity","tests/codegen/RegisterTypeMatrixCodegenRaw.cpp matching public Api operation","common-type-matrix","RegisterCodegen.128Sse42; RegisterCodegen.128Avx2; RegisterCodegen.256Avx2","retain","The canonical isolated compare_greater_equal cell for f64 protects that public Register specialization."
"simdlib_type_matrix_compare_greater_equal_i16","tests/codegen/RegisterTypeMatrixCodegenFixture.h","SSE4.2/128; AVX2/128; AVX2/256","public abstraction parity","tests/codegen/RegisterTypeMatrixCodegenRaw.cpp matching public Api operation","common-type-matrix","RegisterCodegen.128Sse42; RegisterCodegen.128Avx2; RegisterCodegen.256Avx2","retain","The canonical isolated compare_greater_equal cell for i16 protects that public Register specialization."
"simdlib_type_matrix_compare_greater_equal_i32","tests/codegen/RegisterTypeMatrixCodegenFixture.h","SSE4.2/128; AVX2/128; AVX2/256","public abstraction parity","tests/codegen/RegisterTypeMatrixCodegenRaw.cpp matching public Api operation","common-type-matrix","RegisterCodegen.128Sse42; RegisterCodegen.128Avx2; RegisterCodegen.256Avx2","retain","The canonical isolated compare_greater_equal cell for i32 protects that public Register specialization."
"simdlib_type_matrix_compare_greater_equal_i64","tests/codegen/RegisterTypeMatrixCodegenFixture.h","SSE4.2/128; AVX2/128; AVX2/256","public abstraction parity","tests/codegen/RegisterTypeMatrixCodegenRaw.cpp matching public Api operation","common-type-matrix","RegisterCodegen.128Sse42; RegisterCodegen.128Avx2; RegisterCodegen.256Avx2","retain","The canonical isolated compare_greater_equal cell for i64 protects that public Register specialization."
"simdlib_type_matrix_compare_greater_equal_i8","tests/codegen/RegisterTypeMatrixCodegenFixture.h","SSE4.2/128; AVX2/128; AVX2/256","public abstraction parity","tests/codegen/RegisterTypeMatrixCodegenRaw.cpp matching public Api operation","common-type-matrix","RegisterCodegen.128Sse42; RegisterCodegen.128Avx2; RegisterCodegen.256Avx2","retain","The canonical isolated compare_greater_equal cell for i8 protects that public Register specialization."
"simdlib_type_matrix_compare_greater_equal_u16","tests/codegen/RegisterTypeMatrixCodegenFixture.h","SSE4.2/128; AVX2/128; AVX2/256","public abstraction parity","tests/codegen/RegisterTypeMatrixCodegenRaw.cpp matching public Api operation","common-type-matrix","RegisterCodegen.128Sse42; RegisterCodegen.128Avx2; RegisterCodegen.256Avx2","retain","The canonical isolated compare_greater_equal cell for u16 protects that public Register specialization."
"simdlib_type_matrix_compare_greater_equal_u32","tests/codegen/RegisterTypeMatrixCodegenFixture.h","SSE4.2/128; AVX2/128; AVX2/256","public abstraction parity","tests/codegen/RegisterTypeMatrixCodegenRaw.cpp matching public Api operation","common-type-matrix","RegisterCodegen.128Sse42; RegisterCodegen.128Avx2; RegisterCodegen.256Avx2","retain","The canonical isolated compare_greater_equal cell for u32 protects that public Register specialization."
"simdlib_type_matrix_compare_greater_equal_u64","tests/codegen/RegisterTypeMatrixCodegenFixture.h","SSE4.2/128; AVX2/128; AVX2/256","public abstraction parity","tests/codegen/RegisterTypeMatrixCodegenRaw.cpp matching public Api operation","common-type-matrix","RegisterCodegen.128Sse42; RegisterCodegen.128Avx2; RegisterCodegen.256Avx2","retain","The canonical isolated compare_greater_equal cell for u64 protects that public Register specialization."
"simdlib_type_matrix_compare_greater_equal_u8","tests/codegen/RegisterTypeMatrixCodegenFixture.h","SSE4.2/128; AVX2/128; AVX2/256","public abstraction parity","tests/codegen/RegisterTypeMatrixCodegenRaw.cpp matching public Api operation","common-type-matrix","RegisterCodegen.128Sse42; RegisterCodegen.128Avx2; RegisterCodegen.256Avx2","retain","The canonical isolated compare_greater_equal cell for u8 protects that public Register specialization."
"simdlib_type_matrix_compare_greater_f32","tests/codegen/RegisterTypeMatrixCodegenFixture.h","SSE4.2/128; AVX2/128; AVX2/256","public abstraction parity","tests/codegen/RegisterTypeMatrixCodegenRaw.cpp matching public Api operation","common-type-matrix","RegisterCodegen.128Sse42; RegisterCodegen.128Avx2; RegisterCodegen.256Avx2","retain","The canonical isolated compare_greater cell for f32 protects that public Register specialization."
"simdlib_type_matrix_compare_greater_f64","tests/codegen/RegisterTypeMatrixCodegenFixture.h","SSE4.2/128; AVX2/128; AVX2/256","public abstraction parity","tests/codegen/RegisterTypeMatrixCodegenRaw.cpp matching public Api operation","common-type-matrix","RegisterCodegen.128Sse42; RegisterCodegen.128Avx2; RegisterCodegen.256Avx2","retain","The canonical isolated compare_greater cell for f64 protects that public Register specialization."
"simdlib_type_matrix_compare_greater_i16","tests/codegen/RegisterTypeMatrixCodegenFixture.h","SSE4.2/128; AVX2/128; AVX2/256","public abstraction parity","tests/codegen/RegisterTypeMatrixCodegenRaw.cpp matching public Api operation","common-type-matrix","RegisterCodegen.128Sse42; RegisterCodegen.128Avx2; RegisterCodegen.256Avx2","retain","The canonical isolated compare_greater cell for i16 protects that public Register specialization."
"simdlib_type_matrix_compare_greater_i32","tests/codegen/RegisterTypeMatrixCodegenFixture.h","SSE4.2/128; AVX2/128; AVX2/256","public abstraction parity","tests/codegen/RegisterTypeMatrixCodegenRaw.cpp matching public Api operation","common-type-matrix","RegisterCodegen.128Sse42; RegisterCodegen.128Avx2; RegisterCodegen.256Avx2","retain","The canonical isolated compare_greater cell for i32 protects that public Register specialization."
"simdlib_type_matrix_compare_greater_i64","tests/codegen/RegisterTypeMatrixCodegenFixture.h","SSE4.2/128; AVX2/128; AVX2/256","public abstraction parity","tests/codegen/RegisterTypeMatrixCodegenRaw.cpp matching public Api operation","common-type-matrix","RegisterCodegen.128Sse42; RegisterCodegen.128Avx2; RegisterCodegen.256Avx2","retain","The canonical isolated compare_greater cell for i64 protects that public Register specialization."
"simdlib_type_matrix_compare_greater_i8","tests/codegen/RegisterTypeMatrixCodegenFixture.h","SSE4.2/128; AVX2/128; AVX2/256","public abstraction parity","tests/codegen/RegisterTypeMatrixCodegenRaw.cpp matching public Api operation","common-type-matrix","RegisterCodegen.128Sse42; RegisterCodegen.128Avx2; RegisterCodegen.256Avx2","retain","The canonical isolated compare_greater cell for i8 protects that public Register specialization."
"simdlib_type_matrix_compare_greater_u16","tests/codegen/RegisterTypeMatrixCodegenFixture.h","SSE4.2/128; AVX2/128; AVX2/256","public abstraction parity","tests/codegen/RegisterTypeMatrixCodegenRaw.cpp matching public Api operation","common-type-matrix","RegisterCodegen.128Sse42; RegisterCodegen.128Avx2; RegisterCodegen.256Avx2","retain","The canonical isolated compare_greater cell for u16 protects that public Register specialization."
"simdlib_type_matrix_compare_greater_u32","tests/codegen/RegisterTypeMatrixCodegenFixture.h","SSE4.2/128; AVX2/128; AVX2/256","public abstraction parity","tests/codegen/RegisterTypeMatrixCodegenRaw.cpp matching public Api operation","common-type-matrix","RegisterCodegen.128Sse42; RegisterCodegen.128Avx2; RegisterCodegen.256Avx2","retain","The canonical isolated compare_greater cell for u32 protects that public Register specialization."
"simdlib_type_matrix_compare_greater_u64","tests/codegen/RegisterTypeMatrixCodegenFixture.h","SSE4.2/128; AVX2/128; AVX2/256","public abstraction parity","tests/codegen/RegisterTypeMatrixCodegenRaw.cpp matching public Api operation","common-type-matrix","RegisterCodegen.128Sse42; RegisterCodegen.128Avx2; RegisterCodegen.256Avx2","retain","The canonical isolated compare_greater cell for u64 protects that public Register specialization."
"simdlib_type_matrix_compare_greater_u8","tests/codegen/RegisterTypeMatrixCodegenFixture.h","SSE4.2/128; AVX2/128; AVX2/256","public abstraction parity","tests/codegen/RegisterTypeMatrixCodegenRaw.cpp matching public Api operation","common-type-matrix","RegisterCodegen.128Sse42; RegisterCodegen.128Avx2; RegisterCodegen.256Avx2","retain","The canonical isolated compare_greater cell for u8 protects that public Register specialization."
"simdlib_type_matrix_compare_less_equal_f32","tests/codegen/RegisterTypeMatrixCodegenFixture.h","SSE4.2/128; AVX2/128; AVX2/256","public abstraction parity","tests/codegen/RegisterTypeMatrixCodegenRaw.cpp matching public Api operation","common-type-matrix","RegisterCodegen.128Sse42; RegisterCodegen.128Avx2; RegisterCodegen.256Avx2","retain","The canonical isolated compare_less_equal cell for f32 protects that public Register specialization."
"simdlib_type_matrix_compare_less_equal_f64","tests/codegen/RegisterTypeMatrixCodegenFixture.h","SSE4.2/128; AVX2/128; AVX2/256","public abstraction parity","tests/codegen/RegisterTypeMatrixCodegenRaw.cpp matching public Api operation","common-type-matrix","RegisterCodegen.128Sse42; RegisterCodegen.128Avx2; RegisterCodegen.256Avx2","retain","The canonical isolated compare_less_equal cell for f64 protects that public Register specialization."
"simdlib_type_matrix_compare_less_equal_i16","tests/codegen/RegisterTypeMatrixCodegenFixture.h","SSE4.2/128; AVX2/128; AVX2/256","public abstraction parity","tests/codegen/RegisterTypeMatrixCodegenRaw.cpp matching public Api operation","common-type-matrix","RegisterCodegen.128Sse42; RegisterCodegen.128Avx2; RegisterCodegen.256Avx2","retain","The canonical isolated compare_less_equal cell for i16 protects that public Register specialization."
"simdlib_type_matrix_compare_less_equal_i32","tests/codegen/RegisterTypeMatrixCodegenFixture.h","SSE4.2/128; AVX2/128; AVX2/256","public abstraction parity","tests/codegen/RegisterTypeMatrixCodegenRaw.cpp matching public Api operation","common-type-matrix","RegisterCodegen.128Sse42; RegisterCodegen.128Avx2; RegisterCodegen.256Avx2","retain","The canonical isolated compare_less_equal cell for i32 protects that public Register specialization."
"simdlib_type_matrix_compare_less_equal_i64","tests/codegen/RegisterTypeMatrixCodegenFixture.h","SSE4.2/128; AVX2/128; AVX2/256","public abstraction parity","tests/codegen/RegisterTypeMatrixCodegenRaw.cpp matching public Api operation","common-type-matrix","RegisterCodegen.128Sse42; RegisterCodegen.128Avx2; RegisterCodegen.256Avx2","retain","The canonical isolated compare_less_equal cell for i64 protects that public Register specialization."
"simdlib_type_matrix_compare_less_equal_i8","tests/codegen/RegisterTypeMatrixCodegenFixture.h","SSE4.2/128; AVX2/128; AVX2/256","public abstraction parity","tests/codegen/RegisterTypeMatrixCodegenRaw.cpp matching public Api operation","common-type-matrix","RegisterCodegen.128Sse42; RegisterCodegen.128Avx2; RegisterCodegen.256Avx2","retain","The canonical isolated compare_less_equal cell for i8 protects that public Register specialization."
"simdlib_type_matrix_compare_less_equal_u16","tests/codegen/RegisterTypeMatrixCodegenFixture.h","SSE4.2/128; AVX2/128; AVX2/256","public abstraction parity","tests/codegen/RegisterTypeMatrixCodegenRaw.cpp matching public Api operation","common-type-matrix","RegisterCodegen.128Sse42; RegisterCodegen.128Avx2; RegisterCodegen.256Avx2","retain","The canonical isolated compare_less_equal cell for u16 protects that public Register specialization."
"simdlib_type_matrix_compare_less_equal_u32","tests/codegen/RegisterTypeMatrixCodegenFixture.h","SSE4.2/128; AVX2/128; AVX2/256","public abstraction parity","tests/codegen/RegisterTypeMatrixCodegenRaw.cpp matching public Api operation","common-type-matrix","RegisterCodegen.128Sse42; RegisterCodegen.128Avx2; RegisterCodegen.256Avx2","retain","The canonical isolated compare_less_equal cell for u32 protects that public Register specialization."
"simdlib_type_matrix_compare_less_equal_u64","tests/codegen/RegisterTypeMatrixCodegenFixture.h","SSE4.2/128; AVX2/128; AVX2/256","public abstraction parity","tests/codegen/RegisterTypeMatrixCodegenRaw.cpp matching public Api operation","common-type-matrix","RegisterCodegen.128Sse42; RegisterCodegen.128Avx2; RegisterCodegen.256Avx2","retain","The canonical isolated compare_less_equal cell for u64 protects that public Register specialization."
"simdlib_type_matrix_compare_less_equal_u8","tests/codegen/RegisterTypeMatrixCodegenFixture.h","SSE4.2/128; AVX2/128; AVX2/256","public abstraction parity","tests/codegen/RegisterTypeMatrixCodegenRaw.cpp matching public Api operation","common-type-matrix","RegisterCodegen.128Sse42; RegisterCodegen.128Avx2; RegisterCodegen.256Avx2","retain","The canonical isolated compare_less_equal cell for u8 protects that public Register specialization."
"simdlib_type_matrix_compare_less_f32","tests/codegen/RegisterTypeMatrixCodegenFixture.h","SSE4.2/128; AVX2/128; AVX2/256","public abstraction parity","tests/codegen/RegisterTypeMatrixCodegenRaw.cpp matching public Api operation","common-type-matrix","RegisterCodegen.128Sse42; RegisterCodegen.128Avx2; RegisterCodegen.256Avx2","retain","The canonical isolated compare_less cell for f32 protects that public Register specialization."
"simdlib_type_matrix_compare_less_f64","tests/codegen/RegisterTypeMatrixCodegenFixture.h","SSE4.2/128; AVX2/128; AVX2/256","public abstraction parity","tests/codegen/RegisterTypeMatrixCodegenRaw.cpp matching public Api operation","common-type-matrix","RegisterCodegen.128Sse42; RegisterCodegen.128Avx2; RegisterCodegen.256Avx2","retain","The canonical isolated compare_less cell for f64 protects that public Register specialization."
"simdlib_type_matrix_compare_less_i16","tests/codegen/RegisterTypeMatrixCodegenFixture.h","SSE4.2/128; AVX2/128; AVX2/256","public abstraction parity","tests/codegen/RegisterTypeMatrixCodegenRaw.cpp matching public Api operation","common-type-matrix","RegisterCodegen.128Sse42; RegisterCodegen.128Avx2; RegisterCodegen.256Avx2","retain","The canonical isolated compare_less cell for i16 protects that public Register specialization."
"simdlib_type_matrix_compare_less_i32","tests/codegen/RegisterTypeMatrixCodegenFixture.h","SSE4.2/128; AVX2/128; AVX2/256","public abstraction parity","tests/codegen/RegisterTypeMatrixCodegenRaw.cpp matching public Api operation","common-type-matrix","RegisterCodegen.128Sse42; RegisterCodegen.128Avx2; RegisterCodegen.256Avx2","retain","The canonical isolated compare_less cell for i32 protects that public Register specialization."
"simdlib_type_matrix_compare_less_i64","tests/codegen/RegisterTypeMatrixCodegenFixture.h","SSE4.2/128; AVX2/128; AVX2/256","public abstraction parity","tests/codegen/RegisterTypeMatrixCodegenRaw.cpp matching public Api operation","common-type-matrix","RegisterCodegen.128Sse42; RegisterCodegen.128Avx2; RegisterCodegen.256Avx2","retain","The canonical isolated compare_less cell for i64 protects that public Register specialization."
"simdlib_type_matrix_compare_less_i8","tests/codegen/RegisterTypeMatrixCodegenFixture.h","SSE4.2/128; AVX2/128; AVX2/256","public abstraction parity","tests/codegen/RegisterTypeMatrixCodegenRaw.cpp matching public Api operation","common-type-matrix","RegisterCodegen.128Sse42; RegisterCodegen.128Avx2; RegisterCodegen.256Avx2","retain","The canonical isolated compare_less cell for i8 protects that public Register specialization."
"simdlib_type_matrix_compare_less_u16","tests/codegen/RegisterTypeMatrixCodegenFixture.h","SSE4.2/128; AVX2/128; AVX2/256","public abstraction parity","tests/codegen/RegisterTypeMatrixCodegenRaw.cpp matching public Api operation","common-type-matrix","RegisterCodegen.128Sse42; RegisterCodegen.128Avx2; RegisterCodegen.256Avx2","retain","The canonical isolated compare_less cell for u16 protects that public Register specialization."
"simdlib_type_matrix_compare_less_u32","tests/codegen/RegisterTypeMatrixCodegenFixture.h","SSE4.2/128; AVX2/128; AVX2/256","public abstraction parity","tests/codegen/RegisterTypeMatrixCodegenRaw.cpp matching public Api operation","common-type-matrix","RegisterCodegen.128Sse42; RegisterCodegen.128Avx2; RegisterCodegen.256Avx2","retain","The canonical isolated compare_less cell for u32 protects that public Register specialization."
"simdlib_type_matrix_compare_less_u64","tests/codegen/RegisterTypeMatrixCodegenFixture.h","SSE4.2/128; AVX2/128; AVX2/256","public abstraction parity","tests/codegen/RegisterTypeMatrixCodegenRaw.cpp matching public Api operation","common-type-matrix","RegisterCodegen.128Sse42; RegisterCodegen.128Avx2; RegisterCodegen.256Avx2","retain","The canonical isolated compare_less cell for u64 protects that public Register specialization."
"simdlib_type_matrix_compare_less_u8","tests/codegen/RegisterTypeMatrixCodegenFixture.h","SSE4.2/128; AVX2/128; AVX2/256","public abstraction parity","tests/codegen/RegisterTypeMatrixCodegenRaw.cpp matching public Api operation","common-type-matrix","RegisterCodegen.128Sse42; RegisterCodegen.128Avx2; RegisterCodegen.256Avx2","retain","The canonical isolated compare_less cell for u8 protects that public Register specialization."
"simdlib_type_matrix_construct_array_f32","tests/codegen/RegisterTypeMatrixCodegenFixture.h","SSE4.2/128; AVX2/128; AVX2/256","public abstraction parity","tests/codegen/RegisterTypeMatrixCodegenRaw.cpp matching public Api operation","common-type-matrix","RegisterCodegen.128Sse42; RegisterCodegen.128Avx2; RegisterCodegen.256Avx2","retain","The canonical isolated construct_array transfer cell for f32 protects that public Register specialization."
"simdlib_type_matrix_construct_array_f64","tests/codegen/RegisterTypeMatrixCodegenFixture.h","SSE4.2/128; AVX2/128; AVX2/256","public abstraction parity","tests/codegen/RegisterTypeMatrixCodegenRaw.cpp matching public Api operation","common-type-matrix","RegisterCodegen.128Sse42; RegisterCodegen.128Avx2; RegisterCodegen.256Avx2","retain","The canonical isolated construct_array transfer cell for f64 protects that public Register specialization."
"simdlib_type_matrix_construct_array_i16","tests/codegen/RegisterTypeMatrixCodegenFixture.h","SSE4.2/128; AVX2/128; AVX2/256","public abstraction parity","tests/codegen/RegisterTypeMatrixCodegenRaw.cpp matching public Api operation","common-type-matrix","RegisterCodegen.128Sse42; RegisterCodegen.128Avx2; RegisterCodegen.256Avx2","retain","The canonical isolated construct_array transfer cell for i16 protects that public Register specialization."
"simdlib_type_matrix_construct_array_i32","tests/codegen/RegisterTypeMatrixCodegenFixture.h","SSE4.2/128; AVX2/128; AVX2/256","public abstraction parity","tests/codegen/RegisterTypeMatrixCodegenRaw.cpp matching public Api operation","common-type-matrix","RegisterCodegen.128Sse42; RegisterCodegen.128Avx2; RegisterCodegen.256Avx2","retain","The canonical isolated construct_array transfer cell for i32 protects that public Register specialization."
"simdlib_type_matrix_construct_array_i64","tests/codegen/RegisterTypeMatrixCodegenFixture.h","SSE4.2/128; AVX2/128; AVX2/256","public abstraction parity","tests/codegen/RegisterTypeMatrixCodegenRaw.cpp matching public Api operation","common-type-matrix","RegisterCodegen.128Sse42; RegisterCodegen.128Avx2; RegisterCodegen.256Avx2","retain","The canonical isolated construct_array transfer cell for i64 protects that public Register specialization."
"simdlib_type_matrix_construct_array_i8","tests/codegen/RegisterTypeMatrixCodegenFixture.h","SSE4.2/128; AVX2/128; AVX2/256","public abstraction parity","tests/codegen/RegisterTypeMatrixCodegenRaw.cpp matching public Api operation","common-type-matrix","RegisterCodegen.128Sse42; RegisterCodegen.128Avx2; RegisterCodegen.256Avx2","retain","The canonical isolated construct_array transfer cell for i8 protects that public Register specialization."
"simdlib_type_matrix_construct_array_u16","tests/codegen/RegisterTypeMatrixCodegenFixture.h","SSE4.2/128; AVX2/128; AVX2/256","public abstraction parity","tests/codegen/RegisterTypeMatrixCodegenRaw.cpp matching public Api operation","common-type-matrix","RegisterCodegen.128Sse42; RegisterCodegen.128Avx2; RegisterCodegen.256Avx2","retain","The canonical isolated construct_array transfer cell for u16 protects that public Register specialization."
"simdlib_type_matrix_construct_array_u32","tests/codegen/RegisterTypeMatrixCodegenFixture.h","SSE4.2/128; AVX2/128; AVX2/256","public abstraction parity","tests/codegen/RegisterTypeMatrixCodegenRaw.cpp matching public Api operation","common-type-matrix","RegisterCodegen.128Sse42; RegisterCodegen.128Avx2; RegisterCodegen.256Avx2","retain","The canonical isolated construct_array transfer cell for u32 protects that public Register specialization."
"simdlib_type_matrix_construct_array_u64","tests/codegen/RegisterTypeMatrixCodegenFixture.h","SSE4.2/128; AVX2/128; AVX2/256","public abstraction parity","tests/codegen/RegisterTypeMatrixCodegenRaw.cpp matching public Api operation","common-type-matrix","RegisterCodegen.128Sse42; RegisterCodegen.128Avx2; RegisterCodegen.256Avx2","retain","The canonical isolated construct_array transfer cell for u64 protects that public Register specialization."
"simdlib_type_matrix_construct_array_u8","tests/codegen/RegisterTypeMatrixCodegenFixture.h","SSE4.2/128; AVX2/128; AVX2/256","public abstraction parity","tests/codegen/RegisterTypeMatrixCodegenRaw.cpp matching public Api operation","common-type-matrix","RegisterCodegen.128Sse42; RegisterCodegen.128Avx2; RegisterCodegen.256Avx2","retain","The canonical isolated construct_array transfer cell for u8 protects that public Register specialization."
"simdlib_type_matrix_construct_lanes_f32","tests/codegen/RegisterTypeMatrixCodegenFixture.h","SSE4.2/128; AVX2/128; AVX2/256","public abstraction parity","tests/codegen/RegisterTypeMatrixCodegenRaw.cpp matching public Api operation","common-type-matrix","RegisterCodegen.128Sse42; RegisterCodegen.128Avx2; RegisterCodegen.256Avx2","retain","The canonical isolated construct_lanes transfer cell for f32 protects that public Register specialization."
"simdlib_type_matrix_construct_lanes_f64","tests/codegen/RegisterTypeMatrixCodegenFixture.h","SSE4.2/128; AVX2/128; AVX2/256","public abstraction parity","tests/codegen/RegisterTypeMatrixCodegenRaw.cpp matching public Api operation","common-type-matrix","RegisterCodegen.128Sse42; RegisterCodegen.128Avx2; RegisterCodegen.256Avx2","retain","The canonical isolated construct_lanes transfer cell for f64 protects that public Register specialization."
"simdlib_type_matrix_construct_lanes_i16","tests/codegen/RegisterTypeMatrixCodegenFixture.h","SSE4.2/128; AVX2/128; AVX2/256","public abstraction parity","tests/codegen/RegisterTypeMatrixCodegenRaw.cpp matching public Api operation","common-type-matrix","RegisterCodegen.128Sse42; RegisterCodegen.128Avx2; RegisterCodegen.256Avx2","retain","The canonical isolated construct_lanes transfer cell for i16 protects that public Register specialization."
"simdlib_type_matrix_construct_lanes_i32","tests/codegen/RegisterTypeMatrixCodegenFixture.h","SSE4.2/128; AVX2/128; AVX2/256","public abstraction parity","tests/codegen/RegisterTypeMatrixCodegenRaw.cpp matching public Api operation","common-type-matrix","RegisterCodegen.128Sse42; RegisterCodegen.128Avx2; RegisterCodegen.256Avx2","retain","The canonical isolated construct_lanes transfer cell for i32 protects that public Register specialization."
"simdlib_type_matrix_construct_lanes_i64","tests/codegen/RegisterTypeMatrixCodegenFixture.h","SSE4.2/128; AVX2/128; AVX2/256","public abstraction parity","tests/codegen/RegisterTypeMatrixCodegenRaw.cpp matching public Api operation","common-type-matrix","RegisterCodegen.128Sse42; RegisterCodegen.128Avx2; RegisterCodegen.256Avx2","retain","The canonical isolated construct_lanes transfer cell for i64 protects that public Register specialization."
"simdlib_type_matrix_construct_lanes_i8","tests/codegen/RegisterTypeMatrixCodegenFixture.h","SSE4.2/128; AVX2/128; AVX2/256","public abstraction parity","tests/codegen/RegisterTypeMatrixCodegenRaw.cpp matching public Api operation","common-type-matrix","RegisterCodegen.128Sse42; RegisterCodegen.128Avx2; RegisterCodegen.256Avx2","retain","The canonical isolated construct_lanes transfer cell for i8 protects that public Register specialization."
"simdlib_type_matrix_construct_lanes_u16","tests/codegen/RegisterTypeMatrixCodegenFixture.h","SSE4.2/128; AVX2/128; AVX2/256","public abstraction parity","tests/codegen/RegisterTypeMatrixCodegenRaw.cpp matching public Api operation","common-type-matrix","RegisterCodegen.128Sse42; RegisterCodegen.128Avx2; RegisterCodegen.256Avx2","retain","The canonical isolated construct_lanes transfer cell for u16 protects that public Register specialization."
"simdlib_type_matrix_construct_lanes_u32","tests/codegen/RegisterTypeMatrixCodegenFixture.h","SSE4.2/128; AVX2/128; AVX2/256","public abstraction parity","tests/codegen/RegisterTypeMatrixCodegenRaw.cpp matching public Api operation","common-type-matrix","RegisterCodegen.128Sse42; RegisterCodegen.128Avx2; RegisterCodegen.256Avx2","retain","The canonical isolated construct_lanes transfer cell for u32 protects that public Register specialization."
"simdlib_type_matrix_construct_lanes_u64","tests/codegen/RegisterTypeMatrixCodegenFixture.h","SSE4.2/128; AVX2/128; AVX2/256","public abstraction parity","tests/codegen/RegisterTypeMatrixCodegenRaw.cpp matching public Api operation","common-type-matrix","RegisterCodegen.128Sse42; RegisterCodegen.128Avx2; RegisterCodegen.256Avx2","retain","The canonical isolated construct_lanes transfer cell for u64 protects that public Register specialization."
"simdlib_type_matrix_construct_lanes_u8","tests/codegen/RegisterTypeMatrixCodegenFixture.h","SSE4.2/128; AVX2/128; AVX2/256","public abstraction parity","tests/codegen/RegisterTypeMatrixCodegenRaw.cpp matching public Api operation","common-type-matrix","RegisterCodegen.128Sse42; RegisterCodegen.128Avx2; RegisterCodegen.256Avx2","retain","The canonical isolated construct_lanes transfer cell for u8 protects that public Register specialization."
"simdlib_type_matrix_divide_f32","tests/codegen/RegisterTypeMatrixCodegenFixture.h","SSE4.2/128; AVX2/128; AVX2/256","public abstraction parity","tests/codegen/RegisterTypeMatrixCodegenRaw.cpp matching public Api operation","common-type-matrix","RegisterCodegen.128Sse42; RegisterCodegen.128Avx2; RegisterCodegen.256Avx2","retain","The canonical isolated divide cell for f32 protects that public Register specialization."
"simdlib_type_matrix_divide_f64","tests/codegen/RegisterTypeMatrixCodegenFixture.h","SSE4.2/128; AVX2/128; AVX2/256","public abstraction parity","tests/codegen/RegisterTypeMatrixCodegenRaw.cpp matching public Api operation","common-type-matrix","RegisterCodegen.128Sse42; RegisterCodegen.128Avx2; RegisterCodegen.256Avx2","retain","The canonical isolated divide cell for f64 protects that public Register specialization."
"simdlib_type_matrix_divide_i16","tests/codegen/RegisterTypeMatrixCodegenFixture.h","SSE4.2/128; AVX2/128; AVX2/256","public abstraction parity","tests/codegen/RegisterTypeMatrixCodegenRaw.cpp matching public Api operation","common-type-matrix","RegisterCodegen.128Sse42; RegisterCodegen.128Avx2; RegisterCodegen.256Avx2","retain","The canonical isolated divide cell for i16 protects that public Register specialization."
"simdlib_type_matrix_divide_i32","tests/codegen/RegisterTypeMatrixCodegenFixture.h","SSE4.2/128; AVX2/128; AVX2/256","public abstraction parity","tests/codegen/RegisterTypeMatrixCodegenRaw.cpp matching public Api operation","common-type-matrix","RegisterCodegen.128Sse42; RegisterCodegen.128Avx2; RegisterCodegen.256Avx2","retain","The canonical isolated divide cell for i32 protects that public Register specialization."
"simdlib_type_matrix_divide_i64","tests/codegen/RegisterTypeMatrixCodegenFixture.h","SSE4.2/128; AVX2/128; AVX2/256","public abstraction parity","tests/codegen/RegisterTypeMatrixCodegenRaw.cpp matching public Api operation","common-type-matrix","RegisterCodegen.128Sse42; RegisterCodegen.128Avx2; RegisterCodegen.256Avx2","retain","The canonical isolated divide cell for i64 protects that public Register specialization."
"simdlib_type_matrix_divide_i8","tests/codegen/RegisterTypeMatrixCodegenFixture.h","SSE4.2/128; AVX2/128; AVX2/256","public abstraction parity","tests/codegen/RegisterTypeMatrixCodegenRaw.cpp matching public Api operation","common-type-matrix","RegisterCodegen.128Sse42; RegisterCodegen.128Avx2; RegisterCodegen.256Avx2","retain","The canonical isolated divide cell for i8 protects that public Register specialization."
"simdlib_type_matrix_divide_u16","tests/codegen/RegisterTypeMatrixCodegenFixture.h","SSE4.2/128; AVX2/128; AVX2/256","public abstraction parity","tests/codegen/RegisterTypeMatrixCodegenRaw.cpp matching public Api operation","common-type-matrix","RegisterCodegen.128Sse42; RegisterCodegen.128Avx2; RegisterCodegen.256Avx2","retain","The canonical isolated divide cell for u16 protects that public Register specialization."
"simdlib_type_matrix_divide_u32","tests/codegen/RegisterTypeMatrixCodegenFixture.h","SSE4.2/128; AVX2/128; AVX2/256","public abstraction parity","tests/codegen/RegisterTypeMatrixCodegenRaw.cpp matching public Api operation","common-type-matrix","RegisterCodegen.128Sse42; RegisterCodegen.128Avx2; RegisterCodegen.256Avx2","retain","The canonical isolated divide cell for u32 protects that public Register specialization."
"simdlib_type_matrix_divide_u64","tests/codegen/RegisterTypeMatrixCodegenFixture.h","SSE4.2/128; AVX2/128; AVX2/256","public abstraction parity","tests/codegen/RegisterTypeMatrixCodegenRaw.cpp matching public Api operation","common-type-matrix","RegisterCodegen.128Sse42; RegisterCodegen.128Avx2; RegisterCodegen.256Avx2","retain","The canonical isolated divide cell for u64 protects that public Register specialization."
"simdlib_type_matrix_divide_u8","tests/codegen/RegisterTypeMatrixCodegenFixture.h","SSE4.2/128; AVX2/128; AVX2/256","public abstraction parity","tests/codegen/RegisterTypeMatrixCodegenRaw.cpp matching public Api operation","common-type-matrix","RegisterCodegen.128Sse42; RegisterCodegen.128Avx2; RegisterCodegen.256Avx2","retain","The canonical isolated divide cell for u8 protects that public Register specialization."
"simdlib_type_matrix_equal_f32","tests/codegen/RegisterTypeMatrixCodegenFixture.h","SSE4.2/128; AVX2/128; AVX2/256","public abstraction parity","tests/codegen/RegisterTypeMatrixCodegenRaw.cpp matching public Api operation","common-type-matrix","RegisterCodegen.128Sse42; RegisterCodegen.128Avx2; RegisterCodegen.256Avx2","retain","The canonical isolated scalar-result equal cell for f32 protects that public Register specialization."
"simdlib_type_matrix_equal_f64","tests/codegen/RegisterTypeMatrixCodegenFixture.h","SSE4.2/128; AVX2/128; AVX2/256","public abstraction parity","tests/codegen/RegisterTypeMatrixCodegenRaw.cpp matching public Api operation","common-type-matrix","RegisterCodegen.128Sse42; RegisterCodegen.128Avx2; RegisterCodegen.256Avx2","retain","The canonical isolated scalar-result equal cell for f64 protects that public Register specialization."
"simdlib_type_matrix_equal_i16","tests/codegen/RegisterTypeMatrixCodegenFixture.h","SSE4.2/128; AVX2/128; AVX2/256","public abstraction parity","tests/codegen/RegisterTypeMatrixCodegenRaw.cpp matching public Api operation","common-type-matrix","RegisterCodegen.128Sse42; RegisterCodegen.128Avx2; RegisterCodegen.256Avx2","retain","The canonical isolated scalar-result equal cell for i16 protects that public Register specialization."
"simdlib_type_matrix_equal_i32","tests/codegen/RegisterTypeMatrixCodegenFixture.h","SSE4.2/128; AVX2/128; AVX2/256","public abstraction parity","tests/codegen/RegisterTypeMatrixCodegenRaw.cpp matching public Api operation","common-type-matrix","RegisterCodegen.128Sse42; RegisterCodegen.128Avx2; RegisterCodegen.256Avx2","retain","The canonical isolated scalar-result equal cell for i32 protects that public Register specialization."
"simdlib_type_matrix_equal_i64","tests/codegen/RegisterTypeMatrixCodegenFixture.h","SSE4.2/128; AVX2/128; AVX2/256","public abstraction parity","tests/codegen/RegisterTypeMatrixCodegenRaw.cpp matching public Api operation","common-type-matrix","RegisterCodegen.128Sse42; RegisterCodegen.128Avx2; RegisterCodegen.256Avx2","retain","The canonical isolated scalar-result equal cell for i64 protects that public Register specialization."
"simdlib_type_matrix_equal_i8","tests/codegen/RegisterTypeMatrixCodegenFixture.h","SSE4.2/128; AVX2/128; AVX2/256","public abstraction parity","tests/codegen/RegisterTypeMatrixCodegenRaw.cpp matching public Api operation","common-type-matrix","RegisterCodegen.128Sse42; RegisterCodegen.128Avx2; RegisterCodegen.256Avx2","retain","The canonical isolated scalar-result equal cell for i8 protects that public Register specialization."
"simdlib_type_matrix_equal_u16","tests/codegen/RegisterTypeMatrixCodegenFixture.h","SSE4.2/128; AVX2/128; AVX2/256","public abstraction parity","tests/codegen/RegisterTypeMatrixCodegenRaw.cpp matching public Api operation","common-type-matrix","RegisterCodegen.128Sse42; RegisterCodegen.128Avx2; RegisterCodegen.256Avx2","retain","The canonical isolated scalar-result equal cell for u16 protects that public Register specialization."
"simdlib_type_matrix_equal_u32","tests/codegen/RegisterTypeMatrixCodegenFixture.h","SSE4.2/128; AVX2/128; AVX2/256","public abstraction parity","tests/codegen/RegisterTypeMatrixCodegenRaw.cpp matching public Api operation","common-type-matrix","RegisterCodegen.128Sse42; RegisterCodegen.128Avx2; RegisterCodegen.256Avx2","retain","The canonical isolated scalar-result equal cell for u32 protects that public Register specialization."
"simdlib_type_matrix_equal_u64","tests/codegen/RegisterTypeMatrixCodegenFixture.h","SSE4.2/128; AVX2/128; AVX2/256","public abstraction parity","tests/codegen/RegisterTypeMatrixCodegenRaw.cpp matching public Api operation","common-type-matrix","RegisterCodegen.128Sse42; RegisterCodegen.128Avx2; RegisterCodegen.256Avx2","retain","The canonical isolated scalar-result equal cell for u64 protects that public Register specialization."
"simdlib_type_matrix_equal_u8","tests/codegen/RegisterTypeMatrixCodegenFixture.h","SSE4.2/128; AVX2/128; AVX2/256","public abstraction parity","tests/codegen/RegisterTypeMatrixCodegenRaw.cpp matching public Api operation","common-type-matrix","RegisterCodegen.128Sse42; RegisterCodegen.128Avx2; RegisterCodegen.256Avx2","retain","The canonical isolated scalar-result equal cell for u8 protects that public Register specialization."
"simdlib_type_matrix_extract_first_f32","tests/codegen/RegisterTypeMatrixCodegenFixture.h","SSE4.2/128; AVX2/128; AVX2/256","public abstraction parity","tests/codegen/RegisterTypeMatrixCodegenRaw.cpp matching public Api operation","common-type-matrix","RegisterCodegen.128Sse42; RegisterCodegen.128Avx2; RegisterCodegen.256Avx2","retain","The canonical isolated scalar-result extract_first cell for f32 protects that public Register specialization."
"simdlib_type_matrix_extract_first_f64","tests/codegen/RegisterTypeMatrixCodegenFixture.h","SSE4.2/128; AVX2/128; AVX2/256","public abstraction parity","tests/codegen/RegisterTypeMatrixCodegenRaw.cpp matching public Api operation","common-type-matrix","RegisterCodegen.128Sse42; RegisterCodegen.128Avx2; RegisterCodegen.256Avx2","retain","The canonical isolated scalar-result extract_first cell for f64 protects that public Register specialization."
"simdlib_type_matrix_extract_first_i16","tests/codegen/RegisterTypeMatrixCodegenFixture.h","SSE4.2/128; AVX2/128; AVX2/256","public abstraction parity","tests/codegen/RegisterTypeMatrixCodegenRaw.cpp matching public Api operation","common-type-matrix","RegisterCodegen.128Sse42; RegisterCodegen.128Avx2; RegisterCodegen.256Avx2","retain","The canonical isolated scalar-result extract_first cell for i16 protects that public Register specialization."
"simdlib_type_matrix_extract_first_i32","tests/codegen/RegisterTypeMatrixCodegenFixture.h","SSE4.2/128; AVX2/128; AVX2/256","public abstraction parity","tests/codegen/RegisterTypeMatrixCodegenRaw.cpp matching public Api operation","common-type-matrix","RegisterCodegen.128Sse42; RegisterCodegen.128Avx2; RegisterCodegen.256Avx2","retain","The canonical isolated scalar-result extract_first cell for i32 protects that public Register specialization."
"simdlib_type_matrix_extract_first_i64","tests/codegen/RegisterTypeMatrixCodegenFixture.h","SSE4.2/128; AVX2/128; AVX2/256","public abstraction parity","tests/codegen/RegisterTypeMatrixCodegenRaw.cpp matching public Api operation","common-type-matrix","RegisterCodegen.128Sse42; RegisterCodegen.128Avx2; RegisterCodegen.256Avx2","retain","The canonical isolated scalar-result extract_first cell for i64 protects that public Register specialization."
"simdlib_type_matrix_extract_first_i8","tests/codegen/RegisterTypeMatrixCodegenFixture.h","SSE4.2/128; AVX2/128; AVX2/256","public abstraction parity","tests/codegen/RegisterTypeMatrixCodegenRaw.cpp matching public Api operation","common-type-matrix","RegisterCodegen.128Sse42; RegisterCodegen.128Avx2; RegisterCodegen.256Avx2","retain","The canonical isolated scalar-result extract_first cell for i8 protects that public Register specialization."
"simdlib_type_matrix_extract_first_u16","tests/codegen/RegisterTypeMatrixCodegenFixture.h","SSE4.2/128; AVX2/128; AVX2/256","public abstraction parity","tests/codegen/RegisterTypeMatrixCodegenRaw.cpp matching public Api operation","common-type-matrix","RegisterCodegen.128Sse42; RegisterCodegen.128Avx2; RegisterCodegen.256Avx2","retain","The canonical isolated scalar-result extract_first cell for u16 protects that public Register specialization."
"simdlib_type_matrix_extract_first_u32","tests/codegen/RegisterTypeMatrixCodegenFixture.h","SSE4.2/128; AVX2/128; AVX2/256","public abstraction parity","tests/codegen/RegisterTypeMatrixCodegenRaw.cpp matching public Api operation","common-type-matrix","RegisterCodegen.128Sse42; RegisterCodegen.128Avx2; RegisterCodegen.256Avx2","retain","The canonical isolated scalar-result extract_first cell for u32 protects that public Register specialization."
"simdlib_type_matrix_extract_first_u64","tests/codegen/RegisterTypeMatrixCodegenFixture.h","SSE4.2/128; AVX2/128; AVX2/256","public abstraction parity","tests/codegen/RegisterTypeMatrixCodegenRaw.cpp matching public Api operation","common-type-matrix","RegisterCodegen.128Sse42; RegisterCodegen.128Avx2; RegisterCodegen.256Avx2","retain","The canonical isolated scalar-result extract_first cell for u64 protects that public Register specialization."
"simdlib_type_matrix_extract_first_u8","tests/codegen/RegisterTypeMatrixCodegenFixture.h","SSE4.2/128; AVX2/128; AVX2/256","public abstraction parity","tests/codegen/RegisterTypeMatrixCodegenRaw.cpp matching public Api operation","common-type-matrix","RegisterCodegen.128Sse42; RegisterCodegen.128Avx2; RegisterCodegen.256Avx2","retain","The canonical isolated scalar-result extract_first cell for u8 protects that public Register specialization."
"simdlib_type_matrix_insert_last_f32","tests/codegen/RegisterTypeMatrixCodegenFixture.h","SSE4.2/128; AVX2/128; AVX2/256","public abstraction parity","tests/codegen/RegisterTypeMatrixCodegenRaw.cpp matching public Api operation","common-type-matrix","RegisterCodegen.128Sse42; RegisterCodegen.128Avx2; RegisterCodegen.256Avx2","retain","The canonical isolated insert_last cell for f32 protects that public Register specialization."
"simdlib_type_matrix_insert_last_f64","tests/codegen/RegisterTypeMatrixCodegenFixture.h","SSE4.2/128; AVX2/128; AVX2/256","public abstraction parity","tests/codegen/RegisterTypeMatrixCodegenRaw.cpp matching public Api operation","common-type-matrix","RegisterCodegen.128Sse42; RegisterCodegen.128Avx2; RegisterCodegen.256Avx2","retain","The canonical isolated insert_last cell for f64 protects that public Register specialization."
"simdlib_type_matrix_insert_last_i16","tests/codegen/RegisterTypeMatrixCodegenFixture.h","SSE4.2/128; AVX2/128; AVX2/256","public abstraction parity","tests/codegen/RegisterTypeMatrixCodegenRaw.cpp matching public Api operation","common-type-matrix","RegisterCodegen.128Sse42; RegisterCodegen.128Avx2; RegisterCodegen.256Avx2","retain","The canonical isolated insert_last cell for i16 protects that public Register specialization."
"simdlib_type_matrix_insert_last_i32","tests/codegen/RegisterTypeMatrixCodegenFixture.h","SSE4.2/128; AVX2/128; AVX2/256","public abstraction parity","tests/codegen/RegisterTypeMatrixCodegenRaw.cpp matching public Api operation","common-type-matrix","RegisterCodegen.128Sse42; RegisterCodegen.128Avx2; RegisterCodegen.256Avx2","retain","The canonical isolated insert_last cell for i32 protects that public Register specialization."
"simdlib_type_matrix_insert_last_i64","tests/codegen/RegisterTypeMatrixCodegenFixture.h","SSE4.2/128; AVX2/128; AVX2/256","public abstraction parity","tests/codegen/RegisterTypeMatrixCodegenRaw.cpp matching public Api operation","common-type-matrix","RegisterCodegen.128Sse42; RegisterCodegen.128Avx2; RegisterCodegen.256Avx2","retain","The canonical isolated insert_last cell for i64 protects that public Register specialization."
"simdlib_type_matrix_insert_last_i8","tests/codegen/RegisterTypeMatrixCodegenFixture.h","SSE4.2/128; AVX2/128; AVX2/256","public abstraction parity","tests/codegen/RegisterTypeMatrixCodegenRaw.cpp matching public Api operation","common-type-matrix","RegisterCodegen.128Sse42; RegisterCodegen.128Avx2; RegisterCodegen.256Avx2","retain","The canonical isolated insert_last cell for i8 protects that public Register specialization."
"simdlib_type_matrix_insert_last_u16","tests/codegen/RegisterTypeMatrixCodegenFixture.h","SSE4.2/128; AVX2/128; AVX2/256","public abstraction parity","tests/codegen/RegisterTypeMatrixCodegenRaw.cpp matching public Api operation","common-type-matrix","RegisterCodegen.128Sse42; RegisterCodegen.128Avx2; RegisterCodegen.256Avx2","retain","The canonical isolated insert_last cell for u16 protects that public Register specialization."
"simdlib_type_matrix_insert_last_u32","tests/codegen/RegisterTypeMatrixCodegenFixture.h","SSE4.2/128; AVX2/128; AVX2/256","public abstraction parity","tests/codegen/RegisterTypeMatrixCodegenRaw.cpp matching public Api operation","common-type-matrix","RegisterCodegen.128Sse42; RegisterCodegen.128Avx2; RegisterCodegen.256Avx2","retain","The canonical isolated insert_last cell for u32 protects that public Register specialization."
"simdlib_type_matrix_insert_last_u64","tests/codegen/RegisterTypeMatrixCodegenFixture.h","SSE4.2/128; AVX2/128; AVX2/256","public abstraction parity","tests/codegen/RegisterTypeMatrixCodegenRaw.cpp matching public Api operation","common-type-matrix","RegisterCodegen.128Sse42; RegisterCodegen.128Avx2; RegisterCodegen.256Avx2","retain","The canonical isolated insert_last cell for u64 protects that public Register specialization."
"simdlib_type_matrix_insert_last_u8","tests/codegen/RegisterTypeMatrixCodegenFixture.h","SSE4.2/128; AVX2/128; AVX2/256","public abstraction parity","tests/codegen/RegisterTypeMatrixCodegenRaw.cpp matching public Api operation","common-type-matrix","RegisterCodegen.128Sse42; RegisterCodegen.128Avx2; RegisterCodegen.256Avx2","retain","The canonical isolated insert_last cell for u8 protects that public Register specialization."
"simdlib_type_matrix_lane_sign_bits_f32","tests/codegen/RegisterTypeMatrixCodegenFixture.h","SSE4.2/128; AVX2/128; AVX2/256","public abstraction parity","tests/codegen/RegisterTypeMatrixCodegenRaw.cpp matching public Api operation","common-type-matrix","RegisterCodegen.128Sse42; RegisterCodegen.128Avx2; RegisterCodegen.256Avx2","retain","The canonical isolated scalar-result lane_sign_bits cell for f32 protects that public Register specialization."
"simdlib_type_matrix_lane_sign_bits_f64","tests/codegen/RegisterTypeMatrixCodegenFixture.h","SSE4.2/128; AVX2/128; AVX2/256","public abstraction parity","tests/codegen/RegisterTypeMatrixCodegenRaw.cpp matching public Api operation","common-type-matrix","RegisterCodegen.128Sse42; RegisterCodegen.128Avx2; RegisterCodegen.256Avx2","retain","The canonical isolated scalar-result lane_sign_bits cell for f64 protects that public Register specialization."
"simdlib_type_matrix_lane_sign_bits_i16","tests/codegen/RegisterTypeMatrixCodegenFixture.h","SSE4.2/128; AVX2/128; AVX2/256","public abstraction parity","tests/codegen/RegisterTypeMatrixCodegenRaw.cpp matching public Api operation","common-type-matrix","RegisterCodegen.128Sse42; RegisterCodegen.128Avx2; RegisterCodegen.256Avx2","retain","The canonical isolated scalar-result lane_sign_bits cell for i16 protects that public Register specialization."
"simdlib_type_matrix_lane_sign_bits_i32","tests/codegen/RegisterTypeMatrixCodegenFixture.h","SSE4.2/128; AVX2/128; AVX2/256","public abstraction parity","tests/codegen/RegisterTypeMatrixCodegenRaw.cpp matching public Api operation","common-type-matrix","RegisterCodegen.128Sse42; RegisterCodegen.128Avx2; RegisterCodegen.256Avx2","retain","The canonical isolated scalar-result lane_sign_bits cell for i32 protects that public Register specialization."
"simdlib_type_matrix_lane_sign_bits_i64","tests/codegen/RegisterTypeMatrixCodegenFixture.h","SSE4.2/128; AVX2/128; AVX2/256","public abstraction parity","tests/codegen/RegisterTypeMatrixCodegenRaw.cpp matching public Api operation","common-type-matrix","RegisterCodegen.128Sse42; RegisterCodegen.128Avx2; RegisterCodegen.256Avx2","retain","The canonical isolated scalar-result lane_sign_bits cell for i64 protects that public Register specialization."
"simdlib_type_matrix_lane_sign_bits_i8","tests/codegen/RegisterTypeMatrixCodegenFixture.h","SSE4.2/128; AVX2/128; AVX2/256","public abstraction parity","tests/codegen/RegisterTypeMatrixCodegenRaw.cpp matching public Api operation","common-type-matrix","RegisterCodegen.128Sse42; RegisterCodegen.128Avx2; RegisterCodegen.256Avx2","retain","The canonical isolated scalar-result lane_sign_bits cell for i8 protects that public Register specialization."
"simdlib_type_matrix_lane_sign_bits_u16","tests/codegen/RegisterTypeMatrixCodegenFixture.h","SSE4.2/128; AVX2/128; AVX2/256","public abstraction parity","tests/codegen/RegisterTypeMatrixCodegenRaw.cpp matching public Api operation","common-type-matrix","RegisterCodegen.128Sse42; RegisterCodegen.128Avx2; RegisterCodegen.256Avx2","retain","The canonical isolated scalar-result lane_sign_bits cell for u16 protects that public Register specialization."
"simdlib_type_matrix_lane_sign_bits_u32","tests/codegen/RegisterTypeMatrixCodegenFixture.h","SSE4.2/128; AVX2/128; AVX2/256","public abstraction parity","tests/codegen/RegisterTypeMatrixCodegenRaw.cpp matching public Api operation","common-type-matrix","RegisterCodegen.128Sse42; RegisterCodegen.128Avx2; RegisterCodegen.256Avx2","retain","The canonical isolated scalar-result lane_sign_bits cell for u32 protects that public Register specialization."
"simdlib_type_matrix_lane_sign_bits_u64","tests/codegen/RegisterTypeMatrixCodegenFixture.h","SSE4.2/128; AVX2/128; AVX2/256","public abstraction parity","tests/codegen/RegisterTypeMatrixCodegenRaw.cpp matching public Api operation","common-type-matrix","RegisterCodegen.128Sse42; RegisterCodegen.128Avx2; RegisterCodegen.256Avx2","retain","The canonical isolated scalar-result lane_sign_bits cell for u64 protects that public Register specialization."
"simdlib_type_matrix_lane_sign_bits_u8","tests/codegen/RegisterTypeMatrixCodegenFixture.h","SSE4.2/128; AVX2/128; AVX2/256","public abstraction parity","tests/codegen/RegisterTypeMatrixCodegenRaw.cpp matching public Api operation","common-type-matrix","RegisterCodegen.128Sse42; RegisterCodegen.128Avx2; RegisterCodegen.256Avx2","retain","The canonical isolated scalar-result lane_sign_bits cell for u8 protects that public Register specialization."
"simdlib_type_matrix_load_aligned_f32","tests/codegen/RegisterTypeMatrixCodegenFixture.h","SSE4.2/128; AVX2/128; AVX2/256","public abstraction parity","tests/codegen/RegisterTypeMatrixCodegenRaw.cpp matching public Api operation","common-type-matrix","RegisterCodegen.128Sse42; RegisterCodegen.128Avx2; RegisterCodegen.256Avx2","retain","The canonical isolated load_aligned transfer cell for f32 protects that public Register specialization."
"simdlib_type_matrix_load_aligned_f64","tests/codegen/RegisterTypeMatrixCodegenFixture.h","SSE4.2/128; AVX2/128; AVX2/256","public abstraction parity","tests/codegen/RegisterTypeMatrixCodegenRaw.cpp matching public Api operation","common-type-matrix","RegisterCodegen.128Sse42; RegisterCodegen.128Avx2; RegisterCodegen.256Avx2","retain","The canonical isolated load_aligned transfer cell for f64 protects that public Register specialization."
"simdlib_type_matrix_load_aligned_i16","tests/codegen/RegisterTypeMatrixCodegenFixture.h","SSE4.2/128; AVX2/128; AVX2/256","public abstraction parity","tests/codegen/RegisterTypeMatrixCodegenRaw.cpp matching public Api operation","common-type-matrix","RegisterCodegen.128Sse42; RegisterCodegen.128Avx2; RegisterCodegen.256Avx2","retain","The canonical isolated load_aligned transfer cell for i16 protects that public Register specialization."
"simdlib_type_matrix_load_aligned_i32","tests/codegen/RegisterTypeMatrixCodegenFixture.h","SSE4.2/128; AVX2/128; AVX2/256","public abstraction parity","tests/codegen/RegisterTypeMatrixCodegenRaw.cpp matching public Api operation","common-type-matrix","RegisterCodegen.128Sse42; RegisterCodegen.128Avx2; RegisterCodegen.256Avx2","retain","The canonical isolated load_aligned transfer cell for i32 protects that public Register specialization."
"simdlib_type_matrix_load_aligned_i64","tests/codegen/RegisterTypeMatrixCodegenFixture.h","SSE4.2/128; AVX2/128; AVX2/256","public abstraction parity","tests/codegen/RegisterTypeMatrixCodegenRaw.cpp matching public Api operation","common-type-matrix","RegisterCodegen.128Sse42; RegisterCodegen.128Avx2; RegisterCodegen.256Avx2","retain","The canonical isolated load_aligned transfer cell for i64 protects that public Register specialization."
"simdlib_type_matrix_load_aligned_i8","tests/codegen/RegisterTypeMatrixCodegenFixture.h","SSE4.2/128; AVX2/128; AVX2/256","public abstraction parity","tests/codegen/RegisterTypeMatrixCodegenRaw.cpp matching public Api operation","common-type-matrix","RegisterCodegen.128Sse42; RegisterCodegen.128Avx2; RegisterCodegen.256Avx2","retain","The canonical isolated load_aligned transfer cell for i8 protects that public Register specialization."
"simdlib_type_matrix_load_aligned_u16","tests/codegen/RegisterTypeMatrixCodegenFixture.h","SSE4.2/128; AVX2/128; AVX2/256","public abstraction parity","tests/codegen/RegisterTypeMatrixCodegenRaw.cpp matching public Api operation","common-type-matrix","RegisterCodegen.128Sse42; RegisterCodegen.128Avx2; RegisterCodegen.256Avx2","retain","The canonical isolated load_aligned transfer cell for u16 protects that public Register specialization."
"simdlib_type_matrix_load_aligned_u32","tests/codegen/RegisterTypeMatrixCodegenFixture.h","SSE4.2/128; AVX2/128; AVX2/256","public abstraction parity","tests/codegen/RegisterTypeMatrixCodegenRaw.cpp matching public Api operation","common-type-matrix","RegisterCodegen.128Sse42; RegisterCodegen.128Avx2; RegisterCodegen.256Avx2","retain","The canonical isolated load_aligned transfer cell for u32 protects that public Register specialization."
"simdlib_type_matrix_load_aligned_u64","tests/codegen/RegisterTypeMatrixCodegenFixture.h","SSE4.2/128; AVX2/128; AVX2/256","public abstraction parity","tests/codegen/RegisterTypeMatrixCodegenRaw.cpp matching public Api operation","common-type-matrix","RegisterCodegen.128Sse42; RegisterCodegen.128Avx2; RegisterCodegen.256Avx2","retain","The canonical isolated load_aligned transfer cell for u64 protects that public Register specialization."
"simdlib_type_matrix_load_aligned_u8","tests/codegen/RegisterTypeMatrixCodegenFixture.h","SSE4.2/128; AVX2/128; AVX2/256","public abstraction parity","tests/codegen/RegisterTypeMatrixCodegenRaw.cpp matching public Api operation","common-type-matrix","RegisterCodegen.128Sse42; RegisterCodegen.128Avx2; RegisterCodegen.256Avx2","retain","The canonical isolated load_aligned transfer cell for u8 protects that public Register specialization."
"simdlib_type_matrix_load_bytes_f32","tests/codegen/RegisterTypeMatrixCodegenFixture.h","SSE4.2/128; AVX2/128; AVX2/256","public abstraction parity","tests/codegen/RegisterTypeMatrixCodegenRaw.cpp matching public Api operation","common-type-matrix","RegisterCodegen.128Sse42; RegisterCodegen.128Avx2; RegisterCodegen.256Avx2","retain","The canonical isolated load_bytes transfer cell for f32 protects that public Register specialization."
"simdlib_type_matrix_load_bytes_f64","tests/codegen/RegisterTypeMatrixCodegenFixture.h","SSE4.2/128; AVX2/128; AVX2/256","public abstraction parity","tests/codegen/RegisterTypeMatrixCodegenRaw.cpp matching public Api operation","common-type-matrix","RegisterCodegen.128Sse42; RegisterCodegen.128Avx2; RegisterCodegen.256Avx2","retain","The canonical isolated load_bytes transfer cell for f64 protects that public Register specialization."
"simdlib_type_matrix_load_bytes_i16","tests/codegen/RegisterTypeMatrixCodegenFixture.h","SSE4.2/128; AVX2/128; AVX2/256","public abstraction parity","tests/codegen/RegisterTypeMatrixCodegenRaw.cpp matching public Api operation","common-type-matrix","RegisterCodegen.128Sse42; RegisterCodegen.128Avx2; RegisterCodegen.256Avx2","retain","The canonical isolated load_bytes transfer cell for i16 protects that public Register specialization."
"simdlib_type_matrix_load_bytes_i32","tests/codegen/RegisterTypeMatrixCodegenFixture.h","SSE4.2/128; AVX2/128; AVX2/256","public abstraction parity","tests/codegen/RegisterTypeMatrixCodegenRaw.cpp matching public Api operation","common-type-matrix","RegisterCodegen.128Sse42; RegisterCodegen.128Avx2; RegisterCodegen.256Avx2","retain","The canonical isolated load_bytes transfer cell for i32 protects that public Register specialization."
"simdlib_type_matrix_load_bytes_i64","tests/codegen/RegisterTypeMatrixCodegenFixture.h","SSE4.2/128; AVX2/128; AVX2/256","public abstraction parity","tests/codegen/RegisterTypeMatrixCodegenRaw.cpp matching public Api operation","common-type-matrix","RegisterCodegen.128Sse42; RegisterCodegen.128Avx2; RegisterCodegen.256Avx2","retain","The canonical isolated load_bytes transfer cell for i64 protects that public Register specialization."
"simdlib_type_matrix_load_bytes_i8","tests/codegen/RegisterTypeMatrixCodegenFixture.h","SSE4.2/128; AVX2/128; AVX2/256","public abstraction parity","tests/codegen/RegisterTypeMatrixCodegenRaw.cpp matching public Api operation","common-type-matrix","RegisterCodegen.128Sse42; RegisterCodegen.128Avx2; RegisterCodegen.256Avx2","retain","The canonical isolated load_bytes transfer cell for i8 protects that public Register specialization."
"simdlib_type_matrix_load_bytes_u16","tests/codegen/RegisterTypeMatrixCodegenFixture.h","SSE4.2/128; AVX2/128; AVX2/256","public abstraction parity","tests/codegen/RegisterTypeMatrixCodegenRaw.cpp matching public Api operation","common-type-matrix","RegisterCodegen.128Sse42; RegisterCodegen.128Avx2; RegisterCodegen.256Avx2","retain","The canonical isolated load_bytes transfer cell for u16 protects that public Register specialization."
"simdlib_type_matrix_load_bytes_u32","tests/codegen/RegisterTypeMatrixCodegenFixture.h","SSE4.2/128; AVX2/128; AVX2/256","public abstraction parity","tests/codegen/RegisterTypeMatrixCodegenRaw.cpp matching public Api operation","common-type-matrix","RegisterCodegen.128Sse42; RegisterCodegen.128Avx2; RegisterCodegen.256Avx2","retain","The canonical isolated load_bytes transfer cell for u32 protects that public Register specialization."
"simdlib_type_matrix_load_bytes_u64","tests/codegen/RegisterTypeMatrixCodegenFixture.h","SSE4.2/128; AVX2/128; AVX2/256","public abstraction parity","tests/codegen/RegisterTypeMatrixCodegenRaw.cpp matching public Api operation","common-type-matrix","RegisterCodegen.128Sse42; RegisterCodegen.128Avx2; RegisterCodegen.256Avx2","retain","The canonical isolated load_bytes transfer cell for u64 protects that public Register specialization."
"simdlib_type_matrix_load_bytes_u8","tests/codegen/RegisterTypeMatrixCodegenFixture.h","SSE4.2/128; AVX2/128; AVX2/256","public abstraction parity","tests/codegen/RegisterTypeMatrixCodegenRaw.cpp matching public Api operation","common-type-matrix","RegisterCodegen.128Sse42; RegisterCodegen.128Avx2; RegisterCodegen.256Avx2","retain","The canonical isolated load_bytes transfer cell for u8 protects that public Register specialization."
"simdlib_type_matrix_load_f32","tests/codegen/RegisterTypeMatrixCodegenFixture.h","SSE4.2/128; AVX2/128; AVX2/256","public abstraction parity","tests/codegen/RegisterTypeMatrixCodegenRaw.cpp matching public Api operation","common-type-matrix","RegisterCodegen.128Sse42; RegisterCodegen.128Avx2; RegisterCodegen.256Avx2","retain","The canonical isolated load transfer cell for f32 protects that public Register specialization."
"simdlib_type_matrix_load_f64","tests/codegen/RegisterTypeMatrixCodegenFixture.h","SSE4.2/128; AVX2/128; AVX2/256","public abstraction parity","tests/codegen/RegisterTypeMatrixCodegenRaw.cpp matching public Api operation","common-type-matrix","RegisterCodegen.128Sse42; RegisterCodegen.128Avx2; RegisterCodegen.256Avx2","retain","The canonical isolated load transfer cell for f64 protects that public Register specialization."
"simdlib_type_matrix_load_i16","tests/codegen/RegisterTypeMatrixCodegenFixture.h","SSE4.2/128; AVX2/128; AVX2/256","public abstraction parity","tests/codegen/RegisterTypeMatrixCodegenRaw.cpp matching public Api operation","common-type-matrix","RegisterCodegen.128Sse42; RegisterCodegen.128Avx2; RegisterCodegen.256Avx2","retain","The canonical isolated load transfer cell for i16 protects that public Register specialization."
"simdlib_type_matrix_load_i32","tests/codegen/RegisterTypeMatrixCodegenFixture.h","SSE4.2/128; AVX2/128; AVX2/256","public abstraction parity","tests/codegen/RegisterTypeMatrixCodegenRaw.cpp matching public Api operation","common-type-matrix","RegisterCodegen.128Sse42; RegisterCodegen.128Avx2; RegisterCodegen.256Avx2","retain","The canonical isolated load transfer cell for i32 protects that public Register specialization."
"simdlib_type_matrix_load_i64","tests/codegen/RegisterTypeMatrixCodegenFixture.h","SSE4.2/128; AVX2/128; AVX2/256","public abstraction parity","tests/codegen/RegisterTypeMatrixCodegenRaw.cpp matching public Api operation","common-type-matrix","RegisterCodegen.128Sse42; RegisterCodegen.128Avx2; RegisterCodegen.256Avx2","retain","The canonical isolated load transfer cell for i64 protects that public Register specialization."
"simdlib_type_matrix_load_i8","tests/codegen/RegisterTypeMatrixCodegenFixture.h","SSE4.2/128; AVX2/128; AVX2/256","public abstraction parity","tests/codegen/RegisterTypeMatrixCodegenRaw.cpp matching public Api operation","common-type-matrix","RegisterCodegen.128Sse42; RegisterCodegen.128Avx2; RegisterCodegen.256Avx2","retain","The canonical isolated load transfer cell for i8 protects that public Register specialization."
"simdlib_type_matrix_load_u16","tests/codegen/RegisterTypeMatrixCodegenFixture.h","SSE4.2/128; AVX2/128; AVX2/256","public abstraction parity","tests/codegen/RegisterTypeMatrixCodegenRaw.cpp matching public Api operation","common-type-matrix","RegisterCodegen.128Sse42; RegisterCodegen.128Avx2; RegisterCodegen.256Avx2","retain","The canonical isolated load transfer cell for u16 protects that public Register specialization."
"simdlib_type_matrix_load_u32","tests/codegen/RegisterTypeMatrixCodegenFixture.h","SSE4.2/128; AVX2/128; AVX2/256","public abstraction parity","tests/codegen/RegisterTypeMatrixCodegenRaw.cpp matching public Api operation","common-type-matrix","RegisterCodegen.128Sse42; RegisterCodegen.128Avx2; RegisterCodegen.256Avx2","retain","The canonical isolated load transfer cell for u32 protects that public Register specialization."
"simdlib_type_matrix_load_u64","tests/codegen/RegisterTypeMatrixCodegenFixture.h","SSE4.2/128; AVX2/128; AVX2/256","public abstraction parity","tests/codegen/RegisterTypeMatrixCodegenRaw.cpp matching public Api operation","common-type-matrix","RegisterCodegen.128Sse42; RegisterCodegen.128Avx2; RegisterCodegen.256Avx2","retain","The canonical isolated load transfer cell for u64 protects that public Register specialization."
"simdlib_type_matrix_load_u8","tests/codegen/RegisterTypeMatrixCodegenFixture.h","SSE4.2/128; AVX2/128; AVX2/256","public abstraction parity","tests/codegen/RegisterTypeMatrixCodegenRaw.cpp matching public Api operation","common-type-matrix","RegisterCodegen.128Sse42; RegisterCodegen.128Avx2; RegisterCodegen.256Avx2","retain","The canonical isolated load transfer cell for u8 protects that public Register specialization."
"simdlib_type_matrix_logical_shift_right_i16","tests/codegen/RegisterTypeMatrixCodegenFixture.h","SSE4.2/128; AVX2/128; AVX2/256","public abstraction parity","tests/codegen/RegisterTypeMatrixCodegenRaw.cpp matching public Api operation","common-type-matrix","RegisterCodegen.128Sse42; RegisterCodegen.128Avx2; RegisterCodegen.256Avx2","retain","The canonical isolated runtime-count logical_shift_right cell for i16 protects that public Register specialization."
"simdlib_type_matrix_logical_shift_right_i32","tests/codegen/RegisterTypeMatrixCodegenFixture.h","SSE4.2/128; AVX2/128; AVX2/256","public abstraction parity","tests/codegen/RegisterTypeMatrixCodegenRaw.cpp matching public Api operation","common-type-matrix","RegisterCodegen.128Sse42; RegisterCodegen.128Avx2; RegisterCodegen.256Avx2","retain","The canonical isolated runtime-count logical_shift_right cell for i32 protects that public Register specialization."
"simdlib_type_matrix_logical_shift_right_i64","tests/codegen/RegisterTypeMatrixCodegenFixture.h","SSE4.2/128; AVX2/128; AVX2/256","public abstraction parity","tests/codegen/RegisterTypeMatrixCodegenRaw.cpp matching public Api operation","common-type-matrix","RegisterCodegen.128Sse42; RegisterCodegen.128Avx2; RegisterCodegen.256Avx2","retain","The canonical isolated runtime-count logical_shift_right cell for i64 protects that public Register specialization."
"simdlib_type_matrix_logical_shift_right_i8","tests/codegen/RegisterTypeMatrixCodegenFixture.h","SSE4.2/128; AVX2/128; AVX2/256","public abstraction parity","tests/codegen/RegisterTypeMatrixCodegenRaw.cpp matching public Api operation","common-type-matrix","RegisterCodegen.128Sse42; RegisterCodegen.128Avx2; RegisterCodegen.256Avx2","retain","The canonical isolated runtime-count logical_shift_right cell for i8 protects that public Register specialization."
"simdlib_type_matrix_logical_shift_right_u16","tests/codegen/RegisterTypeMatrixCodegenFixture.h","SSE4.2/128; AVX2/128; AVX2/256","public abstraction parity","tests/codegen/RegisterTypeMatrixCodegenRaw.cpp matching public Api operation","common-type-matrix","RegisterCodegen.128Sse42; RegisterCodegen.128Avx2; RegisterCodegen.256Avx2","retain","The canonical isolated runtime-count logical_shift_right cell for u16 protects that public Register specialization."
"simdlib_type_matrix_logical_shift_right_u32","tests/codegen/RegisterTypeMatrixCodegenFixture.h","SSE4.2/128; AVX2/128; AVX2/256","public abstraction parity","tests/codegen/RegisterTypeMatrixCodegenRaw.cpp matching public Api operation","common-type-matrix","RegisterCodegen.128Sse42; RegisterCodegen.128Avx2; RegisterCodegen.256Avx2","retain","The canonical isolated runtime-count logical_shift_right cell for u32 protects that public Register specialization."
"simdlib_type_matrix_logical_shift_right_u64","tests/codegen/RegisterTypeMatrixCodegenFixture.h","SSE4.2/128; AVX2/128; AVX2/256","public abstraction parity","tests/codegen/RegisterTypeMatrixCodegenRaw.cpp matching public Api operation","common-type-matrix","RegisterCodegen.128Sse42; RegisterCodegen.128Avx2; RegisterCodegen.256Avx2","retain","The canonical isolated runtime-count logical_shift_right cell for u64 protects that public Register specialization."
"simdlib_type_matrix_logical_shift_right_u8","tests/codegen/RegisterTypeMatrixCodegenFixture.h","SSE4.2/128; AVX2/128; AVX2/256","public abstraction parity","tests/codegen/RegisterTypeMatrixCodegenRaw.cpp matching public Api operation","common-type-matrix","RegisterCodegen.128Sse42; RegisterCodegen.128Avx2; RegisterCodegen.256Avx2","retain","The canonical isolated runtime-count logical_shift_right cell for u8 protects that public Register specialization."
"simdlib_type_matrix_mask_all_f32","tests/codegen/RegisterTypeMatrixCodegenFixture.h","SSE4.2/128; AVX2/128; AVX2/256","public abstraction parity","tests/codegen/RegisterTypeMatrixCodegenRaw.cpp matching public Api operation","common-type-matrix","RegisterCodegen.128Sse42; RegisterCodegen.128Avx2; RegisterCodegen.256Avx2","retain","The canonical isolated scalar-result mask_all cell for f32 protects that public Register specialization."
"simdlib_type_matrix_mask_all_f64","tests/codegen/RegisterTypeMatrixCodegenFixture.h","SSE4.2/128; AVX2/128; AVX2/256","public abstraction parity","tests/codegen/RegisterTypeMatrixCodegenRaw.cpp matching public Api operation","common-type-matrix","RegisterCodegen.128Sse42; RegisterCodegen.128Avx2; RegisterCodegen.256Avx2","retain","The canonical isolated scalar-result mask_all cell for f64 protects that public Register specialization."
"simdlib_type_matrix_mask_all_i16","tests/codegen/RegisterTypeMatrixCodegenFixture.h","SSE4.2/128; AVX2/128; AVX2/256","public abstraction parity","tests/codegen/RegisterTypeMatrixCodegenRaw.cpp matching public Api operation","common-type-matrix","RegisterCodegen.128Sse42; RegisterCodegen.128Avx2; RegisterCodegen.256Avx2","retain","The canonical isolated scalar-result mask_all cell for i16 protects that public Register specialization."
"simdlib_type_matrix_mask_all_i32","tests/codegen/RegisterTypeMatrixCodegenFixture.h","SSE4.2/128; AVX2/128; AVX2/256","public abstraction parity","tests/codegen/RegisterTypeMatrixCodegenRaw.cpp matching public Api operation","common-type-matrix","RegisterCodegen.128Sse42; RegisterCodegen.128Avx2; RegisterCodegen.256Avx2","retain","The canonical isolated scalar-result mask_all cell for i32 protects that public Register specialization."
"simdlib_type_matrix_mask_all_i64","tests/codegen/RegisterTypeMatrixCodegenFixture.h","SSE4.2/128; AVX2/128; AVX2/256","public abstraction parity","tests/codegen/RegisterTypeMatrixCodegenRaw.cpp matching public Api operation","common-type-matrix","RegisterCodegen.128Sse42; RegisterCodegen.128Avx2; RegisterCodegen.256Avx2","retain","The canonical isolated scalar-result mask_all cell for i64 protects that public Register specialization."
"simdlib_type_matrix_mask_all_i8","tests/codegen/RegisterTypeMatrixCodegenFixture.h","SSE4.2/128; AVX2/128; AVX2/256","public abstraction parity","tests/codegen/RegisterTypeMatrixCodegenRaw.cpp matching public Api operation","common-type-matrix","RegisterCodegen.128Sse42; RegisterCodegen.128Avx2; RegisterCodegen.256Avx2","retain","The canonical isolated scalar-result mask_all cell for i8 protects that public Register specialization."
"simdlib_type_matrix_mask_all_u16","tests/codegen/RegisterTypeMatrixCodegenFixture.h","SSE4.2/128; AVX2/128; AVX2/256","public abstraction parity","tests/codegen/RegisterTypeMatrixCodegenRaw.cpp matching public Api operation","common-type-matrix","RegisterCodegen.128Sse42; RegisterCodegen.128Avx2; RegisterCodegen.256Avx2","retain","The canonical isolated scalar-result mask_all cell for u16 protects that public Register specialization."
"simdlib_type_matrix_mask_all_u32","tests/codegen/RegisterTypeMatrixCodegenFixture.h","SSE4.2/128; AVX2/128; AVX2/256","public abstraction parity","tests/codegen/RegisterTypeMatrixCodegenRaw.cpp matching public Api operation","common-type-matrix","RegisterCodegen.128Sse42; RegisterCodegen.128Avx2; RegisterCodegen.256Avx2","retain","The canonical isolated scalar-result mask_all cell for u32 protects that public Register specialization."
"simdlib_type_matrix_mask_all_u64","tests/codegen/RegisterTypeMatrixCodegenFixture.h","SSE4.2/128; AVX2/128; AVX2/256","public abstraction parity","tests/codegen/RegisterTypeMatrixCodegenRaw.cpp matching public Api operation","common-type-matrix","RegisterCodegen.128Sse42; RegisterCodegen.128Avx2; RegisterCodegen.256Avx2","retain","The canonical isolated scalar-result mask_all cell for u64 protects that public Register specialization."
"simdlib_type_matrix_mask_all_u8","tests/codegen/RegisterTypeMatrixCodegenFixture.h","SSE4.2/128; AVX2/128; AVX2/256","public abstraction parity","tests/codegen/RegisterTypeMatrixCodegenRaw.cpp matching public Api operation","common-type-matrix","RegisterCodegen.128Sse42; RegisterCodegen.128Avx2; RegisterCodegen.256Avx2","retain","The canonical isolated scalar-result mask_all cell for u8 protects that public Register specialization."
"simdlib_type_matrix_mask_and_f32","tests/codegen/RegisterTypeMatrixCodegenFixture.h","SSE4.2/128; AVX2/128; AVX2/256","public abstraction parity","tests/codegen/RegisterTypeMatrixCodegenRaw.cpp matching public Api operation","common-type-matrix","RegisterCodegen.128Sse42; RegisterCodegen.128Avx2; RegisterCodegen.256Avx2","retain","The canonical isolated mask_and cell for f32 protects that public Register specialization."
"simdlib_type_matrix_mask_and_f64","tests/codegen/RegisterTypeMatrixCodegenFixture.h","SSE4.2/128; AVX2/128; AVX2/256","public abstraction parity","tests/codegen/RegisterTypeMatrixCodegenRaw.cpp matching public Api operation","common-type-matrix","RegisterCodegen.128Sse42; RegisterCodegen.128Avx2; RegisterCodegen.256Avx2","retain","The canonical isolated mask_and cell for f64 protects that public Register specialization."
"simdlib_type_matrix_mask_and_i16","tests/codegen/RegisterTypeMatrixCodegenFixture.h","SSE4.2/128; AVX2/128; AVX2/256","public abstraction parity","tests/codegen/RegisterTypeMatrixCodegenRaw.cpp matching public Api operation","common-type-matrix","RegisterCodegen.128Sse42; RegisterCodegen.128Avx2; RegisterCodegen.256Avx2","retain","The canonical isolated mask_and cell for i16 protects that public Register specialization."
"simdlib_type_matrix_mask_and_i32","tests/codegen/RegisterTypeMatrixCodegenFixture.h","SSE4.2/128; AVX2/128; AVX2/256","public abstraction parity","tests/codegen/RegisterTypeMatrixCodegenRaw.cpp matching public Api operation","common-type-matrix","RegisterCodegen.128Sse42; RegisterCodegen.128Avx2; RegisterCodegen.256Avx2","retain","The canonical isolated mask_and cell for i32 protects that public Register specialization."
"simdlib_type_matrix_mask_and_i64","tests/codegen/RegisterTypeMatrixCodegenFixture.h","SSE4.2/128; AVX2/128; AVX2/256","public abstraction parity","tests/codegen/RegisterTypeMatrixCodegenRaw.cpp matching public Api operation","common-type-matrix","RegisterCodegen.128Sse42; RegisterCodegen.128Avx2; RegisterCodegen.256Avx2","retain","The canonical isolated mask_and cell for i64 protects that public Register specialization."
"simdlib_type_matrix_mask_and_i8","tests/codegen/RegisterTypeMatrixCodegenFixture.h","SSE4.2/128; AVX2/128; AVX2/256","public abstraction parity","tests/codegen/RegisterTypeMatrixCodegenRaw.cpp matching public Api operation","common-type-matrix","RegisterCodegen.128Sse42; RegisterCodegen.128Avx2; RegisterCodegen.256Avx2","retain","The canonical isolated mask_and cell for i8 protects that public Register specialization."
"simdlib_type_matrix_mask_and_u16","tests/codegen/RegisterTypeMatrixCodegenFixture.h","SSE4.2/128; AVX2/128; AVX2/256","public abstraction parity","tests/codegen/RegisterTypeMatrixCodegenRaw.cpp matching public Api operation","common-type-matrix","RegisterCodegen.128Sse42; RegisterCodegen.128Avx2; RegisterCodegen.256Avx2","retain","The canonical isolated mask_and cell for u16 protects that public Register specialization."
"simdlib_type_matrix_mask_and_u32","tests/codegen/RegisterTypeMatrixCodegenFixture.h","SSE4.2/128; AVX2/128; AVX2/256","public abstraction parity","tests/codegen/RegisterTypeMatrixCodegenRaw.cpp matching public Api operation","common-type-matrix","RegisterCodegen.128Sse42; RegisterCodegen.128Avx2; RegisterCodegen.256Avx2","retain","The canonical isolated mask_and cell for u32 protects that public Register specialization."
"simdlib_type_matrix_mask_and_u64","tests/codegen/RegisterTypeMatrixCodegenFixture.h","SSE4.2/128; AVX2/128; AVX2/256","public abstraction parity","tests/codegen/RegisterTypeMatrixCodegenRaw.cpp matching public Api operation","common-type-matrix","RegisterCodegen.128Sse42; RegisterCodegen.128Avx2; RegisterCodegen.256Avx2","retain","The canonical isolated mask_and cell for u64 protects that public Register specialization."
"simdlib_type_matrix_mask_and_u8","tests/codegen/RegisterTypeMatrixCodegenFixture.h","SSE4.2/128; AVX2/128; AVX2/256","public abstraction parity","tests/codegen/RegisterTypeMatrixCodegenRaw.cpp matching public Api operation","common-type-matrix","RegisterCodegen.128Sse42; RegisterCodegen.128Avx2; RegisterCodegen.256Avx2","retain","The canonical isolated mask_and cell for u8 protects that public Register specialization."
"simdlib_type_matrix_mask_any_f32","tests/codegen/RegisterTypeMatrixCodegenFixture.h","SSE4.2/128; AVX2/128; AVX2/256","public abstraction parity","tests/codegen/RegisterTypeMatrixCodegenRaw.cpp matching public Api operation","common-type-matrix","RegisterCodegen.128Sse42; RegisterCodegen.128Avx2; RegisterCodegen.256Avx2","retain","The canonical isolated scalar-result mask_any cell for f32 protects that public Register specialization."
"simdlib_type_matrix_mask_any_f64","tests/codegen/RegisterTypeMatrixCodegenFixture.h","SSE4.2/128; AVX2/128; AVX2/256","public abstraction parity","tests/codegen/RegisterTypeMatrixCodegenRaw.cpp matching public Api operation","common-type-matrix","RegisterCodegen.128Sse42; RegisterCodegen.128Avx2; RegisterCodegen.256Avx2","retain","The canonical isolated scalar-result mask_any cell for f64 protects that public Register specialization."
"simdlib_type_matrix_mask_any_i16","tests/codegen/RegisterTypeMatrixCodegenFixture.h","SSE4.2/128; AVX2/128; AVX2/256","public abstraction parity","tests/codegen/RegisterTypeMatrixCodegenRaw.cpp matching public Api operation","common-type-matrix","RegisterCodegen.128Sse42; RegisterCodegen.128Avx2; RegisterCodegen.256Avx2","retain","The canonical isolated scalar-result mask_any cell for i16 protects that public Register specialization."
"simdlib_type_matrix_mask_any_i32","tests/codegen/RegisterTypeMatrixCodegenFixture.h","SSE4.2/128; AVX2/128; AVX2/256","public abstraction parity","tests/codegen/RegisterTypeMatrixCodegenRaw.cpp matching public Api operation","common-type-matrix","RegisterCodegen.128Sse42; RegisterCodegen.128Avx2; RegisterCodegen.256Avx2","retain","The canonical isolated scalar-result mask_any cell for i32 protects that public Register specialization."
"simdlib_type_matrix_mask_any_i64","tests/codegen/RegisterTypeMatrixCodegenFixture.h","SSE4.2/128; AVX2/128; AVX2/256","public abstraction parity","tests/codegen/RegisterTypeMatrixCodegenRaw.cpp matching public Api operation","common-type-matrix","RegisterCodegen.128Sse42; RegisterCodegen.128Avx2; RegisterCodegen.256Avx2","retain","The canonical isolated scalar-result mask_any cell for i64 protects that public Register specialization."
"simdlib_type_matrix_mask_any_i8","tests/codegen/RegisterTypeMatrixCodegenFixture.h","SSE4.2/128; AVX2/128; AVX2/256","public abstraction parity","tests/codegen/RegisterTypeMatrixCodegenRaw.cpp matching public Api operation","common-type-matrix","RegisterCodegen.128Sse42; RegisterCodegen.128Avx2; RegisterCodegen.256Avx2","retain","The canonical isolated scalar-result mask_any cell for i8 protects that public Register specialization."
"simdlib_type_matrix_mask_any_u16","tests/codegen/RegisterTypeMatrixCodegenFixture.h","SSE4.2/128; AVX2/128; AVX2/256","public abstraction parity","tests/codegen/RegisterTypeMatrixCodegenRaw.cpp matching public Api operation","common-type-matrix","RegisterCodegen.128Sse42; RegisterCodegen.128Avx2; RegisterCodegen.256Avx2","retain","The canonical isolated scalar-result mask_any cell for u16 protects that public Register specialization."
"simdlib_type_matrix_mask_any_u32","tests/codegen/RegisterTypeMatrixCodegenFixture.h","SSE4.2/128; AVX2/128; AVX2/256","public abstraction parity","tests/codegen/RegisterTypeMatrixCodegenRaw.cpp matching public Api operation","common-type-matrix","RegisterCodegen.128Sse42; RegisterCodegen.128Avx2; RegisterCodegen.256Avx2","retain","The canonical isolated scalar-result mask_any cell for u32 protects that public Register specialization."
"simdlib_type_matrix_mask_any_u64","tests/codegen/RegisterTypeMatrixCodegenFixture.h","SSE4.2/128; AVX2/128; AVX2/256","public abstraction parity","tests/codegen/RegisterTypeMatrixCodegenRaw.cpp matching public Api operation","common-type-matrix","RegisterCodegen.128Sse42; RegisterCodegen.128Avx2; RegisterCodegen.256Avx2","retain","The canonical isolated scalar-result mask_any cell for u64 protects that public Register specialization."
"simdlib_type_matrix_mask_any_u8","tests/codegen/RegisterTypeMatrixCodegenFixture.h","SSE4.2/128; AVX2/128; AVX2/256","public abstraction parity","tests/codegen/RegisterTypeMatrixCodegenRaw.cpp matching public Api operation","common-type-matrix","RegisterCodegen.128Sse42; RegisterCodegen.128Avx2; RegisterCodegen.256Avx2","retain","The canonical isolated scalar-result mask_any cell for u8 protects that public Register specialization."
"simdlib_type_matrix_mask_bits_f32","tests/codegen/RegisterTypeMatrixCodegenFixture.h","SSE4.2/128; AVX2/128; AVX2/256","public abstraction parity","tests/codegen/RegisterTypeMatrixCodegenRaw.cpp matching public Api operation","common-type-matrix","RegisterCodegen.128Sse42; RegisterCodegen.128Avx2; RegisterCodegen.256Avx2","retain","The canonical isolated scalar-result mask_bits cell for f32 protects that public Register specialization."
"simdlib_type_matrix_mask_bits_f64","tests/codegen/RegisterTypeMatrixCodegenFixture.h","SSE4.2/128; AVX2/128; AVX2/256","public abstraction parity","tests/codegen/RegisterTypeMatrixCodegenRaw.cpp matching public Api operation","common-type-matrix","RegisterCodegen.128Sse42; RegisterCodegen.128Avx2; RegisterCodegen.256Avx2","retain","The canonical isolated scalar-result mask_bits cell for f64 protects that public Register specialization."
"simdlib_type_matrix_mask_bits_i16","tests/codegen/RegisterTypeMatrixCodegenFixture.h","SSE4.2/128; AVX2/128; AVX2/256","public abstraction parity","tests/codegen/RegisterTypeMatrixCodegenRaw.cpp matching public Api operation","common-type-matrix","RegisterCodegen.128Sse42; RegisterCodegen.128Avx2; RegisterCodegen.256Avx2","retain","The canonical isolated scalar-result mask_bits cell for i16 protects that public Register specialization."
"simdlib_type_matrix_mask_bits_i32","tests/codegen/RegisterTypeMatrixCodegenFixture.h","SSE4.2/128; AVX2/128; AVX2/256","public abstraction parity","tests/codegen/RegisterTypeMatrixCodegenRaw.cpp matching public Api operation","common-type-matrix","RegisterCodegen.128Sse42; RegisterCodegen.128Avx2; RegisterCodegen.256Avx2","retain","The canonical isolated scalar-result mask_bits cell for i32 protects that public Register specialization."
"simdlib_type_matrix_mask_bits_i64","tests/codegen/RegisterTypeMatrixCodegenFixture.h","SSE4.2/128; AVX2/128; AVX2/256","public abstraction parity","tests/codegen/RegisterTypeMatrixCodegenRaw.cpp matching public Api operation","common-type-matrix","RegisterCodegen.128Sse42; RegisterCodegen.128Avx2; RegisterCodegen.256Avx2","retain","The canonical isolated scalar-result mask_bits cell for i64 protects that public Register specialization."
"simdlib_type_matrix_mask_bits_i8","tests/codegen/RegisterTypeMatrixCodegenFixture.h","SSE4.2/128; AVX2/128; AVX2/256","public abstraction parity","tests/codegen/RegisterTypeMatrixCodegenRaw.cpp matching public Api operation","common-type-matrix","RegisterCodegen.128Sse42; RegisterCodegen.128Avx2; RegisterCodegen.256Avx2","retain","The canonical isolated scalar-result mask_bits cell for i8 protects that public Register specialization."
"simdlib_type_matrix_mask_bits_u16","tests/codegen/RegisterTypeMatrixCodegenFixture.h","SSE4.2/128; AVX2/128; AVX2/256","public abstraction parity","tests/codegen/RegisterTypeMatrixCodegenRaw.cpp matching public Api operation","common-type-matrix","RegisterCodegen.128Sse42; RegisterCodegen.128Avx2; RegisterCodegen.256Avx2","retain","The canonical isolated scalar-result mask_bits cell for u16 protects that public Register specialization."
"simdlib_type_matrix_mask_bits_u32","tests/codegen/RegisterTypeMatrixCodegenFixture.h","SSE4.2/128; AVX2/128; AVX2/256","public abstraction parity","tests/codegen/RegisterTypeMatrixCodegenRaw.cpp matching public Api operation","common-type-matrix","RegisterCodegen.128Sse42; RegisterCodegen.128Avx2; RegisterCodegen.256Avx2","retain","The canonical isolated scalar-result mask_bits cell for u32 protects that public Register specialization."
"simdlib_type_matrix_mask_bits_u64","tests/codegen/RegisterTypeMatrixCodegenFixture.h","SSE4.2/128; AVX2/128; AVX2/256","public abstraction parity","tests/codegen/RegisterTypeMatrixCodegenRaw.cpp matching public Api operation","common-type-matrix","RegisterCodegen.128Sse42; RegisterCodegen.128Avx2; RegisterCodegen.256Avx2","retain","The canonical isolated scalar-result mask_bits cell for u64 protects that public Register specialization."
"simdlib_type_matrix_mask_bits_u8","tests/codegen/RegisterTypeMatrixCodegenFixture.h","SSE4.2/128; AVX2/128; AVX2/256","public abstraction parity","tests/codegen/RegisterTypeMatrixCodegenRaw.cpp matching public Api operation","common-type-matrix","RegisterCodegen.128Sse42; RegisterCodegen.128Avx2; RegisterCodegen.256Avx2","retain","The canonical isolated scalar-result mask_bits cell for u8 protects that public Register specialization."
"simdlib_type_matrix_mask_none_f32","tests/codegen/RegisterTypeMatrixCodegenFixture.h","SSE4.2/128; AVX2/128; AVX2/256","public abstraction parity","tests/codegen/RegisterTypeMatrixCodegenRaw.cpp matching public Api operation","common-type-matrix","RegisterCodegen.128Sse42; RegisterCodegen.128Avx2; RegisterCodegen.256Avx2","retain","The canonical isolated scalar-result mask_none cell for f32 protects that public Register specialization."
"simdlib_type_matrix_mask_none_f64","tests/codegen/RegisterTypeMatrixCodegenFixture.h","SSE4.2/128; AVX2/128; AVX2/256","public abstraction parity","tests/codegen/RegisterTypeMatrixCodegenRaw.cpp matching public Api operation","common-type-matrix","RegisterCodegen.128Sse42; RegisterCodegen.128Avx2; RegisterCodegen.256Avx2","retain","The canonical isolated scalar-result mask_none cell for f64 protects that public Register specialization."
"simdlib_type_matrix_mask_none_i16","tests/codegen/RegisterTypeMatrixCodegenFixture.h","SSE4.2/128; AVX2/128; AVX2/256","public abstraction parity","tests/codegen/RegisterTypeMatrixCodegenRaw.cpp matching public Api operation","common-type-matrix","RegisterCodegen.128Sse42; RegisterCodegen.128Avx2; RegisterCodegen.256Avx2","retain","The canonical isolated scalar-result mask_none cell for i16 protects that public Register specialization."
"simdlib_type_matrix_mask_none_i32","tests/codegen/RegisterTypeMatrixCodegenFixture.h","SSE4.2/128; AVX2/128; AVX2/256","public abstraction parity","tests/codegen/RegisterTypeMatrixCodegenRaw.cpp matching public Api operation","common-type-matrix","RegisterCodegen.128Sse42; RegisterCodegen.128Avx2; RegisterCodegen.256Avx2","retain","The canonical isolated scalar-result mask_none cell for i32 protects that public Register specialization."
"simdlib_type_matrix_mask_none_i64","tests/codegen/RegisterTypeMatrixCodegenFixture.h","SSE4.2/128; AVX2/128; AVX2/256","public abstraction parity","tests/codegen/RegisterTypeMatrixCodegenRaw.cpp matching public Api operation","common-type-matrix","RegisterCodegen.128Sse42; RegisterCodegen.128Avx2; RegisterCodegen.256Avx2","retain","The canonical isolated scalar-result mask_none cell for i64 protects that public Register specialization."
"simdlib_type_matrix_mask_none_i8","tests/codegen/RegisterTypeMatrixCodegenFixture.h","SSE4.2/128; AVX2/128; AVX2/256","public abstraction parity","tests/codegen/RegisterTypeMatrixCodegenRaw.cpp matching public Api operation","common-type-matrix","RegisterCodegen.128Sse42; RegisterCodegen.128Avx2; RegisterCodegen.256Avx2","retain","The canonical isolated scalar-result mask_none cell for i8 protects that public Register specialization."
"simdlib_type_matrix_mask_none_u16","tests/codegen/RegisterTypeMatrixCodegenFixture.h","SSE4.2/128; AVX2/128; AVX2/256","public abstraction parity","tests/codegen/RegisterTypeMatrixCodegenRaw.cpp matching public Api operation","common-type-matrix","RegisterCodegen.128Sse42; RegisterCodegen.128Avx2; RegisterCodegen.256Avx2","retain","The canonical isolated scalar-result mask_none cell for u16 protects that public Register specialization."
"simdlib_type_matrix_mask_none_u32","tests/codegen/RegisterTypeMatrixCodegenFixture.h","SSE4.2/128; AVX2/128; AVX2/256","public abstraction parity","tests/codegen/RegisterTypeMatrixCodegenRaw.cpp matching public Api operation","common-type-matrix","RegisterCodegen.128Sse42; RegisterCodegen.128Avx2; RegisterCodegen.256Avx2","retain","The canonical isolated scalar-result mask_none cell for u32 protects that public Register specialization."
"simdlib_type_matrix_mask_none_u64","tests/codegen/RegisterTypeMatrixCodegenFixture.h","SSE4.2/128; AVX2/128; AVX2/256","public abstraction parity","tests/codegen/RegisterTypeMatrixCodegenRaw.cpp matching public Api operation","common-type-matrix","RegisterCodegen.128Sse42; RegisterCodegen.128Avx2; RegisterCodegen.256Avx2","retain","The canonical isolated scalar-result mask_none cell for u64 protects that public Register specialization."
"simdlib_type_matrix_mask_none_u8","tests/codegen/RegisterTypeMatrixCodegenFixture.h","SSE4.2/128; AVX2/128; AVX2/256","public abstraction parity","tests/codegen/RegisterTypeMatrixCodegenRaw.cpp matching public Api operation","common-type-matrix","RegisterCodegen.128Sse42; RegisterCodegen.128Avx2; RegisterCodegen.256Avx2","retain","The canonical isolated scalar-result mask_none cell for u8 protects that public Register specialization."
"simdlib_type_matrix_mask_not_f32","tests/codegen/RegisterTypeMatrixCodegenFixture.h","SSE4.2/128; AVX2/128; AVX2/256","public abstraction parity","tests/codegen/RegisterTypeMatrixCodegenRaw.cpp matching public Api operation","common-type-matrix","RegisterCodegen.128Sse42; RegisterCodegen.128Avx2; RegisterCodegen.256Avx2","retain","The canonical isolated mask_not cell for f32 protects that public Register specialization."
"simdlib_type_matrix_mask_not_f64","tests/codegen/RegisterTypeMatrixCodegenFixture.h","SSE4.2/128; AVX2/128; AVX2/256","public abstraction parity","tests/codegen/RegisterTypeMatrixCodegenRaw.cpp matching public Api operation","common-type-matrix","RegisterCodegen.128Sse42; RegisterCodegen.128Avx2; RegisterCodegen.256Avx2","retain","The canonical isolated mask_not cell for f64 protects that public Register specialization."
"simdlib_type_matrix_mask_not_i16","tests/codegen/RegisterTypeMatrixCodegenFixture.h","SSE4.2/128; AVX2/128; AVX2/256","public abstraction parity","tests/codegen/RegisterTypeMatrixCodegenRaw.cpp matching public Api operation","common-type-matrix","RegisterCodegen.128Sse42; RegisterCodegen.128Avx2; RegisterCodegen.256Avx2","retain","The canonical isolated mask_not cell for i16 protects that public Register specialization."
"simdlib_type_matrix_mask_not_i32","tests/codegen/RegisterTypeMatrixCodegenFixture.h","SSE4.2/128; AVX2/128; AVX2/256","public abstraction parity","tests/codegen/RegisterTypeMatrixCodegenRaw.cpp matching public Api operation","common-type-matrix","RegisterCodegen.128Sse42; RegisterCodegen.128Avx2; RegisterCodegen.256Avx2","retain","The canonical isolated mask_not cell for i32 protects that public Register specialization."
"simdlib_type_matrix_mask_not_i64","tests/codegen/RegisterTypeMatrixCodegenFixture.h","SSE4.2/128; AVX2/128; AVX2/256","public abstraction parity","tests/codegen/RegisterTypeMatrixCodegenRaw.cpp matching public Api operation","common-type-matrix","RegisterCodegen.128Sse42; RegisterCodegen.128Avx2; RegisterCodegen.256Avx2","retain","The canonical isolated mask_not cell for i64 protects that public Register specialization."
"simdlib_type_matrix_mask_not_i8","tests/codegen/RegisterTypeMatrixCodegenFixture.h","SSE4.2/128; AVX2/128; AVX2/256","public abstraction parity","tests/codegen/RegisterTypeMatrixCodegenRaw.cpp matching public Api operation","common-type-matrix","RegisterCodegen.128Sse42; RegisterCodegen.128Avx2; RegisterCodegen.256Avx2","retain","The canonical isolated mask_not cell for i8 protects that public Register specialization."
"simdlib_type_matrix_mask_not_u16","tests/codegen/RegisterTypeMatrixCodegenFixture.h","SSE4.2/128; AVX2/128; AVX2/256","public abstraction parity","tests/codegen/RegisterTypeMatrixCodegenRaw.cpp matching public Api operation","common-type-matrix","RegisterCodegen.128Sse42; RegisterCodegen.128Avx2; RegisterCodegen.256Avx2","retain","The canonical isolated mask_not cell for u16 protects that public Register specialization."
"simdlib_type_matrix_mask_not_u32","tests/codegen/RegisterTypeMatrixCodegenFixture.h","SSE4.2/128; AVX2/128; AVX2/256","public abstraction parity","tests/codegen/RegisterTypeMatrixCodegenRaw.cpp matching public Api operation","common-type-matrix","RegisterCodegen.128Sse42; RegisterCodegen.128Avx2; RegisterCodegen.256Avx2","retain","The canonical isolated mask_not cell for u32 protects that public Register specialization."
"simdlib_type_matrix_mask_not_u64","tests/codegen/RegisterTypeMatrixCodegenFixture.h","SSE4.2/128; AVX2/128; AVX2/256","public abstraction parity","tests/codegen/RegisterTypeMatrixCodegenRaw.cpp matching public Api operation","common-type-matrix","RegisterCodegen.128Sse42; RegisterCodegen.128Avx2; RegisterCodegen.256Avx2","retain","The canonical isolated mask_not cell for u64 protects that public Register specialization."
"simdlib_type_matrix_mask_not_u8","tests/codegen/RegisterTypeMatrixCodegenFixture.h","SSE4.2/128; AVX2/128; AVX2/256","public abstraction parity","tests/codegen/RegisterTypeMatrixCodegenRaw.cpp matching public Api operation","common-type-matrix","RegisterCodegen.128Sse42; RegisterCodegen.128Avx2; RegisterCodegen.256Avx2","retain","The canonical isolated mask_not cell for u8 protects that public Register specialization."
"simdlib_type_matrix_mask_or_f32","tests/codegen/RegisterTypeMatrixCodegenFixture.h","SSE4.2/128; AVX2/128; AVX2/256","public abstraction parity","tests/codegen/RegisterTypeMatrixCodegenRaw.cpp matching public Api operation","common-type-matrix","RegisterCodegen.128Sse42; RegisterCodegen.128Avx2; RegisterCodegen.256Avx2","retain","The canonical isolated mask_or cell for f32 protects that public Register specialization."
"simdlib_type_matrix_mask_or_f64","tests/codegen/RegisterTypeMatrixCodegenFixture.h","SSE4.2/128; AVX2/128; AVX2/256","public abstraction parity","tests/codegen/RegisterTypeMatrixCodegenRaw.cpp matching public Api operation","common-type-matrix","RegisterCodegen.128Sse42; RegisterCodegen.128Avx2; RegisterCodegen.256Avx2","retain","The canonical isolated mask_or cell for f64 protects that public Register specialization."
"simdlib_type_matrix_mask_or_i16","tests/codegen/RegisterTypeMatrixCodegenFixture.h","SSE4.2/128; AVX2/128; AVX2/256","public abstraction parity","tests/codegen/RegisterTypeMatrixCodegenRaw.cpp matching public Api operation","common-type-matrix","RegisterCodegen.128Sse42; RegisterCodegen.128Avx2; RegisterCodegen.256Avx2","retain","The canonical isolated mask_or cell for i16 protects that public Register specialization."
"simdlib_type_matrix_mask_or_i32","tests/codegen/RegisterTypeMatrixCodegenFixture.h","SSE4.2/128; AVX2/128; AVX2/256","public abstraction parity","tests/codegen/RegisterTypeMatrixCodegenRaw.cpp matching public Api operation","common-type-matrix","RegisterCodegen.128Sse42; RegisterCodegen.128Avx2; RegisterCodegen.256Avx2","retain","The canonical isolated mask_or cell for i32 protects that public Register specialization."
"simdlib_type_matrix_mask_or_i64","tests/codegen/RegisterTypeMatrixCodegenFixture.h","SSE4.2/128; AVX2/128; AVX2/256","public abstraction parity","tests/codegen/RegisterTypeMatrixCodegenRaw.cpp matching public Api operation","common-type-matrix","RegisterCodegen.128Sse42; RegisterCodegen.128Avx2; RegisterCodegen.256Avx2","retain","The canonical isolated mask_or cell for i64 protects that public Register specialization."
"simdlib_type_matrix_mask_or_i8","tests/codegen/RegisterTypeMatrixCodegenFixture.h","SSE4.2/128; AVX2/128; AVX2/256","public abstraction parity","tests/codegen/RegisterTypeMatrixCodegenRaw.cpp matching public Api operation","common-type-matrix","RegisterCodegen.128Sse42; RegisterCodegen.128Avx2; RegisterCodegen.256Avx2","retain","The canonical isolated mask_or cell for i8 protects that public Register specialization."
"simdlib_type_matrix_mask_or_u16","tests/codegen/RegisterTypeMatrixCodegenFixture.h","SSE4.2/128; AVX2/128; AVX2/256","public abstraction parity","tests/codegen/RegisterTypeMatrixCodegenRaw.cpp matching public Api operation","common-type-matrix","RegisterCodegen.128Sse42; RegisterCodegen.128Avx2; RegisterCodegen.256Avx2","retain","The canonical isolated mask_or cell for u16 protects that public Register specialization."
"simdlib_type_matrix_mask_or_u32","tests/codegen/RegisterTypeMatrixCodegenFixture.h","SSE4.2/128; AVX2/128; AVX2/256","public abstraction parity","tests/codegen/RegisterTypeMatrixCodegenRaw.cpp matching public Api operation","common-type-matrix","RegisterCodegen.128Sse42; RegisterCodegen.128Avx2; RegisterCodegen.256Avx2","retain","The canonical isolated mask_or cell for u32 protects that public Register specialization."
"simdlib_type_matrix_mask_or_u64","tests/codegen/RegisterTypeMatrixCodegenFixture.h","SSE4.2/128; AVX2/128; AVX2/256","public abstraction parity","tests/codegen/RegisterTypeMatrixCodegenRaw.cpp matching public Api operation","common-type-matrix","RegisterCodegen.128Sse42; RegisterCodegen.128Avx2; RegisterCodegen.256Avx2","retain","The canonical isolated mask_or cell for u64 protects that public Register specialization."
"simdlib_type_matrix_mask_or_u8","tests/codegen/RegisterTypeMatrixCodegenFixture.h","SSE4.2/128; AVX2/128; AVX2/256","public abstraction parity","tests/codegen/RegisterTypeMatrixCodegenRaw.cpp matching public Api operation","common-type-matrix","RegisterCodegen.128Sse42; RegisterCodegen.128Avx2; RegisterCodegen.256Avx2","retain","The canonical isolated mask_or cell for u8 protects that public Register specialization."
"simdlib_type_matrix_mask_xor_f32","tests/codegen/RegisterTypeMatrixCodegenFixture.h","SSE4.2/128; AVX2/128; AVX2/256","public abstraction parity","tests/codegen/RegisterTypeMatrixCodegenRaw.cpp matching public Api operation","common-type-matrix","RegisterCodegen.128Sse42; RegisterCodegen.128Avx2; RegisterCodegen.256Avx2","retain","The canonical isolated mask_xor cell for f32 protects that public Register specialization."
"simdlib_type_matrix_mask_xor_f64","tests/codegen/RegisterTypeMatrixCodegenFixture.h","SSE4.2/128; AVX2/128; AVX2/256","public abstraction parity","tests/codegen/RegisterTypeMatrixCodegenRaw.cpp matching public Api operation","common-type-matrix","RegisterCodegen.128Sse42; RegisterCodegen.128Avx2; RegisterCodegen.256Avx2","retain","The canonical isolated mask_xor cell for f64 protects that public Register specialization."
"simdlib_type_matrix_mask_xor_i16","tests/codegen/RegisterTypeMatrixCodegenFixture.h","SSE4.2/128; AVX2/128; AVX2/256","public abstraction parity","tests/codegen/RegisterTypeMatrixCodegenRaw.cpp matching public Api operation","common-type-matrix","RegisterCodegen.128Sse42; RegisterCodegen.128Avx2; RegisterCodegen.256Avx2","retain","The canonical isolated mask_xor cell for i16 protects that public Register specialization."
"simdlib_type_matrix_mask_xor_i32","tests/codegen/RegisterTypeMatrixCodegenFixture.h","SSE4.2/128; AVX2/128; AVX2/256","public abstraction parity","tests/codegen/RegisterTypeMatrixCodegenRaw.cpp matching public Api operation","common-type-matrix","RegisterCodegen.128Sse42; RegisterCodegen.128Avx2; RegisterCodegen.256Avx2","retain","The canonical isolated mask_xor cell for i32 protects that public Register specialization."
"simdlib_type_matrix_mask_xor_i64","tests/codegen/RegisterTypeMatrixCodegenFixture.h","SSE4.2/128; AVX2/128; AVX2/256","public abstraction parity","tests/codegen/RegisterTypeMatrixCodegenRaw.cpp matching public Api operation","common-type-matrix","RegisterCodegen.128Sse42; RegisterCodegen.128Avx2; RegisterCodegen.256Avx2","retain","The canonical isolated mask_xor cell for i64 protects that public Register specialization."
"simdlib_type_matrix_mask_xor_i8","tests/codegen/RegisterTypeMatrixCodegenFixture.h","SSE4.2/128; AVX2/128; AVX2/256","public abstraction parity","tests/codegen/RegisterTypeMatrixCodegenRaw.cpp matching public Api operation","common-type-matrix","RegisterCodegen.128Sse42; RegisterCodegen.128Avx2; RegisterCodegen.256Avx2","retain","The canonical isolated mask_xor cell for i8 protects that public Register specialization."
"simdlib_type_matrix_mask_xor_u16","tests/codegen/RegisterTypeMatrixCodegenFixture.h","SSE4.2/128; AVX2/128; AVX2/256","public abstraction parity","tests/codegen/RegisterTypeMatrixCodegenRaw.cpp matching public Api operation","common-type-matrix","RegisterCodegen.128Sse42; RegisterCodegen.128Avx2; RegisterCodegen.256Avx2","retain","The canonical isolated mask_xor cell for u16 protects that public Register specialization."
"simdlib_type_matrix_mask_xor_u32","tests/codegen/RegisterTypeMatrixCodegenFixture.h","SSE4.2/128; AVX2/128; AVX2/256","public abstraction parity","tests/codegen/RegisterTypeMatrixCodegenRaw.cpp matching public Api operation","common-type-matrix","RegisterCodegen.128Sse42; RegisterCodegen.128Avx2; RegisterCodegen.256Avx2","retain","The canonical isolated mask_xor cell for u32 protects that public Register specialization."
"simdlib_type_matrix_mask_xor_u64","tests/codegen/RegisterTypeMatrixCodegenFixture.h","SSE4.2/128; AVX2/128; AVX2/256","public abstraction parity","tests/codegen/RegisterTypeMatrixCodegenRaw.cpp matching public Api operation","common-type-matrix","RegisterCodegen.128Sse42; RegisterCodegen.128Avx2; RegisterCodegen.256Avx2","retain","The canonical isolated mask_xor cell for u64 protects that public Register specialization."
"simdlib_type_matrix_mask_xor_u8","tests/codegen/RegisterTypeMatrixCodegenFixture.h","SSE4.2/128; AVX2/128; AVX2/256","public abstraction parity","tests/codegen/RegisterTypeMatrixCodegenRaw.cpp matching public Api operation","common-type-matrix","RegisterCodegen.128Sse42; RegisterCodegen.128Avx2; RegisterCodegen.256Avx2","retain","The canonical isolated mask_xor cell for u8 protects that public Register specialization."
"simdlib_type_matrix_modulus_i16","tests/codegen/RegisterTypeMatrixCodegenFixture.h","SSE4.2/128; AVX2/128; AVX2/256","public abstraction parity","tests/codegen/RegisterTypeMatrixCodegenRaw.cpp matching public Api operation","modulus-type-matrix","RegisterCodegen.128Sse42; RegisterCodegen.128Avx2; RegisterCodegen.256Avx2","retain","The isolated integer modulus cell for i16 is separated so compiler scheduling diagnostics cannot weaken other operations."
"simdlib_type_matrix_modulus_i32","tests/codegen/RegisterTypeMatrixCodegenFixture.h","SSE4.2/128; AVX2/128; AVX2/256","public abstraction parity","tests/codegen/RegisterTypeMatrixCodegenRaw.cpp matching public Api operation","modulus-type-matrix","RegisterCodegen.128Sse42; RegisterCodegen.128Avx2; RegisterCodegen.256Avx2","retain","The isolated integer modulus cell for i32 is separated so compiler scheduling diagnostics cannot weaken other operations."
"simdlib_type_matrix_modulus_i64","tests/codegen/RegisterTypeMatrixCodegenFixture.h","SSE4.2/128; AVX2/128; AVX2/256","public abstraction parity","tests/codegen/RegisterTypeMatrixCodegenRaw.cpp matching public Api operation","modulus-type-matrix","RegisterCodegen.128Sse42; RegisterCodegen.128Avx2; RegisterCodegen.256Avx2","retain","The isolated integer modulus cell for i64 is separated so compiler scheduling diagnostics cannot weaken other operations."
"simdlib_type_matrix_modulus_i8","tests/codegen/RegisterTypeMatrixCodegenFixture.h","SSE4.2/128; AVX2/128; AVX2/256","public abstraction parity","tests/codegen/RegisterTypeMatrixCodegenRaw.cpp matching public Api operation","modulus-type-matrix","RegisterCodegen.128Sse42; RegisterCodegen.128Avx2; RegisterCodegen.256Avx2","retain","The isolated integer modulus cell for i8 is separated so compiler scheduling diagnostics cannot weaken other operations."
"simdlib_type_matrix_modulus_u16","tests/codegen/RegisterTypeMatrixCodegenFixture.h","SSE4.2/128; AVX2/128; AVX2/256","public abstraction parity","tests/codegen/RegisterTypeMatrixCodegenRaw.cpp matching public Api operation","modulus-type-matrix","RegisterCodegen.128Sse42; RegisterCodegen.128Avx2; RegisterCodegen.256Avx2","retain","The isolated integer modulus cell for u16 is separated so compiler scheduling diagnostics cannot weaken other operations."
"simdlib_type_matrix_modulus_u32","tests/codegen/RegisterTypeMatrixCodegenFixture.h","SSE4.2/128; AVX2/128; AVX2/256","public abstraction parity","tests/codegen/RegisterTypeMatrixCodegenRaw.cpp matching public Api operation","modulus-type-matrix","RegisterCodegen.128Sse42; RegisterCodegen.128Avx2; RegisterCodegen.256Avx2","retain","The isolated integer modulus cell for u32 is separated so compiler scheduling diagnostics cannot weaken other operations."
"simdlib_type_matrix_modulus_u64","tests/codegen/RegisterTypeMatrixCodegenFixture.h","SSE4.2/128; AVX2/128; AVX2/256","public abstraction parity","tests/codegen/RegisterTypeMatrixCodegenRaw.cpp matching public Api operation","modulus-type-matrix","RegisterCodegen.128Sse42; RegisterCodegen.128Avx2; RegisterCodegen.256Avx2","retain","The isolated integer modulus cell for u64 is separated so compiler scheduling diagnostics cannot weaken other operations."
"simdlib_type_matrix_modulus_u8","tests/codegen/RegisterTypeMatrixCodegenFixture.h","SSE4.2/128; AVX2/128; AVX2/256","public abstraction parity","tests/codegen/RegisterTypeMatrixCodegenRaw.cpp matching public Api operation","modulus-type-matrix","RegisterCodegen.128Sse42; RegisterCodegen.128Avx2; RegisterCodegen.256Avx2","retain","The isolated integer modulus cell for u8 is separated so compiler scheduling diagnostics cannot weaken other operations."
"simdlib_type_matrix_movemask_f32","tests/codegen/RegisterTypeMatrixCodegenFixture.h","SSE4.2/128; AVX2/128; AVX2/256","public abstraction parity","tests/codegen/RegisterTypeMatrixCodegenRaw.cpp matching public Api operation","common-type-matrix","RegisterCodegen.128Sse42; RegisterCodegen.128Avx2; RegisterCodegen.256Avx2","retain","The canonical isolated scalar-result movemask cell for f32 protects that public Register specialization."
"simdlib_type_matrix_movemask_f64","tests/codegen/RegisterTypeMatrixCodegenFixture.h","SSE4.2/128; AVX2/128; AVX2/256","public abstraction parity","tests/codegen/RegisterTypeMatrixCodegenRaw.cpp matching public Api operation","common-type-matrix","RegisterCodegen.128Sse42; RegisterCodegen.128Avx2; RegisterCodegen.256Avx2","retain","The canonical isolated scalar-result movemask cell for f64 protects that public Register specialization."
"simdlib_type_matrix_movemask_i16","tests/codegen/RegisterTypeMatrixCodegenFixture.h","SSE4.2/128; AVX2/128; AVX2/256","public abstraction parity","tests/codegen/RegisterTypeMatrixCodegenRaw.cpp matching public Api operation","common-type-matrix","RegisterCodegen.128Sse42; RegisterCodegen.128Avx2; RegisterCodegen.256Avx2","retain","The canonical isolated scalar-result movemask cell for i16 protects that public Register specialization."
"simdlib_type_matrix_movemask_i32","tests/codegen/RegisterTypeMatrixCodegenFixture.h","SSE4.2/128; AVX2/128; AVX2/256","public abstraction parity","tests/codegen/RegisterTypeMatrixCodegenRaw.cpp matching public Api operation","common-type-matrix","RegisterCodegen.128Sse42; RegisterCodegen.128Avx2; RegisterCodegen.256Avx2","retain","The canonical isolated scalar-result movemask cell for i32 protects that public Register specialization."
"simdlib_type_matrix_movemask_i64","tests/codegen/RegisterTypeMatrixCodegenFixture.h","SSE4.2/128; AVX2/128; AVX2/256","public abstraction parity","tests/codegen/RegisterTypeMatrixCodegenRaw.cpp matching public Api operation","common-type-matrix","RegisterCodegen.128Sse42; RegisterCodegen.128Avx2; RegisterCodegen.256Avx2","retain","The canonical isolated scalar-result movemask cell for i64 protects that public Register specialization."
"simdlib_type_matrix_movemask_i8","tests/codegen/RegisterTypeMatrixCodegenFixture.h","SSE4.2/128; AVX2/128; AVX2/256","public abstraction parity","tests/codegen/RegisterTypeMatrixCodegenRaw.cpp matching public Api operation","common-type-matrix","RegisterCodegen.128Sse42; RegisterCodegen.128Avx2; RegisterCodegen.256Avx2","retain","The canonical isolated scalar-result movemask cell for i8 protects that public Register specialization."
"simdlib_type_matrix_movemask_u16","tests/codegen/RegisterTypeMatrixCodegenFixture.h","SSE4.2/128; AVX2/128; AVX2/256","public abstraction parity","tests/codegen/RegisterTypeMatrixCodegenRaw.cpp matching public Api operation","common-type-matrix","RegisterCodegen.128Sse42; RegisterCodegen.128Avx2; RegisterCodegen.256Avx2","retain","The canonical isolated scalar-result movemask cell for u16 protects that public Register specialization."
"simdlib_type_matrix_movemask_u32","tests/codegen/RegisterTypeMatrixCodegenFixture.h","SSE4.2/128; AVX2/128; AVX2/256","public abstraction parity","tests/codegen/RegisterTypeMatrixCodegenRaw.cpp matching public Api operation","common-type-matrix","RegisterCodegen.128Sse42; RegisterCodegen.128Avx2; RegisterCodegen.256Avx2","retain","The canonical isolated scalar-result movemask cell for u32 protects that public Register specialization."
"simdlib_type_matrix_movemask_u64","tests/codegen/RegisterTypeMatrixCodegenFixture.h","SSE4.2/128; AVX2/128; AVX2/256","public abstraction parity","tests/codegen/RegisterTypeMatrixCodegenRaw.cpp matching public Api operation","common-type-matrix","RegisterCodegen.128Sse42; RegisterCodegen.128Avx2; RegisterCodegen.256Avx2","retain","The canonical isolated scalar-result movemask cell for u64 protects that public Register specialization."
"simdlib_type_matrix_movemask_u8","tests/codegen/RegisterTypeMatrixCodegenFixture.h","SSE4.2/128; AVX2/128; AVX2/256","public abstraction parity","tests/codegen/RegisterTypeMatrixCodegenRaw.cpp matching public Api operation","common-type-matrix","RegisterCodegen.128Sse42; RegisterCodegen.128Avx2; RegisterCodegen.256Avx2","retain","The canonical isolated scalar-result movemask cell for u8 protects that public Register specialization."
"simdlib_type_matrix_multiply_f32","tests/codegen/RegisterTypeMatrixCodegenFixture.h","SSE4.2/128; AVX2/128; AVX2/256","public abstraction parity","tests/codegen/RegisterTypeMatrixCodegenRaw.cpp matching public Api operation","common-type-matrix","RegisterCodegen.128Sse42; RegisterCodegen.128Avx2; RegisterCodegen.256Avx2","retain","The canonical isolated multiply cell for f32 protects that public Register specialization."
"simdlib_type_matrix_multiply_f64","tests/codegen/RegisterTypeMatrixCodegenFixture.h","SSE4.2/128; AVX2/128; AVX2/256","public abstraction parity","tests/codegen/RegisterTypeMatrixCodegenRaw.cpp matching public Api operation","common-type-matrix","RegisterCodegen.128Sse42; RegisterCodegen.128Avx2; RegisterCodegen.256Avx2","retain","The canonical isolated multiply cell for f64 protects that public Register specialization."
"simdlib_type_matrix_multiply_i16","tests/codegen/RegisterTypeMatrixCodegenFixture.h","SSE4.2/128; AVX2/128; AVX2/256","public abstraction parity","tests/codegen/RegisterTypeMatrixCodegenRaw.cpp matching public Api operation","common-type-matrix","RegisterCodegen.128Sse42; RegisterCodegen.128Avx2; RegisterCodegen.256Avx2","retain","The canonical isolated multiply cell for i16 protects that public Register specialization."
"simdlib_type_matrix_multiply_i32","tests/codegen/RegisterTypeMatrixCodegenFixture.h","SSE4.2/128; AVX2/128; AVX2/256","public abstraction parity","tests/codegen/RegisterTypeMatrixCodegenRaw.cpp matching public Api operation","common-type-matrix","RegisterCodegen.128Sse42; RegisterCodegen.128Avx2; RegisterCodegen.256Avx2","retain","The canonical isolated multiply cell for i32 protects that public Register specialization."
"simdlib_type_matrix_multiply_i64","tests/codegen/RegisterTypeMatrixCodegenFixture.h","SSE4.2/128; AVX2/128; AVX2/256","public abstraction parity","tests/codegen/RegisterTypeMatrixCodegenRaw.cpp matching public Api operation","common-type-matrix","RegisterCodegen.128Sse42; RegisterCodegen.128Avx2; RegisterCodegen.256Avx2","retain","The canonical isolated multiply cell for i64 protects that public Register specialization."
"simdlib_type_matrix_multiply_i8","tests/codegen/RegisterTypeMatrixCodegenFixture.h","SSE4.2/128; AVX2/128; AVX2/256","public abstraction parity","tests/codegen/RegisterTypeMatrixCodegenRaw.cpp matching public Api operation","common-type-matrix","RegisterCodegen.128Sse42; RegisterCodegen.128Avx2; RegisterCodegen.256Avx2","retain","The canonical isolated multiply cell for i8 protects that public Register specialization."
"simdlib_type_matrix_multiply_u16","tests/codegen/RegisterTypeMatrixCodegenFixture.h","SSE4.2/128; AVX2/128; AVX2/256","public abstraction parity","tests/codegen/RegisterTypeMatrixCodegenRaw.cpp matching public Api operation","common-type-matrix","RegisterCodegen.128Sse42; RegisterCodegen.128Avx2; RegisterCodegen.256Avx2","retain","The canonical isolated multiply cell for u16 protects that public Register specialization."
"simdlib_type_matrix_multiply_u32","tests/codegen/RegisterTypeMatrixCodegenFixture.h","SSE4.2/128; AVX2/128; AVX2/256","public abstraction parity","tests/codegen/RegisterTypeMatrixCodegenRaw.cpp matching public Api operation","common-type-matrix","RegisterCodegen.128Sse42; RegisterCodegen.128Avx2; RegisterCodegen.256Avx2","retain","The canonical isolated multiply cell for u32 protects that public Register specialization."
"simdlib_type_matrix_multiply_u64","tests/codegen/RegisterTypeMatrixCodegenFixture.h","SSE4.2/128; AVX2/128; AVX2/256","public abstraction parity","tests/codegen/RegisterTypeMatrixCodegenRaw.cpp matching public Api operation","common-type-matrix","RegisterCodegen.128Sse42; RegisterCodegen.128Avx2; RegisterCodegen.256Avx2","retain","The canonical isolated multiply cell for u64 protects that public Register specialization."
"simdlib_type_matrix_multiply_u8","tests/codegen/RegisterTypeMatrixCodegenFixture.h","SSE4.2/128; AVX2/128; AVX2/256","public abstraction parity","tests/codegen/RegisterTypeMatrixCodegenRaw.cpp matching public Api operation","common-type-matrix","RegisterCodegen.128Sse42; RegisterCodegen.128Avx2; RegisterCodegen.256Avx2","retain","The canonical isolated multiply cell for u8 protects that public Register specialization."
"simdlib_type_matrix_negate_f32","tests/codegen/RegisterTypeMatrixCodegenFixture.h","SSE4.2/128; AVX2/128; AVX2/256","public abstraction parity","tests/codegen/RegisterTypeMatrixCodegenRaw.cpp matching public Api operation","common-type-matrix","RegisterCodegen.128Sse42; RegisterCodegen.128Avx2; RegisterCodegen.256Avx2","retain","The canonical isolated negate cell for f32 protects that public Register specialization."
"simdlib_type_matrix_negate_f64","tests/codegen/RegisterTypeMatrixCodegenFixture.h","SSE4.2/128; AVX2/128; AVX2/256","public abstraction parity","tests/codegen/RegisterTypeMatrixCodegenRaw.cpp matching public Api operation","common-type-matrix","RegisterCodegen.128Sse42; RegisterCodegen.128Avx2; RegisterCodegen.256Avx2","retain","The canonical isolated negate cell for f64 protects that public Register specialization."
"simdlib_type_matrix_negate_i16","tests/codegen/RegisterTypeMatrixCodegenFixture.h","SSE4.2/128; AVX2/128; AVX2/256","public abstraction parity","tests/codegen/RegisterTypeMatrixCodegenRaw.cpp matching public Api operation","common-type-matrix","RegisterCodegen.128Sse42; RegisterCodegen.128Avx2; RegisterCodegen.256Avx2","retain","The canonical isolated negate cell for i16 protects that public Register specialization."
"simdlib_type_matrix_negate_i32","tests/codegen/RegisterTypeMatrixCodegenFixture.h","SSE4.2/128; AVX2/128; AVX2/256","public abstraction parity","tests/codegen/RegisterTypeMatrixCodegenRaw.cpp matching public Api operation","common-type-matrix","RegisterCodegen.128Sse42; RegisterCodegen.128Avx2; RegisterCodegen.256Avx2","retain","The canonical isolated negate cell for i32 protects that public Register specialization."
"simdlib_type_matrix_negate_i64","tests/codegen/RegisterTypeMatrixCodegenFixture.h","SSE4.2/128; AVX2/128; AVX2/256","public abstraction parity","tests/codegen/RegisterTypeMatrixCodegenRaw.cpp matching public Api operation","common-type-matrix","RegisterCodegen.128Sse42; RegisterCodegen.128Avx2; RegisterCodegen.256Avx2","retain","The canonical isolated negate cell for i64 protects that public Register specialization."
"simdlib_type_matrix_negate_i8","tests/codegen/RegisterTypeMatrixCodegenFixture.h","SSE4.2/128; AVX2/128; AVX2/256","public abstraction parity","tests/codegen/RegisterTypeMatrixCodegenRaw.cpp matching public Api operation","common-type-matrix","RegisterCodegen.128Sse42; RegisterCodegen.128Avx2; RegisterCodegen.256Avx2","retain","The canonical isolated negate cell for i8 protects that public Register specialization."
"simdlib_type_matrix_negate_u16","tests/codegen/RegisterTypeMatrixCodegenFixture.h","SSE4.2/128; AVX2/128; AVX2/256","public abstraction parity","tests/codegen/RegisterTypeMatrixCodegenRaw.cpp matching public Api operation","common-type-matrix","RegisterCodegen.128Sse42; RegisterCodegen.128Avx2; RegisterCodegen.256Avx2","retain","The canonical isolated negate cell for u16 protects that public Register specialization."
"simdlib_type_matrix_negate_u32","tests/codegen/RegisterTypeMatrixCodegenFixture.h","SSE4.2/128; AVX2/128; AVX2/256","public abstraction parity","tests/codegen/RegisterTypeMatrixCodegenRaw.cpp matching public Api operation","common-type-matrix","RegisterCodegen.128Sse42; RegisterCodegen.128Avx2; RegisterCodegen.256Avx2","retain","The canonical isolated negate cell for u32 protects that public Register specialization."
"simdlib_type_matrix_negate_u64","tests/codegen/RegisterTypeMatrixCodegenFixture.h","SSE4.2/128; AVX2/128; AVX2/256","public abstraction parity","tests/codegen/RegisterTypeMatrixCodegenRaw.cpp matching public Api operation","common-type-matrix","RegisterCodegen.128Sse42; RegisterCodegen.128Avx2; RegisterCodegen.256Avx2","retain","The canonical isolated negate cell for u64 protects that public Register specialization."
"simdlib_type_matrix_negate_u8","tests/codegen/RegisterTypeMatrixCodegenFixture.h","SSE4.2/128; AVX2/128; AVX2/256","public abstraction parity","tests/codegen/RegisterTypeMatrixCodegenRaw.cpp matching public Api operation","common-type-matrix","RegisterCodegen.128Sse42; RegisterCodegen.128Avx2; RegisterCodegen.256Avx2","retain","The canonical isolated negate cell for u8 protects that public Register specialization."
"simdlib_type_matrix_not_equal_f32","tests/codegen/RegisterTypeMatrixCodegenFixture.h","SSE4.2/128; AVX2/128; AVX2/256","public abstraction parity","tests/codegen/RegisterTypeMatrixCodegenRaw.cpp matching public Api operation","common-type-matrix","RegisterCodegen.128Sse42; RegisterCodegen.128Avx2; RegisterCodegen.256Avx2","retain","The canonical isolated scalar-result not_equal cell for f32 protects that public Register specialization."
"simdlib_type_matrix_not_equal_f64","tests/codegen/RegisterTypeMatrixCodegenFixture.h","SSE4.2/128; AVX2/128; AVX2/256","public abstraction parity","tests/codegen/RegisterTypeMatrixCodegenRaw.cpp matching public Api operation","common-type-matrix","RegisterCodegen.128Sse42; RegisterCodegen.128Avx2; RegisterCodegen.256Avx2","retain","The canonical isolated scalar-result not_equal cell for f64 protects that public Register specialization."
"simdlib_type_matrix_not_equal_i16","tests/codegen/RegisterTypeMatrixCodegenFixture.h","SSE4.2/128; AVX2/128; AVX2/256","public abstraction parity","tests/codegen/RegisterTypeMatrixCodegenRaw.cpp matching public Api operation","common-type-matrix","RegisterCodegen.128Sse42; RegisterCodegen.128Avx2; RegisterCodegen.256Avx2","retain","The canonical isolated scalar-result not_equal cell for i16 protects that public Register specialization."
"simdlib_type_matrix_not_equal_i32","tests/codegen/RegisterTypeMatrixCodegenFixture.h","SSE4.2/128; AVX2/128; AVX2/256","public abstraction parity","tests/codegen/RegisterTypeMatrixCodegenRaw.cpp matching public Api operation","common-type-matrix","RegisterCodegen.128Sse42; RegisterCodegen.128Avx2; RegisterCodegen.256Avx2","retain","The canonical isolated scalar-result not_equal cell for i32 protects that public Register specialization."
"simdlib_type_matrix_not_equal_i64","tests/codegen/RegisterTypeMatrixCodegenFixture.h","SSE4.2/128; AVX2/128; AVX2/256","public abstraction parity","tests/codegen/RegisterTypeMatrixCodegenRaw.cpp matching public Api operation","common-type-matrix","RegisterCodegen.128Sse42; RegisterCodegen.128Avx2; RegisterCodegen.256Avx2","retain","The canonical isolated scalar-result not_equal cell for i64 protects that public Register specialization."
"simdlib_type_matrix_not_equal_i8","tests/codegen/RegisterTypeMatrixCodegenFixture.h","SSE4.2/128; AVX2/128; AVX2/256","public abstraction parity","tests/codegen/RegisterTypeMatrixCodegenRaw.cpp matching public Api operation","common-type-matrix","RegisterCodegen.128Sse42; RegisterCodegen.128Avx2; RegisterCodegen.256Avx2","retain","The canonical isolated scalar-result not_equal cell for i8 protects that public Register specialization."
"simdlib_type_matrix_not_equal_u16","tests/codegen/RegisterTypeMatrixCodegenFixture.h","SSE4.2/128; AVX2/128; AVX2/256","public abstraction parity","tests/codegen/RegisterTypeMatrixCodegenRaw.cpp matching public Api operation","common-type-matrix","RegisterCodegen.128Sse42; RegisterCodegen.128Avx2; RegisterCodegen.256Avx2","retain","The canonical isolated scalar-result not_equal cell for u16 protects that public Register specialization."
"simdlib_type_matrix_not_equal_u32","tests/codegen/RegisterTypeMatrixCodegenFixture.h","SSE4.2/128; AVX2/128; AVX2/256","public abstraction parity","tests/codegen/RegisterTypeMatrixCodegenRaw.cpp matching public Api operation","common-type-matrix","RegisterCodegen.128Sse42; RegisterCodegen.128Avx2; RegisterCodegen.256Avx2","retain","The canonical isolated scalar-result not_equal cell for u32 protects that public Register specialization."
"simdlib_type_matrix_not_equal_u64","tests/codegen/RegisterTypeMatrixCodegenFixture.h","SSE4.2/128; AVX2/128; AVX2/256","public abstraction parity","tests/codegen/RegisterTypeMatrixCodegenRaw.cpp matching public Api operation","common-type-matrix","RegisterCodegen.128Sse42; RegisterCodegen.128Avx2; RegisterCodegen.256Avx2","retain","The canonical isolated scalar-result not_equal cell for u64 protects that public Register specialization."
"simdlib_type_matrix_not_equal_u8","tests/codegen/RegisterTypeMatrixCodegenFixture.h","SSE4.2/128; AVX2/128; AVX2/256","public abstraction parity","tests/codegen/RegisterTypeMatrixCodegenRaw.cpp matching public Api operation","common-type-matrix","RegisterCodegen.128Sse42; RegisterCodegen.128Avx2; RegisterCodegen.256Avx2","retain","The canonical isolated scalar-result not_equal cell for u8 protects that public Register specialization."
"simdlib_type_matrix_observe_array_f32","tests/codegen/RegisterTypeMatrixCodegenFixture.h","SSE4.2/128; AVX2/128; AVX2/256","public abstraction parity","tests/codegen/RegisterTypeMatrixCodegenRaw.cpp matching public Api operation","common-type-matrix","RegisterCodegen.128Sse42; RegisterCodegen.128Avx2; RegisterCodegen.256Avx2","retain","The canonical isolated observe_array transfer cell for f32 protects that public Register specialization."
"simdlib_type_matrix_observe_array_f64","tests/codegen/RegisterTypeMatrixCodegenFixture.h","SSE4.2/128; AVX2/128; AVX2/256","public abstraction parity","tests/codegen/RegisterTypeMatrixCodegenRaw.cpp matching public Api operation","common-type-matrix","RegisterCodegen.128Sse42; RegisterCodegen.128Avx2; RegisterCodegen.256Avx2","retain","The canonical isolated observe_array transfer cell for f64 protects that public Register specialization."
"simdlib_type_matrix_observe_array_i16","tests/codegen/RegisterTypeMatrixCodegenFixture.h","SSE4.2/128; AVX2/128; AVX2/256","public abstraction parity","tests/codegen/RegisterTypeMatrixCodegenRaw.cpp matching public Api operation","common-type-matrix","RegisterCodegen.128Sse42; RegisterCodegen.128Avx2; RegisterCodegen.256Avx2","retain","The canonical isolated observe_array transfer cell for i16 protects that public Register specialization."
"simdlib_type_matrix_observe_array_i32","tests/codegen/RegisterTypeMatrixCodegenFixture.h","SSE4.2/128; AVX2/128; AVX2/256","public abstraction parity","tests/codegen/RegisterTypeMatrixCodegenRaw.cpp matching public Api operation","common-type-matrix","RegisterCodegen.128Sse42; RegisterCodegen.128Avx2; RegisterCodegen.256Avx2","retain","The canonical isolated observe_array transfer cell for i32 protects that public Register specialization."
"simdlib_type_matrix_observe_array_i64","tests/codegen/RegisterTypeMatrixCodegenFixture.h","SSE4.2/128; AVX2/128; AVX2/256","public abstraction parity","tests/codegen/RegisterTypeMatrixCodegenRaw.cpp matching public Api operation","common-type-matrix","RegisterCodegen.128Sse42; RegisterCodegen.128Avx2; RegisterCodegen.256Avx2","retain","The canonical isolated observe_array transfer cell for i64 protects that public Register specialization."
"simdlib_type_matrix_observe_array_i8","tests/codegen/RegisterTypeMatrixCodegenFixture.h","SSE4.2/128; AVX2/128; AVX2/256","public abstraction parity","tests/codegen/RegisterTypeMatrixCodegenRaw.cpp matching public Api operation","common-type-matrix","RegisterCodegen.128Sse42; RegisterCodegen.128Avx2; RegisterCodegen.256Avx2","retain","The canonical isolated observe_array transfer cell for i8 protects that public Register specialization."
"simdlib_type_matrix_observe_array_u16","tests/codegen/RegisterTypeMatrixCodegenFixture.h","SSE4.2/128; AVX2/128; AVX2/256","public abstraction parity","tests/codegen/RegisterTypeMatrixCodegenRaw.cpp matching public Api operation","common-type-matrix","RegisterCodegen.128Sse42; RegisterCodegen.128Avx2; RegisterCodegen.256Avx2","retain","The canonical isolated observe_array transfer cell for u16 protects that public Register specialization."
"simdlib_type_matrix_observe_array_u32","tests/codegen/RegisterTypeMatrixCodegenFixture.h","SSE4.2/128; AVX2/128; AVX2/256","public abstraction parity","tests/codegen/RegisterTypeMatrixCodegenRaw.cpp matching public Api operation","common-type-matrix","RegisterCodegen.128Sse42; RegisterCodegen.128Avx2; RegisterCodegen.256Avx2","retain","The canonical isolated observe_array transfer cell for u32 protects that public Register specialization."
"simdlib_type_matrix_observe_array_u64","tests/codegen/RegisterTypeMatrixCodegenFixture.h","SSE4.2/128; AVX2/128; AVX2/256","public abstraction parity","tests/codegen/RegisterTypeMatrixCodegenRaw.cpp matching public Api operation","common-type-matrix","RegisterCodegen.128Sse42; RegisterCodegen.128Avx2; RegisterCodegen.256Avx2","retain","The canonical isolated observe_array transfer cell for u64 protects that public Register specialization."
"simdlib_type_matrix_observe_array_u8","tests/codegen/RegisterTypeMatrixCodegenFixture.h","SSE4.2/128; AVX2/128; AVX2/256","public abstraction parity","tests/codegen/RegisterTypeMatrixCodegenRaw.cpp matching public Api operation","common-type-matrix","RegisterCodegen.128Sse42; RegisterCodegen.128Avx2; RegisterCodegen.256Avx2","retain","The canonical isolated observe_array transfer cell for u8 protects that public Register specialization."
"simdlib_type_matrix_select_f32","tests/codegen/RegisterTypeMatrixCodegenFixture.h","SSE4.2/128; AVX2/128; AVX2/256","public abstraction parity","tests/codegen/RegisterTypeMatrixCodegenRaw.cpp matching public Api operation","common-type-matrix","RegisterCodegen.128Sse42; RegisterCodegen.128Avx2; RegisterCodegen.256Avx2","retain","The canonical isolated select cell for f32 protects that public Register specialization."
"simdlib_type_matrix_select_f64","tests/codegen/RegisterTypeMatrixCodegenFixture.h","SSE4.2/128; AVX2/128; AVX2/256","public abstraction parity","tests/codegen/RegisterTypeMatrixCodegenRaw.cpp matching public Api operation","common-type-matrix","RegisterCodegen.128Sse42; RegisterCodegen.128Avx2; RegisterCodegen.256Avx2","retain","The canonical isolated select cell for f64 protects that public Register specialization."
"simdlib_type_matrix_select_i16","tests/codegen/RegisterTypeMatrixCodegenFixture.h","SSE4.2/128; AVX2/128; AVX2/256","public abstraction parity","tests/codegen/RegisterTypeMatrixCodegenRaw.cpp matching public Api operation","common-type-matrix","RegisterCodegen.128Sse42; RegisterCodegen.128Avx2; RegisterCodegen.256Avx2","retain","The canonical isolated select cell for i16 protects that public Register specialization."
"simdlib_type_matrix_select_i32","tests/codegen/RegisterTypeMatrixCodegenFixture.h","SSE4.2/128; AVX2/128; AVX2/256","public abstraction parity","tests/codegen/RegisterTypeMatrixCodegenRaw.cpp matching public Api operation","common-type-matrix","RegisterCodegen.128Sse42; RegisterCodegen.128Avx2; RegisterCodegen.256Avx2","retain","The canonical isolated select cell for i32 protects that public Register specialization."
"simdlib_type_matrix_select_i64","tests/codegen/RegisterTypeMatrixCodegenFixture.h","SSE4.2/128; AVX2/128; AVX2/256","public abstraction parity","tests/codegen/RegisterTypeMatrixCodegenRaw.cpp matching public Api operation","common-type-matrix","RegisterCodegen.128Sse42; RegisterCodegen.128Avx2; RegisterCodegen.256Avx2","retain","The canonical isolated select cell for i64 protects that public Register specialization."
"simdlib_type_matrix_select_i8","tests/codegen/RegisterTypeMatrixCodegenFixture.h","SSE4.2/128; AVX2/128; AVX2/256","public abstraction parity","tests/codegen/RegisterTypeMatrixCodegenRaw.cpp matching public Api operation","common-type-matrix","RegisterCodegen.128Sse42; RegisterCodegen.128Avx2; RegisterCodegen.256Avx2","retain","The canonical isolated select cell for i8 protects that public Register specialization."
"simdlib_type_matrix_select_u16","tests/codegen/RegisterTypeMatrixCodegenFixture.h","SSE4.2/128; AVX2/128; AVX2/256","public abstraction parity","tests/codegen/RegisterTypeMatrixCodegenRaw.cpp matching public Api operation","common-type-matrix","RegisterCodegen.128Sse42; RegisterCodegen.128Avx2; RegisterCodegen.256Avx2","retain","The canonical isolated select cell for u16 protects that public Register specialization."
"simdlib_type_matrix_select_u32","tests/codegen/RegisterTypeMatrixCodegenFixture.h","SSE4.2/128; AVX2/128; AVX2/256","public abstraction parity","tests/codegen/RegisterTypeMatrixCodegenRaw.cpp matching public Api operation","common-type-matrix","RegisterCodegen.128Sse42; RegisterCodegen.128Avx2; RegisterCodegen.256Avx2","retain","The canonical isolated select cell for u32 protects that public Register specialization."
"simdlib_type_matrix_select_u64","tests/codegen/RegisterTypeMatrixCodegenFixture.h","SSE4.2/128; AVX2/128; AVX2/256","public abstraction parity","tests/codegen/RegisterTypeMatrixCodegenRaw.cpp matching public Api operation","common-type-matrix","RegisterCodegen.128Sse42; RegisterCodegen.128Avx2; RegisterCodegen.256Avx2","retain","The canonical isolated select cell for u64 protects that public Register specialization."
"simdlib_type_matrix_select_u8","tests/codegen/RegisterTypeMatrixCodegenFixture.h","SSE4.2/128; AVX2/128; AVX2/256","public abstraction parity","tests/codegen/RegisterTypeMatrixCodegenRaw.cpp matching public Api operation","common-type-matrix","RegisterCodegen.128Sse42; RegisterCodegen.128Avx2; RegisterCodegen.256Avx2","retain","The canonical isolated select cell for u8 protects that public Register specialization."
"simdlib_type_matrix_shift_left_i16","tests/codegen/RegisterTypeMatrixCodegenFixture.h","SSE4.2/128; AVX2/128; AVX2/256","public abstraction parity","tests/codegen/RegisterTypeMatrixCodegenRaw.cpp matching public Api operation","common-type-matrix","RegisterCodegen.128Sse42; RegisterCodegen.128Avx2; RegisterCodegen.256Avx2","retain","The canonical isolated runtime-count shift_left cell for i16 protects that public Register specialization."
"simdlib_type_matrix_shift_left_i32","tests/codegen/RegisterTypeMatrixCodegenFixture.h","SSE4.2/128; AVX2/128; AVX2/256","public abstraction parity","tests/codegen/RegisterTypeMatrixCodegenRaw.cpp matching public Api operation","common-type-matrix","RegisterCodegen.128Sse42; RegisterCodegen.128Avx2; RegisterCodegen.256Avx2","retain","The canonical isolated runtime-count shift_left cell for i32 protects that public Register specialization."
"simdlib_type_matrix_shift_left_i64","tests/codegen/RegisterTypeMatrixCodegenFixture.h","SSE4.2/128; AVX2/128; AVX2/256","public abstraction parity","tests/codegen/RegisterTypeMatrixCodegenRaw.cpp matching public Api operation","common-type-matrix","RegisterCodegen.128Sse42; RegisterCodegen.128Avx2; RegisterCodegen.256Avx2","retain","The canonical isolated runtime-count shift_left cell for i64 protects that public Register specialization."
"simdlib_type_matrix_shift_left_i8","tests/codegen/RegisterTypeMatrixCodegenFixture.h","SSE4.2/128; AVX2/128; AVX2/256","public abstraction parity","tests/codegen/RegisterTypeMatrixCodegenRaw.cpp matching public Api operation","common-type-matrix","RegisterCodegen.128Sse42; RegisterCodegen.128Avx2; RegisterCodegen.256Avx2","retain","The canonical isolated runtime-count shift_left cell for i8 protects that public Register specialization."
"simdlib_type_matrix_shift_left_u16","tests/codegen/RegisterTypeMatrixCodegenFixture.h","SSE4.2/128; AVX2/128; AVX2/256","public abstraction parity","tests/codegen/RegisterTypeMatrixCodegenRaw.cpp matching public Api operation","common-type-matrix","RegisterCodegen.128Sse42; RegisterCodegen.128Avx2; RegisterCodegen.256Avx2","retain","The canonical isolated runtime-count shift_left cell for u16 protects that public Register specialization."
"simdlib_type_matrix_shift_left_u32","tests/codegen/RegisterTypeMatrixCodegenFixture.h","SSE4.2/128; AVX2/128; AVX2/256","public abstraction parity","tests/codegen/RegisterTypeMatrixCodegenRaw.cpp matching public Api operation","common-type-matrix","RegisterCodegen.128Sse42; RegisterCodegen.128Avx2; RegisterCodegen.256Avx2","retain","The canonical isolated runtime-count shift_left cell for u32 protects that public Register specialization."
"simdlib_type_matrix_shift_left_u64","tests/codegen/RegisterTypeMatrixCodegenFixture.h","SSE4.2/128; AVX2/128; AVX2/256","public abstraction parity","tests/codegen/RegisterTypeMatrixCodegenRaw.cpp matching public Api operation","common-type-matrix","RegisterCodegen.128Sse42; RegisterCodegen.128Avx2; RegisterCodegen.256Avx2","retain","The canonical isolated runtime-count shift_left cell for u64 protects that public Register specialization."
"simdlib_type_matrix_shift_left_u8","tests/codegen/RegisterTypeMatrixCodegenFixture.h","SSE4.2/128; AVX2/128; AVX2/256","public abstraction parity","tests/codegen/RegisterTypeMatrixCodegenRaw.cpp matching public Api operation","common-type-matrix","RegisterCodegen.128Sse42; RegisterCodegen.128Avx2; RegisterCodegen.256Avx2","retain","The canonical isolated runtime-count shift_left cell for u8 protects that public Register specialization."
"simdlib_type_matrix_shift_right_i16","tests/codegen/RegisterTypeMatrixCodegenFixture.h","SSE4.2/128; AVX2/128; AVX2/256","public abstraction parity","tests/codegen/RegisterTypeMatrixCodegenRaw.cpp matching public Api operation","common-type-matrix","RegisterCodegen.128Sse42; RegisterCodegen.128Avx2; RegisterCodegen.256Avx2","retain","The canonical isolated runtime-count shift_right cell for i16 protects that public Register specialization."
"simdlib_type_matrix_shift_right_i32","tests/codegen/RegisterTypeMatrixCodegenFixture.h","SSE4.2/128; AVX2/128; AVX2/256","public abstraction parity","tests/codegen/RegisterTypeMatrixCodegenRaw.cpp matching public Api operation","common-type-matrix","RegisterCodegen.128Sse42; RegisterCodegen.128Avx2; RegisterCodegen.256Avx2","retain","The canonical isolated runtime-count shift_right cell for i32 protects that public Register specialization."
"simdlib_type_matrix_shift_right_i64","tests/codegen/RegisterTypeMatrixCodegenFixture.h","SSE4.2/128; AVX2/128; AVX2/256","public abstraction parity","tests/codegen/RegisterTypeMatrixCodegenRaw.cpp matching public Api operation","common-type-matrix","RegisterCodegen.128Sse42; RegisterCodegen.128Avx2; RegisterCodegen.256Avx2","retain","The canonical isolated runtime-count shift_right cell for i64 protects that public Register specialization."
"simdlib_type_matrix_shift_right_i8","tests/codegen/RegisterTypeMatrixCodegenFixture.h","SSE4.2/128; AVX2/128; AVX2/256","public abstraction parity","tests/codegen/RegisterTypeMatrixCodegenRaw.cpp matching public Api operation","common-type-matrix","RegisterCodegen.128Sse42; RegisterCodegen.128Avx2; RegisterCodegen.256Avx2","retain","The canonical isolated runtime-count shift_right cell for i8 protects that public Register specialization."
"simdlib_type_matrix_shift_right_u16","tests/codegen/RegisterTypeMatrixCodegenFixture.h","SSE4.2/128; AVX2/128; AVX2/256","public abstraction parity","tests/codegen/RegisterTypeMatrixCodegenRaw.cpp matching public Api operation","common-type-matrix","RegisterCodegen.128Sse42; RegisterCodegen.128Avx2; RegisterCodegen.256Avx2","retain","The canonical isolated runtime-count shift_right cell for u16 protects that public Register specialization."
"simdlib_type_matrix_shift_right_u32","tests/codegen/RegisterTypeMatrixCodegenFixture.h","SSE4.2/128; AVX2/128; AVX2/256","public abstraction parity","tests/codegen/RegisterTypeMatrixCodegenRaw.cpp matching public Api operation","common-type-matrix","RegisterCodegen.128Sse42; RegisterCodegen.128Avx2; RegisterCodegen.256Avx2","retain","The canonical isolated runtime-count shift_right cell for u32 protects that public Register specialization."
"simdlib_type_matrix_shift_right_u64","tests/codegen/RegisterTypeMatrixCodegenFixture.h","SSE4.2/128; AVX2/128; AVX2/256","public abstraction parity","tests/codegen/RegisterTypeMatrixCodegenRaw.cpp matching public Api operation","common-type-matrix","RegisterCodegen.128Sse42; RegisterCodegen.128Avx2; RegisterCodegen.256Avx2","retain","The canonical isolated runtime-count shift_right cell for u64 protects that public Register specialization."
"simdlib_type_matrix_shift_right_u8","tests/codegen/RegisterTypeMatrixCodegenFixture.h","SSE4.2/128; AVX2/128; AVX2/256","public abstraction parity","tests/codegen/RegisterTypeMatrixCodegenRaw.cpp matching public Api operation","common-type-matrix","RegisterCodegen.128Sse42; RegisterCodegen.128Avx2; RegisterCodegen.256Avx2","retain","The canonical isolated runtime-count shift_right cell for u8 protects that public Register specialization."
"simdlib_type_matrix_store_aligned_f32","tests/codegen/RegisterTypeMatrixCodegenFixture.h","SSE4.2/128; AVX2/128; AVX2/256","public abstraction parity","tests/codegen/RegisterTypeMatrixCodegenRaw.cpp matching public Api operation","common-type-matrix","RegisterCodegen.128Sse42; RegisterCodegen.128Avx2; RegisterCodegen.256Avx2","retain","The canonical isolated store_aligned transfer cell for f32 protects that public Register specialization."
"simdlib_type_matrix_store_aligned_f64","tests/codegen/RegisterTypeMatrixCodegenFixture.h","SSE4.2/128; AVX2/128; AVX2/256","public abstraction parity","tests/codegen/RegisterTypeMatrixCodegenRaw.cpp matching public Api operation","common-type-matrix","RegisterCodegen.128Sse42; RegisterCodegen.128Avx2; RegisterCodegen.256Avx2","retain","The canonical isolated store_aligned transfer cell for f64 protects that public Register specialization."
"simdlib_type_matrix_store_aligned_i16","tests/codegen/RegisterTypeMatrixCodegenFixture.h","SSE4.2/128; AVX2/128; AVX2/256","public abstraction parity","tests/codegen/RegisterTypeMatrixCodegenRaw.cpp matching public Api operation","common-type-matrix","RegisterCodegen.128Sse42; RegisterCodegen.128Avx2; RegisterCodegen.256Avx2","retain","The canonical isolated store_aligned transfer cell for i16 protects that public Register specialization."
"simdlib_type_matrix_store_aligned_i32","tests/codegen/RegisterTypeMatrixCodegenFixture.h","SSE4.2/128; AVX2/128; AVX2/256","public abstraction parity","tests/codegen/RegisterTypeMatrixCodegenRaw.cpp matching public Api operation","common-type-matrix","RegisterCodegen.128Sse42; RegisterCodegen.128Avx2; RegisterCodegen.256Avx2","retain","The canonical isolated store_aligned transfer cell for i32 protects that public Register specialization."
"simdlib_type_matrix_store_aligned_i64","tests/codegen/RegisterTypeMatrixCodegenFixture.h","SSE4.2/128; AVX2/128; AVX2/256","public abstraction parity","tests/codegen/RegisterTypeMatrixCodegenRaw.cpp matching public Api operation","common-type-matrix","RegisterCodegen.128Sse42; RegisterCodegen.128Avx2; RegisterCodegen.256Avx2","retain","The canonical isolated store_aligned transfer cell for i64 protects that public Register specialization."
"simdlib_type_matrix_store_aligned_i8","tests/codegen/RegisterTypeMatrixCodegenFixture.h","SSE4.2/128; AVX2/128; AVX2/256","public abstraction parity","tests/codegen/RegisterTypeMatrixCodegenRaw.cpp matching public Api operation","common-type-matrix","RegisterCodegen.128Sse42; RegisterCodegen.128Avx2; RegisterCodegen.256Avx2","retain","The canonical isolated store_aligned transfer cell for i8 protects that public Register specialization."
"simdlib_type_matrix_store_aligned_u16","tests/codegen/RegisterTypeMatrixCodegenFixture.h","SSE4.2/128; AVX2/128; AVX2/256","public abstraction parity","tests/codegen/RegisterTypeMatrixCodegenRaw.cpp matching public Api operation","common-type-matrix","RegisterCodegen.128Sse42; RegisterCodegen.128Avx2; RegisterCodegen.256Avx2","retain","The canonical isolated store_aligned transfer cell for u16 protects that public Register specialization."
"simdlib_type_matrix_store_aligned_u32","tests/codegen/RegisterTypeMatrixCodegenFixture.h","SSE4.2/128; AVX2/128; AVX2/256","public abstraction parity","tests/codegen/RegisterTypeMatrixCodegenRaw.cpp matching public Api operation","common-type-matrix","RegisterCodegen.128Sse42; RegisterCodegen.128Avx2; RegisterCodegen.256Avx2","retain","The canonical isolated store_aligned transfer cell for u32 protects that public Register specialization."
"simdlib_type_matrix_store_aligned_u64","tests/codegen/RegisterTypeMatrixCodegenFixture.h","SSE4.2/128; AVX2/128; AVX2/256","public abstraction parity","tests/codegen/RegisterTypeMatrixCodegenRaw.cpp matching public Api operation","common-type-matrix","RegisterCodegen.128Sse42; RegisterCodegen.128Avx2; RegisterCodegen.256Avx2","retain","The canonical isolated store_aligned transfer cell for u64 protects that public Register specialization."
"simdlib_type_matrix_store_aligned_u8","tests/codegen/RegisterTypeMatrixCodegenFixture.h","SSE4.2/128; AVX2/128; AVX2/256","public abstraction parity","tests/codegen/RegisterTypeMatrixCodegenRaw.cpp matching public Api operation","common-type-matrix","RegisterCodegen.128Sse42; RegisterCodegen.128Avx2; RegisterCodegen.256Avx2","retain","The canonical isolated store_aligned transfer cell for u8 protects that public Register specialization."
"simdlib_type_matrix_store_bytes_f32","tests/codegen/RegisterTypeMatrixCodegenFixture.h","SSE4.2/128; AVX2/128; AVX2/256","public abstraction parity","tests/codegen/RegisterTypeMatrixCodegenRaw.cpp matching public Api operation","common-type-matrix","RegisterCodegen.128Sse42; RegisterCodegen.128Avx2; RegisterCodegen.256Avx2","retain","The canonical isolated store_bytes transfer cell for f32 protects that public Register specialization."
"simdlib_type_matrix_store_bytes_f64","tests/codegen/RegisterTypeMatrixCodegenFixture.h","SSE4.2/128; AVX2/128; AVX2/256","public abstraction parity","tests/codegen/RegisterTypeMatrixCodegenRaw.cpp matching public Api operation","common-type-matrix","RegisterCodegen.128Sse42; RegisterCodegen.128Avx2; RegisterCodegen.256Avx2","retain","The canonical isolated store_bytes transfer cell for f64 protects that public Register specialization."
"simdlib_type_matrix_store_bytes_i16","tests/codegen/RegisterTypeMatrixCodegenFixture.h","SSE4.2/128; AVX2/128; AVX2/256","public abstraction parity","tests/codegen/RegisterTypeMatrixCodegenRaw.cpp matching public Api operation","common-type-matrix","RegisterCodegen.128Sse42; RegisterCodegen.128Avx2; RegisterCodegen.256Avx2","retain","The canonical isolated store_bytes transfer cell for i16 protects that public Register specialization."
"simdlib_type_matrix_store_bytes_i32","tests/codegen/RegisterTypeMatrixCodegenFixture.h","SSE4.2/128; AVX2/128; AVX2/256","public abstraction parity","tests/codegen/RegisterTypeMatrixCodegenRaw.cpp matching public Api operation","common-type-matrix","RegisterCodegen.128Sse42; RegisterCodegen.128Avx2; RegisterCodegen.256Avx2","retain","The canonical isolated store_bytes transfer cell for i32 protects that public Register specialization."
"simdlib_type_matrix_store_bytes_i64","tests/codegen/RegisterTypeMatrixCodegenFixture.h","SSE4.2/128; AVX2/128; AVX2/256","public abstraction parity","tests/codegen/RegisterTypeMatrixCodegenRaw.cpp matching public Api operation","common-type-matrix","RegisterCodegen.128Sse42; RegisterCodegen.128Avx2; RegisterCodegen.256Avx2","retain","The canonical isolated store_bytes transfer cell for i64 protects that public Register specialization."
"simdlib_type_matrix_store_bytes_i8","tests/codegen/RegisterTypeMatrixCodegenFixture.h","SSE4.2/128; AVX2/128; AVX2/256","public abstraction parity","tests/codegen/RegisterTypeMatrixCodegenRaw.cpp matching public Api operation","common-type-matrix","RegisterCodegen.128Sse42; RegisterCodegen.128Avx2; RegisterCodegen.256Avx2","retain","The canonical isolated store_bytes transfer cell for i8 protects that public Register specialization."
"simdlib_type_matrix_store_bytes_u16","tests/codegen/RegisterTypeMatrixCodegenFixture.h","SSE4.2/128; AVX2/128; AVX2/256","public abstraction parity","tests/codegen/RegisterTypeMatrixCodegenRaw.cpp matching public Api operation","common-type-matrix","RegisterCodegen.128Sse42; RegisterCodegen.128Avx2; RegisterCodegen.256Avx2","retain","The canonical isolated store_bytes transfer cell for u16 protects that public Register specialization."
"simdlib_type_matrix_store_bytes_u32","tests/codegen/RegisterTypeMatrixCodegenFixture.h","SSE4.2/128; AVX2/128; AVX2/256","public abstraction parity","tests/codegen/RegisterTypeMatrixCodegenRaw.cpp matching public Api operation","common-type-matrix","RegisterCodegen.128Sse42; RegisterCodegen.128Avx2; RegisterCodegen.256Avx2","retain","The canonical isolated store_bytes transfer cell for u32 protects that public Register specialization."
"simdlib_type_matrix_store_bytes_u64","tests/codegen/RegisterTypeMatrixCodegenFixture.h","SSE4.2/128; AVX2/128; AVX2/256","public abstraction parity","tests/codegen/RegisterTypeMatrixCodegenRaw.cpp matching public Api operation","common-type-matrix","RegisterCodegen.128Sse42; RegisterCodegen.128Avx2; RegisterCodegen.256Avx2","retain","The canonical isolated store_bytes transfer cell for u64 protects that public Register specialization."
"simdlib_type_matrix_store_bytes_u8","tests/codegen/RegisterTypeMatrixCodegenFixture.h","SSE4.2/128; AVX2/128; AVX2/256","public abstraction parity","tests/codegen/RegisterTypeMatrixCodegenRaw.cpp matching public Api operation","common-type-matrix","RegisterCodegen.128Sse42; RegisterCodegen.128Avx2; RegisterCodegen.256Avx2","retain","The canonical isolated store_bytes transfer cell for u8 protects that public Register specialization."
"simdlib_type_matrix_store_f32","tests/codegen/RegisterTypeMatrixCodegenFixture.h","SSE4.2/128; AVX2/128; AVX2/256","public abstraction parity","tests/codegen/RegisterTypeMatrixCodegenRaw.cpp matching public Api operation","common-type-matrix","RegisterCodegen.128Sse42; RegisterCodegen.128Avx2; RegisterCodegen.256Avx2","retain","The canonical isolated store transfer cell for f32 protects that public Register specialization."
"simdlib_type_matrix_store_f64","tests/codegen/RegisterTypeMatrixCodegenFixture.h","SSE4.2/128; AVX2/128; AVX2/256","public abstraction parity","tests/codegen/RegisterTypeMatrixCodegenRaw.cpp matching public Api operation","common-type-matrix","RegisterCodegen.128Sse42; RegisterCodegen.128Avx2; RegisterCodegen.256Avx2","retain","The canonical isolated store transfer cell for f64 protects that public Register specialization."
"simdlib_type_matrix_store_i16","tests/codegen/RegisterTypeMatrixCodegenFixture.h","SSE4.2/128; AVX2/128; AVX2/256","public abstraction parity","tests/codegen/RegisterTypeMatrixCodegenRaw.cpp matching public Api operation","common-type-matrix","RegisterCodegen.128Sse42; RegisterCodegen.128Avx2; RegisterCodegen.256Avx2","retain","The canonical isolated store transfer cell for i16 protects that public Register specialization."
"simdlib_type_matrix_store_i32","tests/codegen/RegisterTypeMatrixCodegenFixture.h","SSE4.2/128; AVX2/128; AVX2/256","public abstraction parity","tests/codegen/RegisterTypeMatrixCodegenRaw.cpp matching public Api operation","common-type-matrix","RegisterCodegen.128Sse42; RegisterCodegen.128Avx2; RegisterCodegen.256Avx2","retain","The canonical isolated store transfer cell for i32 protects that public Register specialization."
"simdlib_type_matrix_store_i64","tests/codegen/RegisterTypeMatrixCodegenFixture.h","SSE4.2/128; AVX2/128; AVX2/256","public abstraction parity","tests/codegen/RegisterTypeMatrixCodegenRaw.cpp matching public Api operation","common-type-matrix","RegisterCodegen.128Sse42; RegisterCodegen.128Avx2; RegisterCodegen.256Avx2","retain","The canonical isolated store transfer cell for i64 protects that public Register specialization."
"simdlib_type_matrix_store_i8","tests/codegen/RegisterTypeMatrixCodegenFixture.h","SSE4.2/128; AVX2/128; AVX2/256","public abstraction parity","tests/codegen/RegisterTypeMatrixCodegenRaw.cpp matching public Api operation","common-type-matrix","RegisterCodegen.128Sse42; RegisterCodegen.128Avx2; RegisterCodegen.256Avx2","retain","The canonical isolated store transfer cell for i8 protects that public Register specialization."
"simdlib_type_matrix_store_u16","tests/codegen/RegisterTypeMatrixCodegenFixture.h","SSE4.2/128; AVX2/128; AVX2/256","public abstraction parity","tests/codegen/RegisterTypeMatrixCodegenRaw.cpp matching public Api operation","common-type-matrix","RegisterCodegen.128Sse42; RegisterCodegen.128Avx2; RegisterCodegen.256Avx2","retain","The canonical isolated store transfer cell for u16 protects that public Register specialization."
"simdlib_type_matrix_store_u32","tests/codegen/RegisterTypeMatrixCodegenFixture.h","SSE4.2/128; AVX2/128; AVX2/256","public abstraction parity","tests/codegen/RegisterTypeMatrixCodegenRaw.cpp matching public Api operation","common-type-matrix","RegisterCodegen.128Sse42; RegisterCodegen.128Avx2; RegisterCodegen.256Avx2","retain","The canonical isolated store transfer cell for u32 protects that public Register specialization."
"simdlib_type_matrix_store_u64","tests/codegen/RegisterTypeMatrixCodegenFixture.h","SSE4.2/128; AVX2/128; AVX2/256","public abstraction parity","tests/codegen/RegisterTypeMatrixCodegenRaw.cpp matching public Api operation","common-type-matrix","RegisterCodegen.128Sse42; RegisterCodegen.128Avx2; RegisterCodegen.256Avx2","retain","The canonical isolated store transfer cell for u64 protects that public Register specialization."
"simdlib_type_matrix_store_u8","tests/codegen/RegisterTypeMatrixCodegenFixture.h","SSE4.2/128; AVX2/128; AVX2/256","public abstraction parity","tests/codegen/RegisterTypeMatrixCodegenRaw.cpp matching public Api operation","common-type-matrix","RegisterCodegen.128Sse42; RegisterCodegen.128Avx2; RegisterCodegen.256Avx2","retain","The canonical isolated store transfer cell for u8 protects that public Register specialization."
"simdlib_type_matrix_subtract_f32","tests/codegen/RegisterTypeMatrixCodegenFixture.h","SSE4.2/128; AVX2/128; AVX2/256","public abstraction parity","tests/codegen/RegisterTypeMatrixCodegenRaw.cpp matching public Api operation","common-type-matrix","RegisterCodegen.128Sse42; RegisterCodegen.128Avx2; RegisterCodegen.256Avx2","retain","The canonical isolated subtract cell for f32 protects that public Register specialization."
"simdlib_type_matrix_subtract_f64","tests/codegen/RegisterTypeMatrixCodegenFixture.h","SSE4.2/128; AVX2/128; AVX2/256","public abstraction parity","tests/codegen/RegisterTypeMatrixCodegenRaw.cpp matching public Api operation","common-type-matrix","RegisterCodegen.128Sse42; RegisterCodegen.128Avx2; RegisterCodegen.256Avx2","retain","The canonical isolated subtract cell for f64 protects that public Register specialization."
"simdlib_type_matrix_subtract_i16","tests/codegen/RegisterTypeMatrixCodegenFixture.h","SSE4.2/128; AVX2/128; AVX2/256","public abstraction parity","tests/codegen/RegisterTypeMatrixCodegenRaw.cpp matching public Api operation","common-type-matrix","RegisterCodegen.128Sse42; RegisterCodegen.128Avx2; RegisterCodegen.256Avx2","retain","The canonical isolated subtract cell for i16 protects that public Register specialization."
"simdlib_type_matrix_subtract_i32","tests/codegen/RegisterTypeMatrixCodegenFixture.h","SSE4.2/128; AVX2/128; AVX2/256","public abstraction parity","tests/codegen/RegisterTypeMatrixCodegenRaw.cpp matching public Api operation","common-type-matrix","RegisterCodegen.128Sse42; RegisterCodegen.128Avx2; RegisterCodegen.256Avx2","retain","The canonical isolated subtract cell for i32 protects that public Register specialization."
"simdlib_type_matrix_subtract_i64","tests/codegen/RegisterTypeMatrixCodegenFixture.h","SSE4.2/128; AVX2/128; AVX2/256","public abstraction parity","tests/codegen/RegisterTypeMatrixCodegenRaw.cpp matching public Api operation","common-type-matrix","RegisterCodegen.128Sse42; RegisterCodegen.128Avx2; RegisterCodegen.256Avx2","retain","The canonical isolated subtract cell for i64 protects that public Register specialization."
"simdlib_type_matrix_subtract_i8","tests/codegen/RegisterTypeMatrixCodegenFixture.h","SSE4.2/128; AVX2/128; AVX2/256","public abstraction parity","tests/codegen/RegisterTypeMatrixCodegenRaw.cpp matching public Api operation","common-type-matrix","RegisterCodegen.128Sse42; RegisterCodegen.128Avx2; RegisterCodegen.256Avx2","retain","The canonical isolated subtract cell for i8 protects that public Register specialization."
"simdlib_type_matrix_subtract_u16","tests/codegen/RegisterTypeMatrixCodegenFixture.h","SSE4.2/128; AVX2/128; AVX2/256","public abstraction parity","tests/codegen/RegisterTypeMatrixCodegenRaw.cpp matching public Api operation","common-type-matrix","RegisterCodegen.128Sse42; RegisterCodegen.128Avx2; RegisterCodegen.256Avx2","retain","The canonical isolated subtract cell for u16 protects that public Register specialization."
"simdlib_type_matrix_subtract_u32","tests/codegen/RegisterTypeMatrixCodegenFixture.h","SSE4.2/128; AVX2/128; AVX2/256","public abstraction parity","tests/codegen/RegisterTypeMatrixCodegenRaw.cpp matching public Api operation","common-type-matrix","RegisterCodegen.128Sse42; RegisterCodegen.128Avx2; RegisterCodegen.256Avx2","retain","The canonical isolated subtract cell for u32 protects that public Register specialization."
"simdlib_type_matrix_subtract_u64","tests/codegen/RegisterTypeMatrixCodegenFixture.h","SSE4.2/128; AVX2/128; AVX2/256","public abstraction parity","tests/codegen/RegisterTypeMatrixCodegenRaw.cpp matching public Api operation","common-type-matrix","RegisterCodegen.128Sse42; RegisterCodegen.128Avx2; RegisterCodegen.256Avx2","retain","The canonical isolated subtract cell for u64 protects that public Register specialization."
"simdlib_type_matrix_subtract_u8","tests/codegen/RegisterTypeMatrixCodegenFixture.h","SSE4.2/128; AVX2/128; AVX2/256","public abstraction parity","tests/codegen/RegisterTypeMatrixCodegenRaw.cpp matching public Api operation","common-type-matrix","RegisterCodegen.128Sse42; RegisterCodegen.128Avx2; RegisterCodegen.256Avx2","retain","The canonical isolated subtract cell for u8 protects that public Register specialization."
"simdlib_type_matrix_zero_f32","tests/codegen/RegisterTypeMatrixCodegenFixture.h","SSE4.2/128; AVX2/128; AVX2/256","public abstraction parity","tests/codegen/RegisterTypeMatrixCodegenRaw.cpp matching public Api operation","common-type-matrix","RegisterCodegen.128Sse42; RegisterCodegen.128Avx2; RegisterCodegen.256Avx2","retain","The canonical isolated zero cell for f32 protects that public Register specialization."
"simdlib_type_matrix_zero_f64","tests/codegen/RegisterTypeMatrixCodegenFixture.h","SSE4.2/128; AVX2/128; AVX2/256","public abstraction parity","tests/codegen/RegisterTypeMatrixCodegenRaw.cpp matching public Api operation","common-type-matrix","RegisterCodegen.128Sse42; RegisterCodegen.128Avx2; RegisterCodegen.256Avx2","retain","The canonical isolated zero cell for f64 protects that public Register specialization."
"simdlib_type_matrix_zero_i16","tests/codegen/RegisterTypeMatrixCodegenFixture.h","SSE4.2/128; AVX2/128; AVX2/256","public abstraction parity","tests/codegen/RegisterTypeMatrixCodegenRaw.cpp matching public Api operation","common-type-matrix","RegisterCodegen.128Sse42; RegisterCodegen.128Avx2; RegisterCodegen.256Avx2","retain","The canonical isolated zero cell for i16 protects that public Register specialization."
"simdlib_type_matrix_zero_i32","tests/codegen/RegisterTypeMatrixCodegenFixture.h","SSE4.2/128; AVX2/128; AVX2/256","public abstraction parity","tests/codegen/RegisterTypeMatrixCodegenRaw.cpp matching public Api operation","common-type-matrix","RegisterCodegen.128Sse42; RegisterCodegen.128Avx2; RegisterCodegen.256Avx2","retain","The canonical isolated zero cell for i32 protects that public Register specialization."
"simdlib_type_matrix_zero_i64","tests/codegen/RegisterTypeMatrixCodegenFixture.h","SSE4.2/128; AVX2/128; AVX2/256","public abstraction parity","tests/codegen/RegisterTypeMatrixCodegenRaw.cpp matching public Api operation","common-type-matrix","RegisterCodegen.128Sse42; RegisterCodegen.128Avx2; RegisterCodegen.256Avx2","retain","The canonical isolated zero cell for i64 protects that public Register specialization."
"simdlib_type_matrix_zero_i8","tests/codegen/RegisterTypeMatrixCodegenFixture.h","SSE4.2/128; AVX2/128; AVX2/256","public abstraction parity","tests/codegen/RegisterTypeMatrixCodegenRaw.cpp matching public Api operation","common-type-matrix","RegisterCodegen.128Sse42; RegisterCodegen.128Avx2; RegisterCodegen.256Avx2","retain","The canonical isolated zero cell for i8 protects that public Register specialization."
"simdlib_type_matrix_zero_u16","tests/codegen/RegisterTypeMatrixCodegenFixture.h","SSE4.2/128; AVX2/128; AVX2/256","public abstraction parity","tests/codegen/RegisterTypeMatrixCodegenRaw.cpp matching public Api operation","common-type-matrix","RegisterCodegen.128Sse42; RegisterCodegen.128Avx2; RegisterCodegen.256Avx2","retain","The canonical isolated zero cell for u16 protects that public Register specialization."
"simdlib_type_matrix_zero_u32","tests/codegen/RegisterTypeMatrixCodegenFixture.h","SSE4.2/128; AVX2/128; AVX2/256","public abstraction parity","tests/codegen/RegisterTypeMatrixCodegenRaw.cpp matching public Api operation","common-type-matrix","RegisterCodegen.128Sse42; RegisterCodegen.128Avx2; RegisterCodegen.256Avx2","retain","The canonical isolated zero cell for u32 protects that public Register specialization."
"simdlib_type_matrix_zero_u64","tests/codegen/RegisterTypeMatrixCodegenFixture.h","SSE4.2/128; AVX2/128; AVX2/256","public abstraction parity","tests/codegen/RegisterTypeMatrixCodegenRaw.cpp matching public Api operation","common-type-matrix","RegisterCodegen.128Sse42; RegisterCodegen.128Avx2; RegisterCodegen.256Avx2","retain","The canonical isolated zero cell for u64 protects that public Register specialization."
"simdlib_type_matrix_zero_u8","tests/codegen/RegisterTypeMatrixCodegenFixture.h","SSE4.2/128; AVX2/128; AVX2/256","public abstraction parity","tests/codegen/RegisterTypeMatrixCodegenRaw.cpp matching public Api operation","common-type-matrix","RegisterCodegen.128Sse42; RegisterCodegen.128Avx2; RegisterCodegen.256Avx2","retain","The canonical isolated zero cell for u8 protects that public Register specialization."
"simdlib_method_flags_codegen_binary","tests/method_flags/codegen/MethodFlagsFlagged.cpp","x64 configuration-probe builds; SSE4.2","compiler-attribute enforcement","tests/method_flags/codegen/MethodFlagsLegacy.cpp equivalent legacy attribute declaration","method-flags","MethodFlagsCodegen","retain","The SIMD_FLAGS declaration for binary must preserve the legacy ABI/code shape and its stack contract."
"simdlib_method_flags_codegen_flatten","tests/method_flags/codegen/MethodFlagsFlagged.cpp","x64 configuration-probe builds; SSE4.2","compiler-attribute enforcement","tests/method_flags/codegen/MethodFlagsLegacy.cpp equivalent legacy attribute declaration","method-flags","MethodFlagsCodegen","retain","The SIMD_FLAGS declaration for flatten must preserve the legacy ABI/code shape and its stack contract."
"simdlib_method_flags_codegen_forceinline","tests/method_flags/codegen/MethodFlagsFlagged.cpp","x64 configuration-probe builds; SSE4.2","compiler-attribute enforcement","tests/method_flags/codegen/MethodFlagsLegacy.cpp equivalent legacy attribute declaration","method-flags","MethodFlagsCodegen","retain","The SIMD_FLAGS declaration for forceinline must preserve the legacy ABI/code shape and its stack contract."
"simdlib_method_flags_codegen_load","tests/method_flags/codegen/MethodFlagsFlagged.cpp","x64 configuration-probe builds; SSE4.2","compiler-attribute enforcement","tests/method_flags/codegen/MethodFlagsLegacy.cpp equivalent legacy attribute declaration","method-flags","MethodFlagsCodegen","retain","The SIMD_FLAGS declaration for load must preserve the legacy ABI/code shape and its stack contract."
"simdlib_method_flags_codegen_register_result","tests/method_flags/codegen/MethodFlagsFlagged.cpp","x64 configuration-probe builds; SSE4.2","compiler-attribute enforcement","tests/method_flags/codegen/MethodFlagsLegacy.cpp equivalent legacy attribute declaration","method-flags","MethodFlagsCodegen","retain","The SIMD_FLAGS declaration for register_result must preserve the legacy ABI/code shape and its stack contract."
"simdlib_method_flags_codegen_scalar_result","tests/method_flags/codegen/MethodFlagsFlagged.cpp","x64 configuration-probe builds; SSE4.2","compiler-attribute enforcement","tests/method_flags/codegen/MethodFlagsLegacy.cpp equivalent legacy attribute declaration","method-flags","MethodFlagsCodegen","retain","The SIMD_FLAGS declaration for scalar_result must preserve the legacy ABI/code shape and its stack contract."
"simdlib_method_flags_codegen_store","tests/method_flags/codegen/MethodFlagsFlagged.cpp","x64 configuration-probe builds; SSE4.2","compiler-attribute enforcement","tests/method_flags/codegen/MethodFlagsLegacy.cpp equivalent legacy attribute declaration","method-flags","MethodFlagsCodegen","retain","The SIMD_FLAGS declaration for store must preserve the legacy ABI/code shape and its stack contract."
"simdlib_method_flags_codegen_ternary","tests/method_flags/codegen/MethodFlagsFlagged.cpp","x64 configuration-probe builds; SSE4.2","compiler-attribute enforcement","tests/method_flags/codegen/MethodFlagsLegacy.cpp equivalent legacy attribute declaration","method-flags","MethodFlagsCodegen","retain","The SIMD_FLAGS declaration for ternary must preserve the legacy ABI/code shape and its stack contract."
"simdlib_method_flags_codegen_unary","tests/method_flags/codegen/MethodFlagsFlagged.cpp","x64 configuration-probe builds; SSE4.2","compiler-attribute enforcement","tests/method_flags/codegen/MethodFlagsLegacy.cpp equivalent legacy attribute declaration","method-flags","MethodFlagsCodegen","retain","The SIMD_FLAGS declaration for unary must preserve the legacy ABI/code shape and its stack contract."
"simdlib_method_flags_flatten_leaf","tests/method_flags/codegen/MethodFlagsFlagged.cpp","x64 configuration-probe builds; SSE4.2","compiler-attribute enforcement","paired legacy Flatten helper declaration","method-flags helper-call inspection","MethodFlagsCodegen","retain","The helper must disappear from the flatten caller; the validation rejects any remaining call."
"simdlib_method_flags_force_leaf","tests/method_flags/codegen/MethodFlagsFlagged.cpp","x64 configuration-probe builds; SSE4.2","compiler-attribute enforcement","paired legacy ForceInline helper declaration","method-flags helper-call inspection","MethodFlagsCodegen","retain","The helper must disappear from the forceinline caller; the validation rejects any remaining call."
